:020000040800F2
:10280000004000204DA7010865390008673900081D
:1028100000000000000000000000000000000000B8
:1028200000000000000000000000000069390008FE
:1028300000000000000000006B39000869C70008B4
:102840009DA701089DA701089DA701089DA7010854
:102850009DA701089DA701089DA701089DA7010844
:102860009DA701089DA701089DA701081551000813
:102870009DA701089DA701089DA701089DA7010824
:102880009DA701089DA701089DA701089DA7010814
:102890009DA701089DA701089DA701089DA7010804
:1028A0009DA701089DA701089DA701089DA70108F4
:1028B0009DA701089DA7010800000000998B010851
:1028C00002780B78002A03D0013001319A42F7D008
:1028D000D01A70470023C25C0133002AFBD1581E76
:1028E0007047000002B47146490849000956490082
:1028F0008E4402BC7047C04602B471464908490084
:10290000095C49008E4402BC7047C04603B471465E
:10291000490840004900095E49008E4403BC7047E5
:1029200003B47146490840004900095A49008E44E1
:1029300003BC7047002243088B4274D303098B42C7
:102940005FD3030A8B4244D3030B8B4228D3030C7F
:102950008B420DD3FF22090212BA030C8B4202D321
:102960001212090265D0030B8B4219D300E0090A49
:10297000C30B8B4201D3CB03C01A5241830B8B4252
:1029800001D38B03C01A5241430B8B4201D34B033B
:10299000C01A5241030B8B4201D30B03C01A5241A0
:1029A000C30A8B4201D3CB02C01A5241830A8B4225
:1029B00001D38B02C01A5241430A8B4201D34B020E
:1029C000C01A5241030A8B4201D30B02C01A524172
:1029D000CDD2C3098B4201D3CB01C01A5241830926
:1029E0008B4201D38B01C01A524143098B4201D360
:1029F0004B01C01A524103098B4201D30B01C01A8B
:102A00005241C3088B4201D3CB00C01A5241830804
:102A10008B4201D38B00C01A524143088B4201D331
:102A20004B00C01A5241411A00D201465241104691
:102A30007047FFE701B5002000F0F0F802BDC04686
:102A40000029F7D076E7704703460B437FD4002276
:102A500043088B4274D303098B425FD3030A8B4232
:102A600044D3030B8B4228D3030C8B420DD3FF229C
:102A7000090212BA030C8B4202D31212090265D06A
:102A8000030B8B4219D300E0090AC30B8B4201D31D
:102A9000CB03C01A5241830B8B4201D38B03C01A64
:102AA0005241430B8B4201D34B03C01A5241030BDB
:102AB0008B4201D30B03C01A5241C30A8B4201D38C
:102AC000CB02C01A5241830A8B4201D38B02C01A37
:102AD0005241430A8B4201D34B02C01A5241030AAE
:102AE0008B4201D30B02C01A5241CDD2C3098B4293
:102AF00001D3CB01C01A524183098B4201D38B0110
:102B0000C01A524143098B4201D34B01C01A5241B2
:102B100003098B4201D30B01C01A5241C3088B42F7
:102B200001D3CB00C01A524183088B4201D38B00E2
:102B3000C01A524143088B4201D34B00C01A524184
:102B4000411A00D201465241104670475DE0CA0F5B
:102B500000D04942031000D34042534000229C461B
:102B600003098B422DD3030A8B4212D3FC22890125
:102B700012BA030A8B420CD3890192118B4208D3FB
:102B8000890192118B4204D389013AD0921100E05D
:102B90008909C3098B4201D3CB01C01A5241830971
:102BA0008B4201D38B01C01A524143098B4201D39E
:102BB0004B01C01A524103098B4201D30B01C01AC9
:102BC0005241C3088B4201D3CB00C01A5241830843
:102BD0008B4201D38B00C01A5241D9D243088B4299
:102BE00001D34B00C01A5241411A00D2014663463C
:102BF00052415B10104601D34042002B00D54942A0
:102C0000704763465B1000D3404201B5002000F0DE
:102C100005F802BD0029F8D016E770477047C04696
:102C20001C2101231B04984201D3000C10391B0AFC
:102C3000984201D3000A08391B09984201D30009C0
:102C4000043902A2105C40187047C0460403020217
:102C50000101010100000000000000000448054BD4
:102C600010B5834203D0044B002B00D0984710BD11
:102C7000EC000020EC00002000000000064807499E
:102C8000091A8B10C90FC91810B5491003D0044B8D
:102C9000002B00D0984710BDEC000020EC00002075
:102CA0000000000010B5074C2378002B09D1FFF776
:102CB000D5FF054B002B02D0044800E000BF0123E4
:102CC000237010BD6002002000000000D8B401088D
:102CD000054B10B5002B03D00449054800E000BFA8
:102CE000FFF7CCFF10BDC0460000000064020020CA
:102CF000D8B40108054B82B0DA6B0243DA63DB6BB0
:102D000018400190019B02B07047C046001002407D
:102D1000054B82B01A6C02431A641B6C1840019078
:102D2000019B02B07047C04600100240802130B5C0
:102D300080240822454B49009962A40045B2002D29
:102D400000DA81E09C62C046C046C046C046C0462C
:102D5000C046C046C046C046C046C046C046C04643
:102D6000C046C046C046C046C046C046C046C04633
:102D7000C046C046C046C046C046C046C046C04623
:102D8000C046C046C046C046C046C046C046C04613
:102D9000C046C046C0469961C046C046C046C0460F
:102DA000C046C046C046C046C046C046C046C046F3
:102DB000C046C046C046C046C046C046C046C046E3
:102DC000C046C046C046C046C046C046C046C046D3
:102DD000C046C046C046C046C046C046C046C046C3
:102DE000C046C046C046C0464000C0B29962C04618
:102DF000C046C046C046C046C046C046C046C046A3
:102E0000C046C046C046C046C046C046C046C04692
:102E1000C046C046C046C046C046C046C046C04682
:102E2000C046C046C046C046C046C046C046C04672
:102E3000C046C046C046C046C046C046C046013A2D
:102E4000002A00D07AE730BD9C617CE70004005086
:102E5000054B82B05A6B02435A635B6B184001907A
:102E6000019B02B07047C046001002400222064B90
:102E700099681142FCD00122187399681142FCD064
:102E8000D868C0B27047C0460038004010B5040092
:102E9000000CC0B2FFF7EAFF200AC0B2FFF7E6FF5E
:102EA000E0B2FFF7E3FF10BD0B4B5A7E002A02D0C1
:102EB0009B7E002B0ED10322084B01211A700022A9
:102EC000074B1A70074B1970074B1B788B4201D0C8
:102ED000064B1A707047C046801F00205108002022
:102EE000531F002050080020371F002053000020EF
:102EF000084B1A68293213780133DBB2072B00D94B
:102F0000012313700122044B1A80044A044B1278E7
:102F10001A707047541F00204E080020371F0020F1
:102F2000530000200122064B1A80064B1A683432E7
:102F300013780133DBB2032B00D1002313707047E9
:102F40004E080020541F0020012305498A7F5A4063
:102F50008A77044A1370044A1370044A1370704746
:102F6000801F00202F08002032080020651F00204D
:102F70000A4810B502780A4B002A0CD00633D97FD4
:102F80004C426141D97701235A400270054A1370BF
:102F9000054A137010BD0533F1E7C0462E08002026
:102FA000801F002032080020651F00200E490F4AB4
:102FB0000B7870B5501D0E4D0E4C002B0CD02D789B
:102FC000C57720780632D077012253400B700A4B28
:102FD0001A700A4B1A7070BDC67F2E70951DED7F5A
:102FE000C37725701800EDE72D080020801F002012
:102FF0002C0800202B08002032080020651F00202C
:10300000012304490A785A400A70034A1370034A9C
:1030100013707047F31E002032080020651F002047
:103020000123044A11784B4013700222024B1A709C
:103030007047C04624080020230800200123044ACA
:1030400011784B4013700222024B1A707047C04631
:103050002208002023080020044B05481A8850430A
:10306000044A801880B21880000A704728000020A7
:103070000508000019360000F0B5130007270322E9
:103080003B405A431B4B85B0D31801930123039156
:103090009C46002102900020019B5B5C0093009BFA
:1030A0006246C340134213D0039B1C18A3B23F2BAC
:1030B0000ED86546029B5A18E3B23C40A540D2B2F6
:1030C000ECB2072B0CD80C4BD5189B5C1C432C7016
:1030D00001300528E3D101310329DCD105B0F0BD71
:1030E000DB08013BDB01054E9D18AD19F618B35CFA
:1030F000ECE7C046D8C2010859080020E51A0020B4
:10310000054B1A78002A06D000221A70034B0132B0
:103110001A70034B1A707047E0070020601F0020F0
:10312000651F002030B50E4B1B689A8B0D4B18683D
:103130000D4B19680D4B1C6C844207D15C6C8C42A2
:1031400004D11C0048342488944207D01C00002578
:103150004A3418645964483325801A8030BDC0460B
:10316000701E002044080020C8040020CC04002069
:103170000E4B10B51B68191E13D00D4A1268918BA7
:1031800000290ED083420ED80A4A126882420AD31E
:10319000C01AFFF7CFFB084B0021984201D801303D
:1031A00081B2080010BD0021FBE7C04644080020A2
:1031B000701E0020C8040020FEFF000010B5094C5E
:1031C0002278531CDBB2172B00D90023064952008A
:1031D0005052064A23701378172B01D8013313700D
:1031E00010BDC046950400209604002094040020E1
:1031F0000122054B52421A800023044A1360044AFC
:103200001370044A137070470400002090040020DB
:103210008D0400208C04002070B51E4A0300126843
:103220000232D47F221C082C00D208221A491B48E3
:103230000D88083A92B2854206D100200B80844264
:1032400001D0A342404170BD15482E1C854201D9D2
:103250001448068814481036B6B21C1C834201D9A3
:10326000124804880834A4B29E4202D80120934236
:10327000E9D2A64202D801209442E4D29D4202D96A
:1032800000200B80DFE707226A430432D318DB08F3
:10329000F6E7C046701E002004000020FFFF00007B
:1032A000EFFF00001CB60108F7FF00001EB6010882
:1032B000002806D0044A13780133DBB2032B01D86F
:1032C000137070470023FBE789040020F8B5104C09
:1032D0002368002B02D000232360F8BD0D4B0E4F56
:1032E0001B681B691D680D4B2560597B4A42514183
:1032F00048224A439B1888331E683E60FFF778FFD8
:10330000B54201D926603D60FFF70CFFE5E7C046F6
:1033100044080020541F0020C8040020801F002003
:10332000074B1B78012B0AD0064B1B78012B06D0CC
:10333000012205494B7E53404B76044B1A7070476F
:10334000371F00205E1F0020801F00202F08002054
:103350000021012210B5124B1960124B587B4240DC
:1033600011485A7304788C4202D001700F480170E2
:10337000991DC87F002801D0501CC8770533D97F1C
:10338000002901D00132DA770123094A1370094A72
:103390001370094A13700022084B1A7010BDC04602
:1033A00044080020801F0020531F0020501F0020D1
:1033B0002F080020320800204E000020530000207B
:1033C000092802D83030C0B2704703000A3BFF2002
:1033D000052BF9D8014AD05CF6E7C046A2C0010827
:1033E00010B50E4A0E48137B59424B410021DBB207
:1033F00013738B4200D04831883152180260094A59
:103400001378002B03D101331370074A1370002087
:103410000EF06EFA0A22054B1A8010BD801F0020A4
:10342000701E002043080020651F0020DC070020DC
:10343000194B10B51B78002B11D0FFF761FE174A0E
:10344000174B12781B7852B2002A1BD1154AD27F33
:10345000002A05D1032B02D003200EF0EBF810BD9B
:10346000114A1278002AF5D16420104908801049C9
:103470000A7010490A7001210F4A117001210A4A8D
:103480001170E7E7084A11780029E3D114200B4AAC
:1034900010800B4AF1E7C046DE070020181F00200D
:1034A0005E1F0020851F0020EE1E0020DC0700208C
:1034B0004E00002043080020651F00204A0800201D
:1034C0004F000020034B10B51B78002B01D1FFF7F4
:1034D000AFFF10BDE91E0020302210B500210448C6
:1034E00017F088F90022034B1A70034B1A7010BDB5
:1034F00096040020950400209404002010B5084B89
:103500001B78012B01D9042B05D1062008F018FAED
:10351000062008F015FA0022024B1A7010BDC046B2
:10352000C01F002034000020A023402210B5DB057E
:103530009A6215F009FD10BD10B5032804D00728C4
:1035400009D0074B185C03E0064B1878A6231843F4
:10355000FFF7EAFF10BD044B18781530C0B2F7E74B
:1035600054C30108580800202A00002070B50C4BF5
:103570001B6834331C78012C0AD10321094D2878AB
:103580000130FFF747FB2970200009F01BF870BDE0
:10359000002CF9D1044D052128780130F1E7C0460F
:1035A000701E00202A0800202908002070B508F0AD
:1035B000D3FB114B041E00D1104B19680D002D35A3
:1035C0002A78343153425341D8B228700B78012BFA
:1035D00007D153425A4103205242104015F0F4FCE7
:1035E00070BD002CFAD000208242F7D1044B18782D
:1035F0000130C0B2F2E7C046701E0020541F002008
:103600002808002070B5868B0068714308183100C7
:103610001C00150008F09CFAA04206D8A84203D26C
:103620003100A01B08F094FA70BD2800FCE70000F0
:10363000F0B5212585B0FFF775FD164B1E68164BBA
:103640001B785BB20193154B1B680293144B1B68EC
:103650000393144B1F783000039B029A0199FFF7E4
:10366000D1FF013DEDB204003060002D07D0FFF71F
:103670007FFD002803D000230B4ABB4202D120006B
:1036800005B0F0BD0232911E09888142E3D00133BA
:10369000DBB2F2E7701E0020181F00204408002053
:1036A000C804002016050020CC04002010B50EF040
:1036B00029FE0122044B1A70044B1B78002B01D009
:1036C000034B1A7010BDC046C20700204C080020F2
:1036D0003208002070B50B4D00202B78002B0DD147
:1036E000094B1C78002C06D00A226243074B1A7043
:1036F00000232B7070BDFFF7D9FF20000DF09AFF5B
:10370000F6E7C046C2070020C61F0020C107002000
:103710000F4B70B51B78002B17D00E4D2B78002B5C
:1037200015D0002913D001230B4C0A000100812081
:10373000237015F02DF8094B2278002A07D0013BA1
:10374000002BF9D123702B7001E012F085F970BDC8
:10375000C0070020BF070020BE070020A086010090
:10376000264B70B51A688023D28BDB009A422ED28A
:1037700000230A2518002249224E0A78DCB294421E
:1037800009D300280DD1042A21D1002301220B7076
:103790001D4B1A7007E06843F45C0133001980B2D6
:1037A000ECE7042AF1D000220138184D84B2110050
:1037B00020006E7B08F058FC002809D1124B1B78C2
:1037C000012B02D80222124B1A7009F0A1FF70BD22
:1037D000002302210E4A1370321D520054530D4A29
:1037E000760011700C4A745313700C4A1370687B86
:1037F00009F08EFD09F08CFFE7E7C046541F00205A
:10380000531F0020D0030020581F0020801F0020DD
:10381000511F002023080020220800202408002037
:10382000F8B5264B264C1A78002A03D0A11DCA777A
:1038300000221A700022234B1A70FFF74DFE224B14
:103840001F68224B3E001B78002B01D0204B1E68C6
:103850008022204BD2001B8893421CD2207BB2B224
:10386000031D5B00E25202214300E25209F050FDC9
:10387000B74204D009F04CFF0122174B1A70002305
:10388000383423700AF0BCF901200EF031F801221F
:10389000124B1A70F8BD124B1D6828002E6008F0FC
:1038A00065FD280008F04EFCB742E8D001232A004D
:1038B000217BE88B0AF036F9E1E7C0468804002056
:1038C000801F0020181F002084040020C307002050
:1038D000C807002048080020651F0020601F002046
:1038E000701E002010B5174B174CDB7F002B19D032
:1038F000164A1378002B03D000231370144A137058
:10390000144A637B11688022C98BD20091420AD28B
:103910005B00E2189288E25201220F4B1A700F4BA3
:1039200092181A7010BD04335B00E05A0023012185
:103930001A0008F0D3FB0A4B9842F3D0637B5B007C
:10394000E052E9E7841F0020801F0020531F002061
:10395000501F0020541F0020B4070020230800201F
:10396000FFFF00007047FEE770477047014B024AB7
:103970009A60704700ED00E0002800080E4B1A78AE
:1039800082420DD018700D4B0D4A1B5C0D491380FF
:103990000D4A12889B1A9AB21BB2002B01D10B70F0
:1039A00070471811002B03DD53421B115B4218B204
:1039B000064B18800123F2E7E918002073C30108C1
:1039C000E0180020E6180020E4180020E21800208B
:1039D000922210B5054B5200985CFFF7CFFF0022F2
:1039E000034B1A80034B1A7010BDC046801F002085
:1039F000341F0020E7180020F8B5802380267E4F72
:103A00007E4C9B007600BB610500A662C046C046A6
:103A1000C046C046C046C046C046C046C046C04676
:103A2000C046C046C046C046C046C046C046C04666
:103A3000C046C046C046C046C046C046C046C04656
:103A4000C046C046C046C046C046C046C046C04646
:103A5000C046C046C046C046C046C0468020BB6285
:103A60002843FFF763F92368654A13402360C04683
:103A7000C046C046C046C046C046C046C046C04616
:103A8000C046C046C046C046C046C046C046C04606
:103A9000C046C046C046C046C046C046C046C046F6
:103AA000C046C046C046C046C046C046C046C046E6
:103AB000C046C046C046C046C046C046C0461023A9
:103AC0000020400080B2844601212069A661400A9E
:103AD000084061460843C046C046C046C046C0468E
:103AE000C046C046C046C046C046C046C046C046A6
:103AF000C046C046C046C046C046C046C046C04696
:103B0000C046C046C046C046C046C046C046C04685
:103B1000C046C046C046C046C046C046C046C04675
:103B2000C046C046C046A662C046C046C046C04663
:103B3000C046C046C046C046C046C046C046C04655
:103B4000C046C046C046C046C046C046C046C04645
:103B5000C046C046C046C046C046C046C046C04635
:103B6000C046C046C046C046C046C046C046C04625
:103B7000C046C046C046C046013B002B00D0A0E76F
:103B800023681A408023DB021343236080239B00B9
:103B9000BB61C046C046C046C046C046C046C046DF
:103BA000C046C046C046C046C046C046C046C046E5
:103BB000C046C046C046C046C046C046C046C046D5
:103BC000C046C046C046C046C046C046C046C046C5
:103BD000C046C046C046C046C046C046C046C046B5
:103BE000C046A661A361074B302D02D0472D01D1FD
:103BF000054B1880F8BDC04600140050000400506A
:103C0000FFFFF3FF320000203000002070B50600F7
:103C100069200D00FFF7F0FE040003040BD46A20B6
:103C2000FFF7EAFE0C4B24030005000D1C40044383
:103C30000220346070BD6820FFF7DEFE0300002024
:103C40001A04F7D40548DB04DB0C58430449FEF79B
:103C5000FBFE28800120EDE700F0FF00EB120000E2
:103C600010270000F7B5694B694A00931B78019251
:103C7000002B26D113785BB2002B0AD0654B664A25
:103C80001B889B18062B04D8644B1B78002B18D07C
:103C9000F7BD634B1D786B1E022B27D86149624B21
:103CA0000A78002A03D0614A1278002A06D01A78CE
:103CB000002A1BD05E4A1278002A17D100220A700F
:103CC0001A7001200DF014FE01225A4B1A70019B4C
:103CD0001B785BB2002BDBD0574B1A78502AD7D811
:103CE000002A00D089E0FFF79BFDD1E74B4B012470
:103CF0001B78524F002B0AD03B78DAB2002B05D14B
:103D0000A5421AD00ED9AB1EA34229D900243B7874
:103D10004B4E002B69D1002C67D13378002B41D159
:103D20003470B5E7474BDB7D002BEFD0464B19785D
:103D30000029EBD002241A70E9E7444B1978394B7B
:103D4000002906D01A70404B1A78002ADED00022D3
:103D5000F0E71A78002AF6D11D706432334BF1E790
:103D60003B4B1978304B002914D03A490978012986
:103D700010D11A70344E3378002BC7D00C20FFF7C7
:103D80003BFE0405A40F013C63425C410023640038
:103D90003370BCE71A78002AECD101321A70244B38
:103DA0006332E6E72C4BDB7F002BB9D0023D012DBF
:103DB000B6D80C20FFF720FE0005800F0128AFD1F8
:103DC000254BDB7F002B00D162E7A0238022DB059F
:103DD00052009A62214BEC3A1A800023009A137029
:103DE00001223A701E4A137052E700233370012CEF
:103DF00000D166E7022CE3D04AE719235343194A5E
:103E000013800022184B1A7042E7C046D5070020E5
:103E1000181F00204808002000FCFFFFDE070020DC
:103E2000DB070020D9070020D6070020D407002098
:103E3000D3070020601F0020A81F0020D207002009
:103E4000D0070020801F0020D1070020DA070020C3
:103E5000D8070020D7070020831F0020CE070020AE
:103E6000781E00204A0800204F000020F8B50C0002
:103E7000374B302802D0472805D1364B1A88A2424A
:103E800000D142E11C8080238026334F334D9B00BC
:103E90007600BB61AE62C046C046C046C046C04662
:103EA000C046C046C046C046C046C046C046C046E2
:103EB000C046C046C046C046C046C046C046C046D2
:103EC000C046C046C046C046C046C046C046C046C2
:103ED000C046C046C046C046C046C046C046C046B2
:103EE000C046C046C046BB62FEF720FFC046C04683
:103EF000C046C046C046C046C046C046C046C04692
:103F0000C046C046C046C046C046C046C046C04681
:103F1000C046C046C046C046C046C046C046C04671
:103F2000C046C046C046C046C046C046C046C04661
:103F3000C046C046C046C046C046C0461023AE621A
:103F400022B2002A00DAE1E080229200AA6207E0B1
:103F50003200002030000020001400500004005007
:103F6000C046C046C046C046C046C046C046C04621
:103F7000C046C046C046C046C046C046C046C04611
:103F8000C046C046C046C046C046C046C046C04601
:103F9000C046C046C046C046C046C046C046C046F1
:103FA000C046C046C046C046C046C046C046C046E1
:103FB0006400AE61A4B2C046C046C046C046C0461A
:103FC000C046C046C046C046C046C046C046C046C1
:103FD000C046C046C046C046C046C046C046C046B1
:103FE000C046C046C046C046C046C046C046C046A1
:103FF000C046C046C046C046C046C046C046C04691
:10400000C046C046C046AE62C046C046C046C04676
:10401000C046C046C046C046C046C046C046C04670
:10402000C046C046C046C046C046C046C046C04660
:10403000C046C046C046C046C046C046C046C04650
:10404000C046C046C046C046C046C046C046C04640
:10405000C046C046C046C046013B002B00D06FE7BB
:10406000C046C046C046C046C046C046C046C04620
:10407000C046C046C046C046C046C046C046C04610
:10408000C046C046C046C046C046C046C046C04600
:10409000C046C046C046C046C046C046C046C046F0
:1040A000C046C046C046C046C046C046C046C046E0
:1040B00080239B00BB61C046C046C046C046C04688
:1040C000C046C046C046C046C046C046C046C046C0
:1040D000C046C046C046C046C046C046C046C046B0
:1040E000C046C046C046C046C046C046C046C046A0
:1040F000C046C046C046C046C046C046C046C04690
:10410000C046C046C046AE61AB61F8BD8022920099
:10411000AA6125E770B590B00400402268461849AE
:1041200016F097FC392C08D82F2C25D8232C25D015
:104130000EAD2A2C09D010B070BD2300413B373C96
:10414000032BF8D8A4006C44250028880D4C0E4E93
:1041500060430E498019FEF7EDFB81B27120FFF735
:1041600085FE6B8809495C43A019FEF7E3FB81B229
:104170007220FFF77BFEDEE7303CE3E70FADE4E7BC
:10418000F0B401084C9301008813000010270000D0
:1041900010B5094C2388002908D04022C24013439F
:1041A00099B233202180FFF761FE10BD41214942C1
:1041B00001411940F5E7C046C81A002010B50400B7
:1041C00051200A49FFF752FE07200949FFF74EFE2A
:1041D00021050820090DFFF749FE802321021B025B
:1041E000090D08201943FFF741FE10BD33A0000060
:1041F000D70A00000C4B10B5C1184B1E99410400A2
:1042000049420A4B890A8902C9185120FFF72EFE3C
:104210000748084B60430849C018FEF78BFB81B282
:104220000720FFF723FE10BDBFF5FFFF40940000FD
:104230009826030050C30000A086010070B504005A
:1042400031200D00FFF7D8FBA02361051B02490DAB
:10425000194306004620FFF709FEC0216D056D0DCC
:10426000490129437920FFF701FE7A200449FFF72D
:10427000FDFD04213143312089B2FFF7F7FD70BD08
:104280009A28000010B5040081B23820FFF7EEFD37
:104290003920210CFFF7EAFD10BD000010B50349DD
:1042A000000201434720FFF7E1FD10BD426000001E
:1042B00010B537200549FFF7D9FD00213020FFF761
:1042C000D5FD30200249FFF7D1FD10BD1F9F000032
:1042D000F1BF000010B53120FFF78EFB0223984399
:1042E00081B23120FFF7C2FD00212B20FFF7BEFD78
:1042F00010BD000070B505003120FFF77DFB040004
:10430000002D06D108239C43A1B23120FFF7AEFD5A
:1043100070BDAB1E5A1E9341AD21DB0389011943C9
:104320002920FFF7A3FD0120A84280410549404212
:10433000800301432820FFF799FD0821214389B21A
:10434000E3E7C046382B000010B53120FFF754FBDF
:104350000423984381B23120FFF788FD10BD10B5CA
:1043600000212420FFF782FD10BD0000DB2110B5E5
:104370002120C900FFF77AFD24200249FFF776FDCE
:1043800010BDC0467FC1000010B550200149FFF7A5
:104390006DFD10BD18BB000010B550200149FFF79E
:1043A00065FD10BD183B000010B500213020FFF75F
:1043B0005DFDE82137204901FFF758FD10BD0000E1
:1043C00010B500217020FFF751FD0020FFF766FFB8
:1043D000FFF7E2FF00213020FFF748FD30200249BF
:1043E000FFF744FD10BDC046F1BF000010B5C3216A
:1043F0007020FFF73BFD72200A49FFF737FDC1210E
:104400005820FFF733FD5C200749FFF72FFD8E2171
:104410005D20C901FFF72AFD5E200449FFF726FD54
:1044200010BDC04665300000655600000432000033
:1044300010B500213020FFF719FD10BD054B10B558
:104440001B78002B05D001210020FFF7A1FEFFF70C
:104450002FFF10BDE91E002010B50400FFF794FFE8
:104460000020FFF71BFF00217020FFF7FFFCFFF784
:1044700076FF30200349FFF7F9FC002C01D1FFF74C
:104480008BFF10BDFEC1000010B530200149FFF7C1
:10449000EDFC10BDFAC3000010B50400FFF766FF85
:1044A000FFF772FF0020844200D00330FFF7F6FED2
:1044B00070200349FFF7DAFCFFF7E6FF10BDC046A6
:1044C000C3C3000010B56720FFF796FAC005C00D02
:1044D00010BD000010B5064B064A1B7811781B0171
:1044E0001943B0231B0248201943FFF7BFFC10BD3E
:1044F000022000200420002010B501240E4B0520CE
:104500001A7854401C70614261410F23494219409E
:10451000A1231B01C91811F0B0FB0022074B9442E4
:1045200002D11A008332127882331A70FFF7D2FF59
:104530000122034B1A7010BD25080020801F0020A7
:10454000651F002010B5FFF79DFEC0215120890096
:10455000FFF78CFCFFF7ACFE10BD10B50021042066
:10456000FFF716FE00210320FFF712FE10BD00002A
:104570000B4B10B5984208D801210420FFF708FE24
:1045800000210320FFF704FE03E0013002D1FFF712
:10459000E4FF10BD00210420FFF7FAFD0121F0E740
:1045A000FF3EAB0170B51D4B1B78013B012B27D99A
:1045B00000241B4B1B4A1C7013781B4DA34220D0B8
:1045C0001A4B14701C701A4B80221C80A0230126E9
:1045D0005200DB059A62174B1C7011F067FB164BFB
:1045E0001B681868FFF7C4FF144B1E70144B1C7037
:1045F00009F006FB5022134B2C701E70124B1A80D0
:1046000070BD124A137007F0BFFE01200DF070F963
:1046100011F038FE03232B70F2E7C0465E1F002026
:10462000531F0020521F002053000020171F00209E
:1046300030080020781E0020701E0020651F00201A
:10464000B81F002032080020E61E00204C08002081
:1046500070B50F4D04002A68002A08D00023180006
:104660000C49A142584191425B41984202D020003E
:10467000FFF77EFF20002C60FFF704FE00213020B2
:10468000FFF7F4FB044B30201988FFF7EFFB70BDF8
:1046900090040020FF3EAB018A040020A023F7B560
:1046A000160008220500DB059A6203200C00FEF7C5
:1046B000DDFB2800FEF7EAFBC0232E4DDB00AA68D5
:1046C0001100194001911A420AD10F2E0AD8A619D9
:1046D000B44249D0FF20FEF7C9FB20700134F7E750
:1046E000EA68ECE740222B68042093432B6014F027
:1046F00033F8052014F030F8802284211E4B52013B
:104700005A601E4F0420490114F008F805201C4986
:1047100014F004F8FC601B4C31000420BC6014F061
:104720000DF8194A194B3100D3609460022405201A
:1047300014F004F8019B164E042033703B682343A9
:104740003B6014F017F8052014F014F801236A6890
:10475000134340226B602B6813432B606B681C4330
:104760006C603378002BFCD0A0230822DB059A6113
:10477000F7BDC0460038004000000240440002403F
:10478000101000000C38004058000240DC180020D7
:10479000DA1800200120024B1B699B0A98437047DE
:1047A0000004005000B503000078002208280ED84D
:1047B000FEF7A2F8050F151D3522272F2F00012225
:1047C000552904D0AA2901D0002000BD05221A7065
:1047D000FAE7AA394A42514149001970F4E7032225
:1047E0000029F4D005394A4251418A00EFE7484296
:1047F00041411A70C8B2E8E700225529E7D10632D4
:10480000E5E7032901D10722E1E70429DFD10822E6
:10481000DDE7122903D8102901D0024801700120D8
:104820001A70D2E72B0000200022034B1A70034BB2
:1048300001321A707047C046D9080020651F002059
:10484000F7B5A026402750390430F605C5B20193CC
:10485000C8B2B762140014F077FB10202B0918437C
:1048600014F072FB0F20284014F06EFB019BB7611F
:10487000E5182078013414F067FBAC42F9D1F7BD9C
:10488000F8B50423124E0400B3624020FEF74CFE3C
:10489000104A002C07D0104B01251F00072C0AD806
:1048A000621ED201D218802321000020FFF7C8FF2A
:1048B0000423B361F8BD290001353A0080230020AC
:1048C000EDB2FFF7BDFF8037082DF4D1F0E7C04609
:1048D0000004005059080020E51A002010B50820F7
:1048E000FFF7CEFF10BD10B50130C0B2FFF7C8FF13
:1048F000012012F057FD10BD10B50020FFF7C0FFDA
:1049000010BD0000F7B5041E294E2A4F2BD00024FD
:10491000FEF7A2FB7021FEF793F8A5192970FEF7A8
:104920009BFB0321FEF78CF83D19013101342970FE
:10493000202CEDD109F032FC002509F06BFB00249E
:10494000EFB2BB00DBB20193725DE100611A511856
:10495000D219121909B2D2B2002C16D10198FEF761
:104960008BFB0134F0E735002B783A5D9B18DBB206
:104970002B70702B04D9FEF76FFB0F2318402870A3
:1049800001340135202CEFD1D4E7032C02D90123C7
:104990001A4202D00198FEF76FFB0134082CD3D1E4
:1049A0000135202DCBD1FFF7A7FFFFF797FFF7BD0C
:1049B00002080020E207002070B5254B1C78002C6F
:1049C0003ED0244BDB7F013B3B2B39D8224D2B784B
:1049D000002B35D1214B1B78002B31D1204B1B787C
:1049E000012B2DD007F0B8F9002829D11D4B1B78D9
:1049F000002B25D11C4B1B78002B03D01B4B1B78A5
:104A0000002B1DD01A4B1B78002B19D1194B1B788A
:104A1000002B01D0032B13D1631E012B11D810F0F2
:104A2000A3FDFFF769FFFFF759FF012300202B705B
:104A3000114B1870114B1870114B187012F0B2FC1A
:104A400070BD032CF1D10120FFF75CFFEDE7C046FC
:104A5000E1070020881F0020E00700202E1F002013
:104A60005E1F0020141F0020171F0020DB1E0020E7
:104A70002B1F0020371F0020DF070020601F0020B1
:104A8000651F0020042370B5074DE220AB62FEF7DE
:104A90004BFD002420000134E4B2FEF74DFD082C4C
:104AA000F8D10423AB6170BD00040050042370B53D
:104AB0000024064DAB6220000134E4B2FEF73CFD59
:104AC0000B2CF8D10423AB6170BDC046000400502C
:104AD0000B4B70B51B680B4C584300236568A268EC
:104AE000834200D370BDA1688A4203D99B185B1A28
:104AF0000A00F5E78A42FBD26E1AF318D318F7E7DB
:104B0000EC18002010E000E0324870B50378002B6C
:104B100020D0314B314A0021595E13885B181BB2FB
:104B20001380002917DD2E490024095F994219DD01
:104B30001478002C1CD12B4A013413680720A3439E
:104B4000136013F009FE2000FFF7C2FF8022264BFE
:104B500052009A6270BD0029EAD021490024095F01
:104B60009942E5DB1E4B1B88138000230370DFE7AF
:104B70006401FF212000FDF7DDFEFF2300225B0121
:104B80009C421AD01100194E194D0B0082424B4124
:104B90005B42334001339400FF3301322B51202A12
:104BA000F3D101240F4D2B682342D3D1072013F0FA
:104BB000E1FD2B681C432C60CCE70121094A07204A
:104BC00013688B43136013F0C7FD8022064B52001D
:104BD0009A61BFE7E6180020E2180020E4180020E0
:104BE000E0180020001400400014005000FFFF00F7
:104BF000F0180020782170B51B4A1C4B12781C4C11
:104C00004A431A801B4A1C4B12781A701B4B1D78A2
:104C10001B4BDB7F002B06D1FEF7DAFE002D01D007
:104C2000FEF76CFC70BD0122164B1A702623FF3371
:104C3000E05CFEF7A3FE002D05D0134B1B78002B84
:104C40000CD1FEF75BFC0834E17F00230F4A3D29BD
:104C500002D00A234B4301331380E3E7FFF754FFED
:104C60000B48FFF735FFE8E752000020301F002017
:104C7000801F0020E9180020E818002034000020E0
:104C8000881F0020E7180020E6180020341F0020AD
:104C900010270000064910B50B78002B03D0054AF9
:104CA000054B1278DA7700230B70FFF7A3FF10BDD6
:104CB0002708002026080020881F002080220A4B99
:104CC000520243439B1810B571200C00590CFFF79A
:104CD000CDF8FFF761FBFA2080006043FFF7F8FE94
:104CE000FFF752FB10BDC0461DA61400F8B51C000E
:104CF00005000E001700FFF747FB201E05D0A0237C
:104D000080220320DB0552009A61FFF7C7FA12499F
:104D10003F02394389B27020FFF7A8F8FFF7B4FBD0
:104D20000E48FFF7D5FE31002800FFF7C7FF002C23
:104D300007D0A0238022DB05520000209A62FFF7F3
:104D4000ADFA00217020FFF791F830200449FFF7F9
:104D50008DF8FFF721FBF8BD0080FFFF50C3000076
:104D6000FEC1000010B500213F20FFF77FF8682149
:104D70005920FFF77BF80348FFF7AAFEFFF758FB1F
:104D800010BDC0463075000010B5FFF7EBFF0021E5
:104D90000220FFF76BF800213F20FFF767F8FFF7CD
:104DA00087FAC0213F208901FFF760F859200449A4
:104DB000FFF75CF859200349FFF758F810BDC046CB
:104DC000684000006830000070B50D000400FFF777
:104DD000DBFAC22170200902FFF748F880230B4953
:104DE0005B026943C9187120490CFFF73FF80020A6
:104DF000844200D00330FFF751FAFFF745FB044827
:104E0000FFF766FEFFF7C8FA70BDC0461DA6140086
:104E100050C30000F0B5FA260500002485B00393C6
:104E20000AAB1F880BAB1B88B6007343019102923B
:104E30000093285D002801D105B0F0BDFFF76AF9A5
:104E4000FFF7AAFA019B002B02D00298002C06D093
:104E50002B5D03982A2B02D0232B00D038007043FF
:104E6000FFF736FEFFF790FA0098FFF731FE0134A6
:104E7000DFE7000070B5A0250826094CED050520E8
:104E8000AE62FDF7F3FFFF20FDF7F0FFAE61C00754
:104E900005D50A20013CFFF71BFE002CEFD170BDA9
:104EA00040420F0070B5A02408250600E405A56265
:104EB0000620FDF7DBFFA561FFF7DCFFA5622020E0
:104EC000FDF7D4FF3000FDF7E1FFA561FFF7D2FF4A
:104ED00070BD000010B50400FFF7E4FF054B1B6830
:104EE000A34205D18022FF210348520115F082FC24
:104EF00010BDC0462C000020DA080020F0B587B0B5
:104F00006B46049003921A7C8023A0255B000291DB
:104F10009B1AED05039A01929A4200D90193082346
:104F20001C00AB620620FDF7A1FFAC610220AC6261
:104F3000FDF79CFF0498FDF7A9FF029C019AA618B3
:104F40000F2A5BD94022314C04202368304E934312
:104F5000236013F001FC052013F0FEFB80222D4B93
:104F600052015A600021042013F0D8FB9021052043
:104F700013F0D4FB284F294B0420F3600199B7604C
:104F800013F0DCFB264B02990520D9609F60019944
:104F900013F0D4FB234B022705930023059904202B
:104FA0000B7033683B43336013F0E4FB052013F0D0
:104FB000E1FB0123626813434022636023681343CB
:104FC000236063681F436760059B1B78002BFBD041
:104FD0000823AB61FFF74EFF019A049B944663449C
:104FE0000493029B63440293039B9B1A03938023C5
:104FF000039A5B00002A8DD107B0F0BD2078013400
:10500000FDF734FFB442F9D1E2E7C0460038004072
:1050100044000240000002400C380040DC18002030
:1050200058000240DA180020F0B587B005938023BD
:105030000705040B3F0D5B010190029103922403CD
:10504000DE1B039B002B03D1FFF714FF07B0F0BD5D
:10505000FFF710FF039DB54200D935002B4E336892
:10506000A34206D08022200029495201FFF716FBF7
:105070003460274E2A00BE193100029815F030FD29
:10508000002826D00023F25CFF2A31D101339D4253
:10509000F9D100232A0030000299049315F0D9FCBD
:1050A000049B002B2DD02000FFF7FCFEFFF7E2FE53
:1050B000059B174E002B1DD0EF193A003100200040
:1050C000FFF71CFF80225201FF21D21BF01915F0BF
:1050D00091FB019B00275B190193029B5B190293D3
:1050E000039B5B1B039380235B011E00E418A8E76E
:1050F0000123CFE78022310020005201FFF7FEFE9E
:10510000E7E72A0002990198F8E7C0462C00002042
:10511000DA08002080201C4980010B6810B503428A
:1051200030D00224194B1A6822422BD01A68A243AD
:105130001A6048600A20FFF7CBFCC021144A154BC7
:1051400049019868084202D0013A002AF9D1802129
:105150000F4A9868084202D0013A002AF9D1C021CA
:105160000B4AC9009868084202D0013A002AF9D1D6
:1051700002215A688A435A605A6801398A435A6040
:10518000054B197010BDC0460000024044000240AB
:105190001127000000380040DA18002070B54026C2
:1051A0002025094C0120A661FFF792FCA561012092
:1051B000FFF78EFCA6620120FFF78AFCA5620120A2
:1051C000FFF786FC70BDC0460014005070B5402546
:1051D0002026094C0120A562FFF77AFCA662012077
:1051E000FFF776FCA6610120FFF772FCA5610120A4
:1051F000FFF76EFC70BDC04600140050F7B5234C9D
:10520000234A2368019013402360082300252027A8
:10521000012600933000A762FFF75AFC3000A76117
:10522000FFF756FC3000FFF753FC23696D00EDB229
:105230005B0600D535433000A762FFF749FC009BB1
:10524000013BDBB20093002BE4D12268104B01201C
:105250001A4080235B0113432360A762FFF738FCE9
:10526000019A4023002A0ED0A36120260120FFF7D7
:105270002FFCA6610120FFF72BFCA6620120FFF79F
:1052800027FC2800FEBDA362EFE7C04600140050D3
:10529000FFCFFFFFF8B52023264C0500A3620120B5
:1052A000FFF716FC08266BB2002B3EDB4023A362FF
:1052B00020270120FFF70CFC013E0120A761FFF72A
:1052C00007FC6D000120A762F6B2FFF701FCEDB20A
:1052D000002EE8D140252368174E0120334023607B
:1052E000A561FFF7F5FBA7610120FFF7F1FBDF37B1
:1052F00023691A002A402B421AD0013F0120FFB235
:10530000FFF7E6FB002FF3D101256D422023A362B6
:105310000120FFF7DDFB802322685B01324013434D
:10532000236040232800A361F8BD4023A361BFE7A9
:105330001500EBE700140050FFCFFFFFF8B578230E
:10534000802680270025164C3602A361FF010A2023
:10535000FFF7BEFB23691A003240334212D03B42B2
:105360000FD09A0417D50322DB040BD50135052D88
:1053700013D078230722A361521B773B9340A3628B
:10538000E5E70122074BA9005B18985C1328EDD0D4
:105390007823A361F8BD0222F4E71320F8E7C046A2
:1053A000000400505FC3010810B532246320FEF7EB
:1053B00023FBC0B2C72806D9013C0120E4B2FFF7A5
:1053C00087FB002CF2D1FFF77DF8FFF77BF810BDCB
:1053D00070B5FFF7E9FF1A4A0400031C904201D997
:1053E000184B1B88184A083312689BB20232D17FCF
:1053F000164A1588164A954204D1002901D09942CF
:1054000012D970BD134E2A1CB54201D9124A128816
:10541000103292B29A42F4D80A1C082900D208220B
:10542000083A92B29A42ECD8AF204000FFF750FB06
:10543000FFF7BAFF231C844200D2031C98B2E0E7B6
:10544000F7FF00001EB60108701E002004000020B7
:10545000FFFF0000EFFF00001CB60108604BF0B535
:105460001C68604B85B01B68002B00D1A8E05E4B28
:105470001B78002B00D19DE0A31CDB7F002B00D10B
:1054800098E03020FEF7B8FA0626584A584B1040EC
:105490001880FEF7CDF82060200006F067FF236932
:1054A0001D68544B1B68002B06D0534A127852B229
:1054B000002A4ADD9D424CD32800FFF7C9F8FFF7C8
:1054C00087FF0500FDF77AFE2800FDF7A5FE0028FE
:1054D00061D0A18B4B1EF82B28D8FA2023688000BE
:1054E0000293FDF7B1FA502800DD50200026370066
:1054F00083B2039323691B680193FEF799F8206038
:10550000200006F033FF236918683B4B1B785BB221
:10551000002B21DD019B834223D9029B20002360C5
:1055200006F024FF23691868FFF792F80122334B35
:105530001A70200006F01AFF200006F003FE01207A
:105540000CF0D6F909222E4B2EE0002AB4D09D4251
:10555000B2D9FDF74DFEAFE7002B02D0019B83428D
:10556000DBD3FFF775F8FFF71FFF854209D205006F
:105570000027236802930136039BB6B2B342B9D128
:10558000CBE78542F7D9281A0728F4DD0137FFB2A7
:10559000022FF0D9C1E7013EF6B2002E00D078E725
:1055A0000122164B1E70164B1A800122154B1A70E1
:1055B00005B0F0BD114A1370FEF73AF82060B8E765
:1055C0000E4A0D491370208E0F4AC0000978131837
:1055D0005B68825849B22000FEF714F8EEE7C04637
:1055E000701E00204408002003000020FFFDFFFF84
:1055F0008A04002090040020181F00208D04002041
:105600004A080020601F0020A8C00108F0B5D44B54
:10561000D44C1A7895B0531E182B3DD82300802106
:105620002A331B78C9000593A38D8B4231D01BB25E
:10563000E58D8D4236D02DB2CB490191098802917A
:10564000059900290ED0C9490E780391002E2CD05F
:10565000012E00D140E10323039A1370C44B019A39
:105660001B8813800025C04B01221E88C14B5D574B
:105670002300701929331B78290080B206F02EFD13
:10568000BD4B0700984200D038E1FDF7B1FD00277F
:105690001BE001235B42CBE7012301215B421D009C
:1056A0000591C9E701256D42C6E7B1490298088016
:1056B000002B00DA10E19FB23100380006F0D4FC74
:1056C000002800D108E1039B1E70019B1F80237BF3
:1056D0001A1D5B00E752A94B52001D68A84BA75248
:1056E0001B78EF83002B00D174E1AB1CDB7F002B18
:1056F00000D12EE11022380108A9FEF7CFFF089B48
:105700000193013B033300D920E1152008AB1B2294
:10571000C018002115F06EF8019B0C930E93099BA5
:105720000293029A974B9A4201D9974B0293029B9C
:105730000F24109308AB9B7A08A91A001B0922407A
:105740000A750B770CA8097A06F0ECFC08AB597ABD
:105750000EA806F0E7FC08ABDB7A1C400394022C91
:1057600001D90022039203990CAA11761E092F2B4E
:1057700000D90026D67508AB9B7B0493172B01D963
:1057800004230493049B0CAA049993757F4B49004E
:10579000CB5A01210793938208AB1B7BFF2B00D0D0
:1057A000BBE051760691039B012B00D1C5E0022B93
:1057B00000D1C7E008AB5B7BFF2B06D01B075B0F5C
:1057C000042B00D900230CAA937748226549704C1A
:1057D0000B7B20005343C918883115F03AF90CAA05
:1057E00011002300E78381C981C39C46180088C942
:1057F00088C0634602990398A1610799A18304991F
:10580000D977210034310E70611CC8772100507E99
:10581000293108702000917E2B3001702000D77E46
:105820002D3007702000177F333007702000069F4F
:1058300028300770907F2200002901D01A00230031
:10584000226101226361534B21001A702B002F004B
:105850003231087034331C782D373A78A64201D1A2
:10586000002A16D01E7000233B70A64202D03000E2
:1058700006F0A8FE0020012E03D13878002800D0C1
:10588000032013F0A1FBA64203D00122424B524257
:105890001A803020FEF7B0F8404A414B1040188083
:1058A0000198FEF7D5FEFFF793FD0400FDF786FC97
:1058B0002000FDF7B1FC3B4B002877D001221A7085
:1058C000284B0221187B07F023FD01200CF010F873
:1058D0000122354B1A7086E0230029331A78002DF7
:1058E00000DAB8E6AFB20021380006F0BDFB0028B0
:1058F00000D1B0E601221D4B1A70E6E6002D05DD51
:10590000864200D8E1E6FDF773FCDEE6002D00D10B
:10591000DBE6864200D3D8E6F5E71800084090762B
:1059200058080840D076D806400F507658099B0991
:1059300008400B401077069335E7019B029A9B18AD
:105940000E9337E7019B029A9B1AF9E70022114B4D
:105950001A700022134B1A70029BBB4243D0AFE770
:10596000A91F0020801F0020480800208904002073
:1059700080040020181F0020FFFF0000701E002080
:1059800003000020FFE0F50540420F0090C201082F
:10599000380400208C04002004000020FFFDFFFFDD
:1059A0008A0400208D040020601F00201870019BD5
:1059B0000F4A2B6012780F4B002A01D09B68AB6016
:1059C00001220D4B1A800D4B1A700598FDF770FCE3
:1059D00015B0F0BD029BBB4200D071E7084B1B78AD
:1059E000002B00D06CE70922034B1A80EDE7C0467C
:1059F00063040020380400204A080020601F0020B3
:105A00008D040020F0B585B0041E039107D0324A02
:105A1000324BD17F19700023D377314A137006F0CF
:105A2000B3FC06F099F92F4B01932F4B02930028FA
:105A300012D0A02380220025DB0552009A622B4B56
:105A40001D702B4B1D70019B1D70029B1D7006F07D
:105A50008FF928000BF0EEFD0022264B1E68264B26
:105A6000F78B1F80254B1A70254B039A1A70FDF790
:105A700033FDFDF7BDFB8023224DDB009F4221D289
:105A8000214B187806F0AAFA002804D1013006F05C
:105A9000BDFA08F0DDFB002C03D0F38B1B4A2B6012
:105AA0001360FFF7B3FD1A4B2A681A603222194BB4
:105AB0001A800023184A1370019A1370029A137007
:105AC00005B0F0BD002C03D03368104A2B60136082
:105AD000FFF7C4FCE7E7C046861F002088040020CB
:105AE000C3070020EE1E0020EF1E0020781E0020BD
:105AF0004C080020701E0020480800208904002067
:105B0000181F0020C8070020A91F002084040020BF
:105B1000C40700204A0800204F000020010010B5F3
:105B20000020FFF76FFF074B1B680233DA7F142357
:105B3000002A00D0133B044A13800022034B1A7042
:105B400010BDC046701E00204A0800204F000020F3
:105B50000A4B10B51A68002A01D1094A1A60186860
:105B6000084A4118914206D914F01AFE0C2303602A
:105B70000120404210BD1960FCE7C04654080020D7
:105B8000803200200040002070B506000D00140097
:105B9000FEF74AFE2A4B1B78002B1DD129490B78B2
:105BA000002B19D00122284B1A70122E13D1002C71
:105BB00011D1002D0FD0254B1A70254B254A1C7092
:105BC0001378002B01D10B7005E02D21013BDBB2D6
:105BD0001370214AD15470BD112E1DD0122E13D036
:105BE00000230A2E1FD0AC42F5D101201B4A1749D1
:105BF00012780870002A1DD0182B1BD8184ADA40DA
:105C0000024217D00223DEE7164B002C02D04833A5
:105C10001B78E8E74733FBE7124B002C01D04A33EF
:105C2000F6E74933F4E79C42DDD024220D4BFF32E6
:105C30009B5CD8E70C4A9B009B589847CBE7C04633
:105C4000371F0020161F0020F11E0020511F0020CA
:105C5000530000204208002033080020521F00207B
:105C60002CDCF201801F0020F0C201080E4910B5A3
:105C70000A780E4B002A0AD10833D87F0C4A1070DC
:105C80003D22DA7701230B70FEF7B4FF10BD262109
:105C9000084AFF31595C12780833914202D1002240
:105CA000DA77F1E73D22FBE727080020801F00207C
:105CB00026080020E8180020BFF34F8F034B044A4A
:105CC000DA60BFF34F8FC046FDE7C04600ED00E04D
:105CD0000400FA05F7B50600FDF712FA494B1C68F7
:105CE000002C0AD0484B1B78002B06D1B01E434233
:105CF00058412100800011F0F9FEE122434B444F4E
:105D000052011A803B78002B01D00FF0CFFFA02367
:105D10008022DB0552009A613E4BFF3A1A703E4BDF
:105D20001B789B0701D5FEF765FF00223B4B3C4DDE
:105D30009A563C4B0193002A1CD16B1DDB7F002B34
:105D400042D13434FEF7C6FB207806F03BFC30002D
:105D50000BF070FC022E02D03B78002B4DD0324B62
:105D60001B78012B02D000200FF0B0FB0123019A19
:105D70001370F7BD2835FDF73BFA2B78502B1FD950
:105D80002A4A1178002909D1503B1900FA235B00F7
:105D90004B4327499BB20B80012313700022254BF4
:105DA0001A70254A254B116819608021E38BC900C0
:105DB0008B4200D3236813600122214B1A70C0E785
:105DC00000221B4B1A80E9E70635E97F4B424B4125
:105DD0003C205B42FF3003401A48693303801A4B72
:105DE0001A70002902D10122184B1A700022184B98
:105DF0001A700123019A1370A3E70122154B1A7040
:105E0000B4E7C046701E0020DD1A00205A1F002093
:105E1000521F0020781E0020CC070020181F0020F1
:105E2000801F0020651F0020371F0020EF1E00206C
:105E30004A0800204F000020C8070020C4070020A7
:105E4000C3070020DC0700204E000020F01E0020C9
:105E500043080020601F002010B5174B1B78022B51
:105E600008D006F091FA01200BF042FD0220FFF766
:105E700031FF10BD0022114B1A70114B1B785BB221
:105E8000934208D0FA210F4B490019800E4B1A702B
:105E90000E4B01321A7001200BF02AFD0C4B0D4CF9
:105EA0001B78002B04D010F0EDF903232370E0E7FA
:105EB000094B1B78FAE7C0465E1F00204C08002003
:105EC000181F00204A0800204F000020EF1E00206D
:105ED000521F002053000020371F00201E4B10B51A
:105EE0001B78D8B2002B09D11C4B1B78002B04D097
:105EF0000BF0A0FB01221A4B1A7010BD194B1A7837
:105F0000194B1B78134359424B411849DBB20978AE
:105F1000C8B2002905D0012A03D10021144B197001
:105F2000030014490978002912D01349097801297E
:105F30000ED1023A012A0BD80022104B1A70104BD6
:105F400004201B78002B00D00238FFF7C3FED4E7F3
:105F5000002BF4D1D1E7C046DE0700205E1F0020F1
:105F6000601F0020DB070020181F0020DA07002038
:105F7000D9070020D8070020D7070020D607002027
:105F80004C08002010B51A491A4B08781A781A4B99
:105F900000280FD0032A0FD0184A1278D0B2002A56
:105FA00000D108701B88164A9B18062B1DD9FFF7D5
:105FB0002DFB12E0032AF5D11B88114A9B18062BF2
:105FC00003D9104B1B78002BF1D10F4B04201B7809
:105FD000002B00D00238FFF77DFE00230B4A137020
:105FE0000B4A13700B4A137010BDFFF737FAF4E732
:105FF0008D0400205E1F002048080020DE070020DE
:1060000000FCFFFFDB0700204C080020EF1E0020F3
:10601000EE1E00204F000020F7B5814C0E00657B7E
:10602000002902D001227F4B1A70237F002B04D05D
:10603000022802D0FEF7F8FBF7BD7B4B1B78012B43
:1060400003D1784B02221A70F6E7122800D90EE22B
:10605000FCF766FC130016008D0093009900A50064
:10606000DC00DF009B01AA010D02C401C4010D0286
:106070000D020D020D02E901E901FEF793FADBE7DB
:106080006A4B6B491A68D38B5B18062B43D9FEF712
:10609000CBFB231DDB7F002BD3D0664B1B78002B63
:1060A000CFD1654B1B785BB2002B0BD0634B1B78B9
:1060B000032BC1D1624B1B78002BBDD0614B1B88D9
:1060C000002BB9D08023627BDB005100605A9842DC
:1060D000B2D248235343E3181A008020B832128802
:1060E000C000121892B2A63362521A8006F04CF920
:1060F000554B1C68200006F039F9200006F022F804
:1061000001200BF0F5FB0123504A1380504A137015
:10611000504A137090E7138E062B07D111694E4831
:106120000E68864202D84D4B0B6085E701339BB267
:106130001386042B17D14A4B1B78002B01D1053352
:106140001386138E8022D2009B1801229BB26D0011
:1061500063536519AB803E4B1A70424B92181A700C
:10616000414B00226FE7062BEBD90023E8E7012221
:106170003C4B1A70FDF7ECF85EE70122394B1A70C0
:10618000FDF7B0FB58E7FEF74FFB00200634374B16
:10619000E27FE0771A700CF051FB334B52E7002E90
:1061A00004D112F01FFF304B1E7045E705F0B8FB1D
:1061B000051E00D040E71D4B1C688023E08BDB00F0
:1061C000984202D3FDF782F836E705F07FFE0378A8
:1061D00001007F2B0AD97F2213400370E08B05F06A
:1061E00065FE01221F4B1A70214B2CE722002E3234
:1061F00013780133DBB2192B00D92B001370012364
:1062000021001A00E08B12F09DF8EAE7FCF770FE1F
:1062100012E7184D2B78002B2ED010F0E7FF0BE77C
:10622000801F0020511F0020371F0020541F002016
:1062300000FCFFFF321F0020181F00205E1F0020FF
:10624000EE1E00204A080020701E00204E0800208C
:10625000B4070020601F0020FFE0F50500E1F50510
:1062600034040020230800205300002033040020C1
:10627000B30700200B1F0020621DD27F804B1A70D5
:10628000A21D804BD27F1A707F4B1A78002A01D151
:1062900001321A7000237D4AA38413707C4A137064
:1062A00006F072F87B4A7C4F1378002B04D17B4BAD
:1062B00039781970012313700126794B30001E7054
:1062C0000BF016FB774803780193002B07D12200CF
:1062D00041321178744B06701970019B1370FEF7F0
:1062E0003EF8012302203B70FFF7F4FC00226F4BC5
:1062F0001A706F4B1A702C23FF33E35C5A1F5F2A0E
:1063000000D914236B4A1370C8226B4B92001A8079
:1063100001226A4B1A700023694A1370694A13708C
:10632000694A1370694A1370694A137010F030FF9C
:10633000684B694A1888032343431188994200D067
:106340001380012010F0BCFE0122644B2A701A70E9
:1063500000217F32624814F04DFA8022002161480A
:1063600014F048FA802200215F4814F043FA00211B
:1063700080225E4814F03EFA00225D4B1A7010F045
:1063800047F9022005F0DCFA56E6002E02D1FFF7AD
:106390006DFC51E60121574B1B682B331A784A409C
:1063A0001A70554B198047E6002E02D1FEF772FC99
:1063B00042E6260000224E361100308805F054FED9
:1063C000002800D138E632882B1D5B006D00E252B8
:1063D00062530122494B1A70494B33E6494B1B78F3
:1063E0005BB2002B0BD00B2806D10A3805F00EFE4D
:1063F00007F02EFF3E4BB4E601204042F6E7424A4A
:10640000E37D11780A2900D113700B2807D1082BDE
:1064100001D80133E3750122394B1A70EAE7002BEA
:10642000F9D0013BF6E7334B384D196800230C00D7
:106430000834E27FEE5C964203D00133182BF9D189
:106440000023122803D1172BD4D0012202E0FF220F
:10645000002BCFD0D218D2B2AB5C2D4AE377CB8BD6
:106460009B18062BD7D80122234B1A80D3E7FEF7BF
:10647000DBF9002E00D1DFE50122264BE3E5C04623
:1064800032040020310400203004002043080020A2
:106490004E0000202F0400204C0800202E04002075
:1064A000F01E00202D0400202C0400202B040020CE
:1064B000DA030020010000200C0000200000002072
:1064C000370600203606002038060020D9030020B9
:1064D000D80300201A000020100000203A060020F7
:1064E000651C0020E51C0020651D0020E51D002026
:1064F000D9080020541F00204E080020B4070020B7
:1065000023080020181F0020020000208AC0010874
:1065100000FCFFFF511F002010B51422002102488B
:1065200014F068F910BDC0463A1F002070B5414B09
:1065300004001B78A0B0002B40D005F00DFC051E18
:106540000BD103200EF0C2FF3B4B1D703B4B1B7861
:106550005EB2002B03D00FF091FC20B070BD384A22
:10656000384B394D002C25D001216846117080220E
:10657000FE311E7014F03EF9330080226946334824
:10658000FEF752FD6022FF21314814F033F9AB7D54
:10659000304A9B075B0F9D5A2F4B07201D800FF041
:1065A0004BFB2E4B000918802200012128000FF020
:1065B0002DFCD2E714701C70AD8AEDE705F0B0F940
:1065C000041ECAD11C4B1870254B1870FFF7A4FF8E
:1065D00005F0DAFE200000240EF078FF214B1C5756
:1065E000002C16D08022204BD2001B88934202D36D
:1065F000FDF716F9B1E7012005F008FD07F028FEC8
:1066000007F0FEFA2000FFF789FA0122174B1A70F3
:10661000A3E7174B1B685A1E9341164A01331370A8
:1066200007F0EEFA01210800FFF7ECF9124B1C709D
:10663000EBE7C046521F00204C080020171F002027
:10664000DE1E0020DA1E0020801F002028A000008F
:106650007A1E0020D8C40108741E0020761E002077
:106660004F1F0020181F002048080020651F002031
:1066700044080020B81F00204308002010B5012066
:10668000FFF754FF10BD00000F2210B50021044891
:1066900014F0B0F80022034B1A70034B1A7010BDAF
:1066A0003308002042080020161F0020114B70B54F
:1066B0001B78002B03D1104B1B78002B07D0FFF762
:1066C000E3FF00220D4B1A700D4B01321A700D4B77
:1066D0000D4C1B780D4D002B03D123782A781343E2
:1066E00007D0FEF7A1F8002301222B702370044B82
:1066F0001A7070BD161F00204208002053000020B1
:10670000601F0020D9080020581F0020531F0020C0
:1067100010B51D4B1B78002B03D11C4B1B78012B94
:1067200007D1002921D100281FD00222184B1A704E
:106730001BE0002915D1002818D1164A1278002A2A
:1067400001D1002B01D0032B0FD10123124A117864
:106750004B40137002D01022104B1A70104B0122C4
:10676000E5E7002801D0FCF7DBFD10BD084A032B4C
:1067700002D001231370F8E70A4B1B78002BF8D0E6
:1067800002231370084BEAE7531F0020371F002035
:10679000511F0020521F0020D9080020581F002040
:1067A000651F0020171F0020F11E00200022404B13
:1067B00070B51A70904203D03E4B1B78934212D0B2
:1067C0003D4B1B78012B0DD10024FCF783FF3B4B85
:1067D00020001C7005F0A2FF394B1B78012B01D063
:1067E000384B1C7070BD05F09BF8354D002807D064
:1067F0000CF0B4F8344B1B78002B2ED0334B2AE02E
:10680000334B1B785BB2002B02D0FDF709F8F1E7A0
:10681000304B1B78002B05D00FF030FB0322294BA7
:106820001A70E7E72B78032B14D0234A1278012A39
:1068300003D1294A1278002AD4D0012B02D0002299
:10684000204B1A702549264B09781A78002915D152
:10685000002A1AD1234B01221A700022224B1A70EF
:106860002B78012B04D0174B1978032900D01A700C
:1068700001221E4B1A701E4B1A70B3E7002A04D176
:106880001C4A1278002AE5D01A701A780E2A01D90B
:106890000E221A7000261B78164A174C17491370DF
:1068A00020000E22CE5414F0DDF8A673D2E7C046C5
:1068B000531F0020FD1E00205E1F0020E21E00204E
:1068C000371F002053000020141F0020B8070020AD
:1068D000181F0020171F0020C1070020161F0020CE
:1068E000420800205008002018050020651F0020E5
:1068F000601F002035040020C42000203308002041
:10690000F0B5B84F04003B780D00160085B0132B8E
:1069100007D0A34203D1002D01D113233B7005B052
:10692000F0BDB14A1278002A0FD0002901D11028F9
:106930000AD1FCF7E5FBFEF75DF9102C05D000222B
:10694000AA4B3C701A70EAE71C00A94F3B78132B46
:10695000DFD1002D00D132E1A64B1B78002B00D1F6
:106960002DE1FCF7CDFBFEF745F9102CE7D1A24B4A
:1069700001931B78052B02D100200AF05BFEFA225E
:106980009E4B92001A809E4B00939E4B19780029D3
:1069900003D01E224A439C4B1A70002D00D06BE19D
:1069A0009A4F3B78002B02D006F0B2FE3D70984F14
:1069B0003B78002B03D006F0E5FE00233B70954F9B
:1069C0003B78002B03D006F075FE00233B70924FFE
:1069D0003B78002B13D0914B1A68009BD08B597BCE
:1069E000012307F09FF800233B7004F099FF002873
:1069F00005D18B4B1A78002A01D101321A7000227E
:106A0000884B1B78934207D0874B1B78934203D166
:106A1000864B1A7853425A41794B0093597E131E84
:106A200001D1002904D0019B1B78013B581E8341F2
:106A30007F480778B80700D557E1002B00D18DE1DA
:106A4000102C00D053E17B4B1F78002F04D037006F
:106A5000002D01D101271D70774B02931B78002B6D
:106A600005D0102C01D00D2C01D1FDF7DDFE002F3B
:106A700010D1019B1B78012B00D014E26F4B1F78C3
:106A80000193002F00D0D0E1102C00D07BE1280032
:106A9000FFF78CFE554C2078002803D004F050FFFF
:106AA00000232370664C674A23780092002B09D09C
:106AB0002822654B1A800BF085F80123009A137089
:106AC00000232370614C2378002B09D0002E00D0C6
:106AD00062E306F057FE0023012223705C4B1A701C
:106AE0005C4B1A78002A06D000221A70964200D019
:106AF00056E306F0DFFD584B1A78002A06D0002234
:106B00001A70964200D04FE306F002FE534B444FFA
:106B100002931B88524C0193002B23D0002E01D1ED
:106B2000002D0AD009F068F8404B1B78002801D0EE
:106B3000012B02D0022B00D03AE3384B30491A68BF
:106B40006B46497B1B79D08B06F0ECFF04F0E8FE26
:106B50003B78002803D1002B01D101333B70002387
:106B6000029A13803D783F4E002D00D12EE33E4B1C
:106B700001931B78002B00D124E32900002006F0AC
:106B8000C7FB2900012006F0C3FB2378FF2B01D1AE
:106B900000232370012333700023019A3B7013708C
:106BA00005F0F2FB01200AF0A3FE002333702F4B07
:106BB0001B78002B00D10DE3FFF74EF90AE30D2CF3
:106BC00000D0D4E62A4B1F78002F00D0CFE6294B07
:106BD000DB7F002B00D1CAE6FEF70CF8034B1F70D9
:106BE0009DE6C046270000202E1F0020511F0020D8
:106BF00026000020E00700205E1F00204C0000203F
:106C0000801F0020BE1F0020641F0020BD07002041
:106C1000BC070020BB070020BA070020541F00203B
:106C200023080020061F0020021F0020371F00201D
:106C3000B9070020B8070020D9080020510800201B
:106C4000B7070020B6070020381F00202F080020BB
:106C5000651F0020B5070020B40700204E08002063
:106C60005300002032080020B30700204C08002009
:106C7000E7180020881F002008F0BEFFBC4F102C32
:106C800003D1BC4B1B78DB0727D53B78012B04D104
:106C9000132804D01538012801D9FDF7ABFF0D2CBE
:106CA0001BD1002E19D0B44B1B78002B07D0FFF757
:106CB00033FC0022B14B1A70B14B01321A70FFF74E
:106CC000F5FC0122AF4B1A70AF4B1B78002B01D0A3
:106CD000FFF7C2F80022AD4B1A603B78012B00D0C1
:106CE0008DE62822AA4B1A8089E6002B36D0012097
:106CF0000D2C0AD1002D08D0002A06D0A54B187003
:106D00009F4B187004F01CFE09E6074201D00029D1
:106D100005D12300113B012B33D90A2C0FD00F2CA6
:106D200012D1002D00D1FAE5002E1BD1022004F073
:106D300007FE0422984B1A700122914B02E6002EA6
:106D40001FD1002DF2D0EAE5002D00D15CE2002E2B
:106D500000D0E4E50A2C00D1E1E5E7E7092C01D9F0
:106D60000F2C0BD18D4B1B78002B0AD0002D00D19E
:106D7000D5E5002E00D0D2E50220C3E7102C00D1CB
:106D800061E6874B60E6FE230193112C06D02000BC
:106D9000FCF716FB0190FF2800D17BE6002D0CD1FB
:106DA000A0238022DB0552009A627E4B28001D70D2
:106DB000FDF752FBFDF78EFA6CE6002E00D069E677
:106DC000009B7E331B78002B07D0A0238022DB059D
:106DD00052009A61734BFF3A1A70FDF77BFA019BE0
:106DE000FE2B06D1009B70497E331878FDF7ECFF2F
:106DF00050E6009B7E331C78FDF7B8FAFDF7C4FA25
:106E0000002C00D003273800FDF748FA67497020AE
:106E1000FDF72CF8FDF738FB6548FDF759FE0198A2
:106E2000FDF778F9FDF7B8FA34E6B54200D131E65E
:106E3000032F02D0002D00D12CE6A0238022DB05F9
:106E400052009A620022574B1A7002239F43012F6F
:106E500001D10BF057FA00275022019B55481F70B3
:106E6000554B1A80FDF734FE01200AF041FD404BDE
:106E70001B78012B01D0514B1F70009B46331878B3
:106E800000280BD10AF0D6FB01234D4A102C03D069
:106E9000434A002E00D0FDE51370FBE50A22424371
:106EA000484B1A70F0E7484B364A03931B7801921F
:106EB000002B1BD12E4B1F78FF2F09D02300113B35
:106EC000012B00D957E1029B1B78002B00D052E127
:106ED00004F026FD002800D055E1042F00D152E136
:106EE000320029002000FEF74FFED3E5002E00D02F
:106EF000D0E5002D00D1CDE5102C34D00127019B29
:106F00001F700C2C06D80A2C27D867D00223019AB0
:106F1000137028E00D2CF9D1FDF724FF2B4B1B78C3
:106F2000012B0FD12A4B1A882A4B9A420AD0009B78
:106F30000099587B031D5B00CA524300CA520221CC
:106F400006F0E6F905F020FA01200AF0D1FC002055
:106F50000EF0BCFA0023039A9EE71C4A13787B408C
:106F600013701D4B1E700122054B1A7092E5C0462E
:106F7000371F0020CC0700203A1F00204F1F0020A1
:106F8000601F0020511F00204C08002044080020F2
:106F9000381F0020021F0020611F0020321F002028
:106FA000F11E0020781E0020D6060000C3C300009A
:106FB00050C3000088130000E61E0020530000208C
:106FC000B8070020C10700202B1F0020B2070020B7
:106FD00024000020FFFF0000B10700208D4C8E4AE6
:106FE0008E49200005F096F923002D331F702300F1
:106FF000200029331F7005F0A5F8894B38001C606C
:10700000884B1C60884B1C600AF072FCFDF7EEF99F
:10701000FDF7A8FE854B1B78002B00D09FE0844F26
:1070200046220021380013F0E5FB824C824B834A54
:1070300083492380537BA1800221A17146315943AA
:1070400053181800883000910188408821816081A0
:107050001800A03001884088A181E08118008D309F
:107060000078B62120741800953000788C46607442
:1070700018008C3000789C44A0741800943000787C
:107080006146E0741800BC30007820751800A83004
:10709000007860751800B0300078A0751800BB301B
:1070A0000078E0751800B130007820761800B5300F
:1070B0000078097860761800B3300078A076180060
:1070C000BA300078E0761800AF30007860771800AA
:1070D000B4300078A0771800B8300088E077601CE2
:1070E000C17718008021BD30A63300781B88F8775F
:1070F000C90054488B422BD2190006F0E3F8422114
:1071000038000EF03DFC0627A31DD8874E4B2020EB
:107110000834E3870FF066FA4C4C277007F0BCF98F
:10712000FDF7DCFB05F05AF910F022FE882136202D
:10713000FCF79CFE00210120FDF72AF805F024F958
:1071400001200AF0D5FB01232370414B1F700AE791
:107150000099BE318918102213F07BFCCFE7022280
:107160003A4B1A703B4B033A1A8000223A4B1A7082
:10717000FDF70AFEF7E6394BBF0032002900200078
:10718000FB58984786E4002E00D083E4002D00D100
:1071900080E40223019A7FE60122314B1A709AE4BF
:1071A0000122304B1A70A6E401222F4B1A70ADE475
:1071B00001222E4B1A702378FF2B00D0CFE400233E
:1071C0002370CCE41D4B2900587BDCE43378002B82
:1071D00000D0E5E4009B1B78002B07D00023009A29
:1071E00013702822224B1A8008F014FD214D2B78B1
:1071F000002B03D00BF082FA00232B7020780EF0C6
:1072000065F9FF23237097E50A2C01D0FFF787FB70
:107210008CE5C0462007002090FE96020504000081
:10722000701E0020541F00206C1E0020B20700209A
:107230006A07002068070020CDABFFFF801F0020F9
:10724000A5BEFFFF8A070020BADCFFFFB1070020C0
:10725000511F002024000020B0070020C0C20108F8
:10726000BC070020BB070020BD070020BA07002094
:10727000381F00205008002000221020110010B5F7
:10728000FFF73EFB0022064B1A70064B1B78132BB0
:1072900002D0054B01321A70FDF7F4FB10BDC04659
:1072A000141F002054000020F11E0020F0B5CA4B2E
:1072B0009BB01B780093052B33D1C84B1B78002B58
:1072C0002FD0C74B02931B780193002B00D10AE209
:1072D000C44C25782800E130FF3000030135FDF76C
:1072E000F9FDEBB22370072B04D90023029A137027
:1072F00010F0F4FABC4B1B78052B02D10122BB4BDA
:107300001A70BB49BB4A0B78002B00D0C8E2009929
:107310001378012900D0CAE21378002B00D0CDE207
:1073200001E304F0FDFA0028CBD10C20FCF764FB4C
:1073300001231842C5D000210220FCF797FD02204E
:10734000FCF75AFB082307043F0E04001F4226D017
:107350000B20FCF751FB0005000FFCF731F806008D
:10736000FF281CD0009B012B19D0A34B1B78002BAE
:1073700015D0A24D2800FBF7ADFA0200132804D166
:1073800028009F4913F03EFB12220023AE54AD1893
:107390000C226B709B4B1A70944B0B3A1A707B0744
:1073A00002D50122984B1A7001231F4209D00122F5
:1073B000964B0C201A70FCF71FFB954B800BC0B24C
:1073C0001870BB0702D50022904B1A70E5B2630615
:1073D00002D501228F4B1A70240602D500228D4B54
:1073E0001A70EB062AD501228B4B1A708B4B09328F
:1073F0001A808B4B9A7F002A20D0009A052A08D148
:10740000764A1178002904D11420864A1080864AD1
:1074100011700533DB7F002B10D0844A844B117828
:10742000002902D11988132908D8142119800023B2
:107430001370804A137001227F4B1A70AB0604D57B
:107440000022754B1A70754B1A806B0709D5012203
:107450007A4B10001A7006F0D9FEE122784B5201E7
:107460001A8008231D4204D00020744B187006F0C7
:10747000CDFEFB063DD55C4B1C78042C39D1714BFD
:107480001B78012B35D1704B1B78002B31D16F4EFF
:107490005F203378013CDAB20133DBB23370019202
:1074A000FCF7AAFA019B6A4D5B00E852002CEED172
:1074B0003378232B1DD901224C4B0B2034701A70CA
:1074C000FCF79AFA0600FDF75FFCF6060AD42A8854
:1074D000604B9A4206D12B000833DA8F5E4B9A42FA
:1074E00000D1C7E0FDF73EFCFDF74EFC5B4810F015
:1074F00041F830231F4200D117E7594B1B78002B6E
:1075000000D112E7574B1B78012B00D00DE7564BEB
:1075100001931B78022B02D0052B00D005E7042530
:107520004A4CBF0602D523782035ED1A0026AE421C
:1075300000D0C1E0237801232C4E33702378232B15
:1075400000D8F2E6237800230B202370FCF754FACE
:107550000400FDF719FC250010231D401C4200D03B
:10756000B9E03B4C3B4B22889A4200D0B3E0230069
:107570000833DA8F384B9A4200D0ACE020200FF06D
:1075800031F8A31D42213948DF8F0EF0F9F9874207
:1075900000D0A0E0E388A2881B041343344A1B02F6
:1075A0001B0A934200D096E000222800110004F04C
:1075B0005BFD071E01D101F02FFA80230135ADB22A
:1075C000DB009D42F0D10423019A1370033B33701A
:1075D000FDF7C8FBA9E6C0465E1F0020E91E00209B
:1075E000DD1A0020DB1A0020371F0020601F00205A
:1075F0001E0700200B1F0020140700203A1F002048
:107600003B1F00204F1F0020D1070020D80700207B
:10761000D7070020DA070020E31E0020E41E002028
:10762000801F00202C1F0020EA1E00204E0000209A
:10763000DC07002043080020651F0020DE07002033
:107640005A1F0020681E002015070020B0070020E8
:1076500068070020CDAB0000BADC00001207002054
:107660002B1F0020B2070020B10700206A0700206E
:10767000A5BE020022200EF0B5FF4221B4480EF054
:107680007FF9AB1DDB8F834200D02FE76D880EF0B2
:1076900079FE8188A3B2994200D827E70623634385
:1076A0000268D618D35AAB4204D87388AB4201D9CA
:1076B00001F050FA0134EDE75F20FCF79DF92378E3
:1076C000232B06D823785A1CD2B22270A14A5B0021
:1076D000985201362BE70523019A1370043B33704F
:1076E000FDF788FA21E69C4B1B78002B00D108E6B9
:1076F00008272DE0994C37E0280010F023F80028E7
:1077000022D00821964A2B7B12780B4268D0002A9F
:107710001AD1944B1B88DA060DD18022D2009342F5
:1077200009D25809904A41008C52012282408F4967
:10773000086802430A608E490A88002A6BD0013A21
:107740000A80884A01331380013FFFB2002F1FD007
:107750008022884ED2003388934219D2864A1488F8
:10776000002CC7D0013CA4B201333380F0231B02AC
:1077700008ADE0181480400120222900FCF78EFF9C
:10778000280010F005F80028B6D08023DB003380F5
:107790008022784BD20019886F4B914202D2019A15
:1077A000002A62D000221A70744B01321A70744B96
:1077B0001B78002B4BD0734B1878002800D099E52C
:1077C0006F4B1A78002A00D194E56F4B1B88062A6C
:1077D00055D96E4A1188994200D18BE5138089E50D
:1077E000012A13D19A43002AAED0694B6A681B68FC
:1077F000013B9B1A8022920093428AD30022564B6F
:1078000001901A705D4B01321A70C1E7022AECD167
:10781000013A1A40E7E75A4908788C4606280ED8FC
:107820005C4A0101891808AA70CA70C10D0011884C
:10783000013029809278AA706246107081E7012198
:10784000504B1970444B1A704C4B1970A0E7484BC1
:107850001B88002BAFD04C4A10888342ABD2013832
:10786000C01A80B210F028FC44E51B78002B00D031
:1078700040E5424B1B78002B00D13BE59BE70721FD
:10788000891A89B2994207D2073BD21890B23F4B6E
:10789000188010F099FB2DE5002B00D12AE5F6E7C2
:1078A000013BDBB20B70002B00D035E52FE53A49E8
:1078B0000978002900D02FE5002B21D0374E384B16
:1078C00031781A78022900D0E3E1002A00D1D8E10A
:1078D000344D2968002905D033480068091A002969
:1078E00000DD34E1314C20780138052800D9C6E1AB
:1078F000FBF716F8A200A4008F01AB01AB01AE01AB
:107900002B4B1B785BB2002B0DD104F009F800283B
:1079100009D1284B1B78002B05D1274C2388002B3D
:1079200054D0013B2380254B1B78002B00D10EE166
:10793000234B1A880123110019401A4200D006E196
:10794000204B1B78012B00D1AEE31F4B1970FEE0DA
:107950006A070020680700200E070020FF030000D0
:10796000E01A0020080700204C06002048060020EE
:10797000060700200A0700200C0700208C060020C4
:1079800004070020900600208E060020E21A002046
:10799000CC1A002094060020E00700203A060020C0
:1079A00039060020100600200C06002008060020E2
:1079B000181F0020171F00201C070020160700209A
:1079C000001F00205E1F0020AA050020CA4BCB48E4
:1079D000197810F00BF8029B197810F007F8C84BD3
:1079E000197810F003F8C74B19680FF0FFFFC64B6A
:1079F00019780FF0FBFFC54B19680FF0F7FFC44B68
:107A000019880FF0F3FFC34B1988013149080FF0B3
:107A1000EDFFC14B19780FF0E9FFC04B19780FF05B
:107A2000E5FFBF4E05003368834200D17BE710F0CD
:107A3000E5F9C823356075E702232370B94B1B684D
:107A4000002B21D10020B84BB84E1B78059602932D
:107A5000B74BB84E1B7803960493B74B1B78019332
:107A6000B64B19780300029FCEB2BE422ED3002837
:107A700004D00021B24A1170AA4A1160002B00D133
:107A8000AAE0AE4B1E70A7E0AD4909785B5C002B05
:107A9000D8D0AB4BA34A1B781268D35C2E2B00D0F6
:107AA000ABE0A84B01201988FDF78EF9A64B1C68A6
:107AB000A64B18880A21FAF73DFF80B2001928600A
:107AC0000322A34B1A700EF0A3FDDCE0059B5B5C68
:107AD0001F00613F192F13D8203BDBB2002000901C
:107AE000039F0098BC46C0003F5C84449F425DD128
:107AF00063465B68002B5FD1100013000131B2E7D1
:107B0000202BEBD1049B002BF7D0019B002BF4D151
:107B1000029F4B1CBB42F0DA002804D0884B019A2C
:107B20001A70804B1A600122834B0A211A700523B8
:107B30002370854B01361C68864B1888864B1B8842
:107B4000C01AFAF781FF7D4B001928601E70834A26
:107B5000834B1478009225006A1E954101931B788F
:107B6000EDB2002B02D0002201990A707D4A1278F2
:107B7000002A00D176E3002B04D1002C01D0009A1A
:107B800013700025784B1B78032B00D041E3774A14
:107B900013780133DBB2072B00D843E300201070C9
:107BA000FCF7B0FE002D00D172E362E300980130D3
:107BB0000090362894D19FE7187800289CD00022A6
:107BC0005F4901360A7057490B6001215B4B1E70FB
:107BD000574B1970584B1A70524B1868002806D032
:107BE000FAF778FE564B1B78834200D251E7062302
:107BF0002370554B1C68584B1CE02D2B00D05FE7C1
:107C0000504B01201988FDF7DFF84F4B1C68584B8B
:107C10004FE7FCF7B9FB4A4A13780133DBB2137024
:107C2000404A1268D25C484B002A0BD002222270D4
:107C30001C68504B18880A21FAF77CFE80B20019A4
:107C4000286084E704222270D4E7022323707EE7B1
:107C50000027277001241F702F603470FCF7B0FBE1
:107C60000220FEF737F8444B38001F70434B1F705B
:107C700004F054FD04F088FB394B1C7023E700230B
:107C8000E4E70EF0E7FD3E4B1B78002B00D05EE7EB
:107C900049E6002A2AD03B4B1A78002A04D1012257
:107CA00002201A70FEF716F8FCF70CFC364A374B28
:107CB00012683749128E9B560A78002A72D0354BCB
:107CC0001A78501C1870312A02D900220A701A70D2
:107CD000314A1378002BD6D0FF2B00D0B4E100231B
:107CE00013702E4A13702E4A1370ECE60EF0B2FD9C
:107CF0003378022BC7D0CEE7121F0020C59D1C8110
:107D0000D81A0020CC1A002044060020400600208B
:107D10003C060020101F0020DF1A0020DE1A002081
:107D20001807002004060020AB050020AF05002046
:107D3000AE050020E0C00108AD050020AC05002024
:107D4000000600200C0000200C0600201A00002075
:107D5000080600201400002012000020651F0020EB
:107D6000601F0020E0070020E1070020DF0700205F
:107D7000100000200E000020C2070020C1070020D4
:107D80000B1F00204C080020701E00201C0000204B
:107D90003506002034060020380600203706002073
:107DA000360600204408A03BE418AB4AAB4B1178E0
:107DB000009300201B5EAA48A5B2019024B20029BE
:107DC00006D10078002803D19C4209DA009B1C8070
:107DD000009B00201B5E603308DB61235B4203E0F5
:107DE000180001336130F3DA00980380009B002013
:107DF0001B5E1800723016DB0A331BB299489C4296
:107E000014DB994B1C800378FF2B01D001330370E6
:107E10000026964B1E70B14215D10378B34212D0A2
:107E2000012313700FE069235B42E7E78F4E33783D
:107E3000FF2B01D00133337000230370994202D02D
:107E400031789942EDD11778894E8A4A3378029277
:107E5000002F41D0002B0DD1874A1378FF2B0FD173
:107E6000012300223370844B1A700EF0D1FB33785B
:107E7000002B0AD0029B1888042844D8012047E030
:107E80000133DBB21370032BEAD87C4D2C88002C15
:107E900002D120000FF06AF8012301341C402C802D
:107EA000029B01201B88042B04D90A21581DFAF7D4
:107EB000CBFD80B207244443019BA4B21B78002F62
:107EC0005FD06F4D002B49D02B886E4A934200D96A
:107ED000FEE601332B80FBE66B4A002B0FD01378B4
:107EE000FF2B06D10023644A33701370664A137067
:107EF000BBE70133DBB21370072BBBD9F2E75E4B54
:107F000017701F70C1E70A210530FAF79DFD80B296
:107F10000121002F05D1401880B24918032800D94B
:107F20004108564A13888B4215D3002313807834B6
:107F300006DB78352B1CEDB2402D00D94023DBB297
:107F40004020002F04D1181C142B00D91420C0B2DB
:107F50000FF00CF8A4E701331380A1E74B4E4C4F10
:107F60003378022B05D13B88A34202D349480EF057
:107F7000D1FF0123019A3370137000222A803A80C6
:107F8000A6E6424D002B36D03D4C2388002B28D04E
:107F9000012B23D0404E317809290AD84000834272
:107FA00080414A1C3D4B4042D2B22D305854327071
:107FB0009F542D4B009A1B88128839499B1A1A1C12
:107FC0001BB2282B00DD2822130400D500220B88C9
:107FD0009B18344A0B8013780133137020200EF065
:107FE000C5FF0023019A238013700122284B1A80B9
:107FF00002232B706CE62B78022B00D068E6244E0F
:10800000204A3388934201D801333380224F3B7892
:10801000002B09D0032545433388ADB2AB4203D3CF
:1080200000200EF0BDFF35803388A34200D24FE61A
:108030003B78002B04D001200EF0B2FF348047E6DD
:1080400014480EF067FFF9E70133DBB213704F2BD2
:1080500000D818E643E6C04633060020180000208A
:10806000320600202A0600201600002029060020E3
:10807000280600201A0000202706002024060020E1
:1080800030060020FDFF0000260600202E060020FE
:108090002C06002018B901082B0600201806002025
:1080A0001606002014060020FCF774FB002808D1F7
:1080B000C34B9B7F002B04D1C24B1B78002B00D1FC
:1080C00045E5C149C14F0B78002B0ED13A00C820BD
:1080D0002B33013BDBB210800232002BF9D1BC4ABA
:1080E0001370BC4B188001230B70BB4AB84D13783A
:1080F0002C786600062B00D886E06420FBF77CFC19
:10810000B853F35B002B01D1C833F3532B21601C10
:10811000FAF796FCB14B0E001B782970002B04D0A7
:10812000AF4B1B78002B00D111E5AE4AAE4B107857
:108130001B78184300D00AE5AC4B1870AC4B187094
:1081400006F064F803229E4B00929B8C002B01D119
:1081500005330093009B8022DD01A64B0021ED1822
:10816000280012F047FB3888012203005100795A99
:10817000041C884200D90C1CA0B20C1C994200D2ED
:108180001C1C0132A3B22B2AF0D1924A1488A042BF
:108190003DD2611E241AE4100C1BA4B214800022EC
:1081A00001929C4202D21B1B9BB2019333002B33E2
:1081B0000293019A4023312A1BD92B213000FAF770
:1081C00029FD824F4900CB5B00209C4201D21B1B42
:1081D00098B2072701997843FAF7ACFBC2B2402363
:1081E000002A06D0BF331840381A803B83407F22D4
:1081F00013402B706B70029B01360335B342D8D10C
:108200000098FCF770FBA2E40133137079E70234A5
:10821000C3E7022B00D0C5E4774A13780133DBB201
:108220000F2B01D81370BDE40023744C1370267813
:1082300020007F227F34724912F0E4FB26706D4CDF
:10824000704E2000611C7F22277812F0DBFB230098
:1082500080347F331F70A642F3D1FCF74DFBFCF74F
:108260003DFB9FE4002B00D19CE40DF021F9002C94
:1082700008D00023009A1370634B1B78002B07D1A2
:1082800009F034F8604B1878002801D10FF08AF813
:108290005E4C2378002B04D05D480FF03BFB00239D
:1082A00023705C4D2B78002B04D05B4B1B78002B8C
:1082B00000D084E3594B1B78022B49D1584B1B88C3
:1082C0001B0705D18023574A9B0151694B405361DD
:1082D000554A1388002B01D0013B1380534A138861
:1082E000002B01D0013B1380514B1E78012E11D180
:1082F000504B1C78002C0DD0013CE4B21C70002CBB
:1083000008D1FBF7D3F9200009F094F9009B1E7007
:10831000019B1E702B78002B0DD0474A1388002B31
:1083200009D0013B9BB21380002B04D10DF0AAFFB2
:1083300003200DF0CBF803F0F3FA002800D1ADE0F4
:108340003E4E3378002B00D17EE0013B3370A5E038
:10835000032BBDD1324B3A4A19881088091A692972
:1083600006DD00201B883749013308701380AFE712
:1083700019888842ACD1802432492A4E0878A40159
:10838000002803D1B4621B880F3316E077697C4064
:108390007461112808D91B886933138000230B707E
:1083A0000B7801330B7093E70B28ECD8A824240139
:1083B000C440E407E7D51B882D331380F0E7C0469F
:1083C000801F0020F31E0020AA0500205405002075
:1083D000520500200A00002051050020061F002041
:1083E000021F0020371F0020510800200D1F002011
:1083F0000C1F0020E51A0020DF070020590800208C
:108400005A080020651E0020E007002050050020CB
:1084100040050020521F0020361F00203C05002090
:10842000001F002000080050E61E0020E41E00206F
:108430005E1F0020C1070020300800203805002002
:108440003A05002039050020CB4B1B78002B25D1A5
:10845000CA4A029212780392012A0BD0022A7DD0D6
:10846000C74F3D78002D00D18EE0012D00D1D2E024
:10847000C44A10E1FCF726F8FCF724F80224C24BAA
:108480001880029B1C70C14B1D682800FBF7FAFE88
:108490002800FCF76DF8FBF70BFF3470BC4B1B6832
:1084A000002B04D003F058FC002800D01FE100226C
:1084B000FF21B84B1A70B84B1970B84B1970B84BF4
:1084C0001A70B84B04931B78042B00D194E1B64B7F
:1084D0001D78EDB2FCF75EF9002800D018E2B34B2E
:1084E0001A78B34B002A00D135E2B24C022122782F
:1084F00016008E43002800D00DE2012E00D00DE2C0
:1085000019780131C9B21970022900D90CE2002D85
:1085100007D0002A05D000221A70FEF7ADFE002316
:108520002370FCF70BFF0400132802D00022A24B9B
:108530001A70A24EA24D33789C4200D12BE2132B2D
:1085400008D0132C06D09F4B00211A789E4B187828
:10855000FEF7D6F9002334702B8030E2FBF7B2FF30
:10856000FBF7B0FF894B02001868874B1B889342CA
:1085700004D99B1A032B01DD944B18680023029A3F
:10858000137003F097F989E70D20FBF735FA040023
:10859000030483D40E20FBF72FFA8D4A8D4B24045D
:1085A0001C4013680443E31A1460DA179B18534005
:1085B000894A632B02DC15780135EDB29121322016
:1085C00089001570FBF752FC022D09D8322083492F
:1085D000FBF74CFC039B002B00D05FE71523B5E6AF
:1085E0007F4B804AE318934203D9200003F062F9DD
:1085F000F0E7764B65081D60644B029A1C6001230E
:1086000028001370FBF73EFE2800FBF7B1FFFBF7D5
:108610004FFE02239AE606AB9D1D290008A8FBF732
:10862000F5FA041E00D139E7FBF702FF022C34D122
:10863000089803F03BFAFF2804D1654B1868FBF754
:1086400081FFCBE70222684B3A701870674B1A70B3
:10865000674B013A1A70009B1A704A4B1A78002A2D
:1086600041D000221A70624B1B78934200D115E76B
:108670005E4B03201B789A1E012A02D9012B04D1DC
:10868000042008F023FE5B4B187007F0C3FA0123A7
:10869000009A1370019A137000E7012CCDD128883D
:1086A00003F032FAFF28C8D04F4D4B4A2B784F4C7D
:1086B000834215D12178012912D113780133DBB21D
:1086C0001370012B05D902233B70494B1970009B95
:1086D0001970012323703B782870012BBDD8ACE7BB
:1086E00000231370F5E702200CF0F0FED6E606AB8F
:1086F0009D1D290008A8FBF789FA0400022817D15C
:10870000089803F0D3F9FF2800D1DAE6224B1A7853
:10871000824200D1D5E61F4A18701470FF221F4B09
:108720001A7000221E4B1A700123019A1370C8E6BA
:10873000012800D0C5E6288803F0E6F9FF2800D11B
:10874000BFE6164B164A1978814211D113780133CE
:10875000DBB21370012B00D8B3E60F4B1A788A42B4
:1087600000D1AEE619700B4A019B14701C70A8E68C
:1087700018701470A5E6C0460A1F00202F050020BF
:10878000091F0020321F00202005002024050020A2
:10879000440800201F0500200800002007000020DA
:1087A0001E050020371F0020FD1E0020F31E0020A4
:1087B00018050020F21E0020D320002055000020C4
:1087C0006A1F0020EB1E0020540000202805002016
:1087D000340500200000FF0730050020450200009E
:1087E000C0E85DFE3FEA70002E0500202D05002048
:1087F0002C050020751F0020C44B1B78012B48D18D
:10880000C34B1B780093002B00D1D8E0C14A1378EA
:10881000013BDBB21370002B00D0D0E00DF0B2FDB5
:10882000BD4FBE4B3A88BE4C002A03D11A80026865
:10883000128822808288002102921B8822880CE004
:10884000019D013306350195029D9BB2AB4226D2B4
:1088500006225A430399525A009906260D005E4398
:108860000196029EB3421CD3002901D0AC490A8074
:10887000002D01D0A94A13800222A44B00201A70B7
:108880000EF090FD0CF014FE049B1B78042B00D01E
:108890001DE69E4B1B78002B00D118E68FE0009D53
:1088A000DFE70668B4460396019EB44466467688C0
:1088B0009642C5D9002901D099490A80002D01D0DE
:1088C000964A13802588974E402228009649758045
:1088D0000DF074F8422195480DF052F80636F087F5
:1088E00022200DF07FFE03F079FD0FF041FA882180
:1088F0003620FBF7BBFA00210120FBF749FC1E22C2
:108900003B88403501333B80824B25801A70B9E7A4
:1089100068426841E3E5002E00D1F1E5002D00D06A
:10892000EEE500221A70FCE5002119708A4209D197
:108930007F4B01311A707F4B197010202170FDF7A9
:10894000DFFFEEE5032A00D1E7E5002D00D0E4E5E6
:1089500001322270E5E5774C2278002A0DD00028FC
:10896000DFD11A780132D2B2022A01D8002DD9D033
:1089700000221A70FEF780FCD3E50028D1D01978C8
:108980000131C9B21970022900D8CAE568491A70C4
:108990000A700121D1E72B8801339BB22B80022B77
:1089A00016D1654E654D132C0BD12878132804D0B1
:1089B00000213278FDF7A4FF2C70002333701BB028
:1089C000F0BD0022012120002C70FDF799FFF4E793
:1089D000272BF4D9132CF2D0282B09D1102CEED050
:1089E0000121554B0A0020001970FDF789FFE6E7C9
:1089F00022000B3AD2B2012A08D801214E4A117046
:108A00005B0703D10A002000FDF77AFF2A884C4B50
:108A10009A42D4D929239FE56289238908AE12049A
:108A2000290030001A4303F075FCE389A2891B0476
:108A300013430E93237C06A97371637C06A873739A
:108A4000A37C3371E37C33730923627D5B18DA778F
:108A5000227D15AB1A70A27D12AB1A703B23E27D0A
:108A60005B181A703123227E5B181A703523627EE0
:108A70005B181A70A37E5A1E93413322521813704A
:108A80003A23E27E5B181A70637F0AAAD3772D4AD5
:108A90005B009B5AB383A27F13AB1A70E37F3386CC
:108AA000631CDA7F36235B181A70A31CDA7F3D2320
:108AB0005B181A703E2321001B1822311022180067
:108AC00011F0C7FF4D2306AA9B181F70300003F05A
:108AD0004DFC300003F036FB1B4B32002800597B65
:108AE000032305F01FF83E2306AA9B18190028004F
:108AF00004F0F8FF154B019A1D8003231370012227
:108B0000134B1A70FCF776F8FEF762FD681E002022
:108B10001507002006000020100700201C0500207B
:108B20001A050020680700206C0700206A07002053
:108B3000D3200020141F0020EB1E00205400002032
:108B4000FDFF000090C20108801F002024000020CB
:108B5000601F00202C00074E4034A4B228000835C6
:108B60003100ADB20CF053FF0836A542F6D10248F1
:108B7000FEF7BDFC6C07002010070020F0B50120B7
:108B80009BB0FAF7C5F880204005FAF7B3F8C0208B
:108B900000250726EF4BF04AF0491A60F04BF14AE6
:108BA0004B60136A00061B021B0A034313628D60AD
:108BB0000E603021EC4B27201960136A12AC1B02A7
:108BC0001B0A1362FAF744F9012323610233A360FD
:108BD000F023E560656165601B022100E3481293A4
:108BE00011F062FD80232100DB00E048A0271293F2
:108BF00011F05AFD4023FF05DC49BB613C3B8B6112
:108C0000033B636021007733D848129311F04CFD89
:108C1000A42338005B002100129311F045FDC1230D
:108C200021009B00D148129311F03EFD80232100CA
:108C30009B01CF48129311F037FD60232100CD48EE
:108C4000129311F031FDC02321009B00C9481293FB
:108C500011F02AFDC0232100DB013800129311F02E
:108C600023FD2020FAF746F80EF0FEFF2022C24F27
:108C70003000FB6A1343FB62FB6A9343FB6257328B
:108C8000BE4BFF329D62DA621968F63A0A431A60F7
:108C90008022D96852000A43DA601A680235AA4372
:108CA0001A600FF059FDB648B64BC268B6491A4073
:108CB0009C239B031343C36030000FF02FFDB34A86
:108CC000B34B2021D360B34B300093600FF036FDDF
:108CD0002800FAF7BDF81B228020A44980000B6809
:108CE000AD4E13430B60FAF713F83A68AB4BE02133
:108CF0001A4080239B0313433B60B368A84A0903CF
:108D00001340B3607368A74AC02013407360B36810
:108D1000A54A80001340B3607368A44A134073608F
:108D2000B3680B43B360B368AB43B360B36813403D
:108D3000B360336B9E4A1340336373689D4A13409C
:108D4000736073681340C0227360092352000121CD
:108D500040001140013B08435208002BF7D120226C
:108D6000800502D0F9F75CFFC2B280239B00D3409C
:108D7000914A9B009B181F221968C0209143173A03
:108D80000A431A60C0221A2301219204C00415006C
:108D900040000D40013B28435208002BF7D1400111
:108DA0002033002802D0F9F73BFFC3B28025ED0441
:108DB000DD40824BAD00EB1802931B68F822F820CF
:108DC00003930121182312044004150040000D40B4
:108DD000013B28435208002BF7D1C0012033002863
:108DE00002D0F9F71DFFC3B2C0225204DA400723B4
:108DF0009340039AF8209A430392F8221823012102
:108E000012044004150040000D40013B2843520865
:108E1000002BF7D1C0012033002802D0F9F700FF62
:108E2000C3B2C0225204DA4005239340039A13438D
:108E3000029A13600422B3681343B3600422B36838
:108E40001A40029204221342F8D10125B36880200F
:108E50002B43B360A0260823F605B361C001F9F7E0
:108E600049FF0EF001FF2800F9F7F2FF0223029AF2
:108E700063605B19A3600533E260256121001295F0
:108E80003000636111F010FC0923053512952100B3
:108E90003000636111F008FC3949494B8A68494840
:108EA0001A40A023DB0413433F228B60CB6893431B
:108EB000C2221D43CD60802192008358C9051B0248
:108EC0001B0A0B43835080231B0103603E4B1A682F
:108ED000520609D419683D4A11403D4A0A4304210B
:108EE0001A605A688A435A6040268020DA692E49FF
:108EF00040010A40DA611A68002532431A60F9F726
:108F000007FF0120F9F7A4FF0223A02063600133CB
:108F1000A3601D33E560656112931F3B210023614F
:108F2000C00511F0C1FB8023A02012932100256110
:108F3000C00511F0B9FB274B1A6832424ED11968AF
:108F4000224A1140244A0A4304211A605A688A437B
:108F50005A6043E038000020006CDC0210E000E0C2
:108F6000FF52070000ED00E0EC1800200004005064
:108F7000000800500014005000100240001400408F
:108F800000000140FFFFC0FFB02A00008000024047
:108F9000F01800201814005000240140FFFF9FFF2C
:108FA000FFFF7FFFFFFFFFFCFFF7FFFFFFFEFFFF5D
:108FB000FFFF0FFFFF17FFFF302401400C2401408B
:108FC000FFFFFFC000E100E0003800404000FFFF6D
:108FD00007030000003001402F030000DA695D49FB
:108FE000E2200A40DA614022196800260A431A602A
:108FF0000423594A9362FAF797FA5848FBF768FD39
:1090000030000136F6B2FAF797FA082EF8D12B2085
:10901000FAF78AFAFA208000FBF75AFD2E20FAF7B9
:1090200083FAFA208000FBF753FD2F20FAF77CFA31
:109030002F20FAF779FA2F20FAF776FA2F20FAF78D
:1090400073FA4748FBF744FD4020FAF76DFAAF206A
:10905000FAF76AFA0423404A022593610FF090FF61
:109060000CF024FEFA223F4B01201A70F9F7F0FEB3
:109070000EF0FAFD0120F9F74BFE8020C001F9F750
:1090800047FE0023E360C023DB0012930322012389
:10909000A0206361A260236121006560C00511F01A
:1090A00003FB28000FF058FB28002F490FF036FB78
:1090B00080212E4B2E4A2800DA602E4A49009A6001
:1090C0000FF03CFB2C492D4B8A682D4D1A40E023B4
:1090D000DB00134380228B603B6BD20113433B6365
:1090E0003B6B284A13403B63EB68274A1340EB6015
:1090F000EB689B0400D58DE0EA68244B1A400C23F2
:109100001343EB606B69134A13406B612B69204A70
:1091100013402B616B691F4A134038226B61BB6897
:109120001340102B3AD00ED8082B00D116E307209D
:109130007B683A685B0B034017499B00D20A0240E8
:109140005858D0403CE0183BB343F0D18020000297
:1091500036E0C046FFF7FFFF00040050C0D4010016
:10916000409C0000D3200020A02000001C000240F2
:10917000701900200438014000000140FFC0FFFFCB
:1091800000380140FFBFFFFFFFDFFFFFF3E9FFFFF4
:10919000FFCFFFFFFFFCFFFF88C301080322FB682E
:1091A0001340934200D1D4E27B68EE4A1B045B0F6C
:1091B0009B0098580C23FA681A4200D0CBE240007A
:1091C000BA68E9491205120F920052581F210A404D
:1091D000D040BB68E54A5B045B0F9B009B580B408B
:1091E000D84017D01923962158438902F9F7A2FBDA
:1091F00064210700F9F724FC080132306421F9F7F3
:1092000099FB642106003800F9F794FB0001361839
:10921000B6B2AE6040236A69022013436B610FF05F
:10922000A9FA80230026EA689B011343EB602821FA
:109230006E60CF480CF010FC0120F9F769FD0120A9
:10924000F9F706FE80200004F9F754FD0EA90A0084
:10925000C84BA1CBA1C20C22200011F0FAFB2200C6
:10926000C54BC649A1CAA1C3C54BC64A1E60C64B61
:10927000C64DC7488B61531CDE77C64B5560966060
:10928000D66010611E001B68002BFBD1326013609A
:10929000C14A1061012055609360D360BD4D531CDD
:1092A000D8772B002D68002DFBD11A60AF231560F5
:1092B00002225B00B948CA540EF06CFCB8480EF0AC
:1092C00069FC0722B74BC0219D731D701A72063AC4
:1092D0009A72C722B4485D729200835809061B0235
:1092E0001B0A0B43835080231B060360AF4E0E22E4
:1092F0002D21300011F07EFA8023AD4A9B00B5731A
:1093000093618022AB4952008A618B6180212800E1
:109310000902FAF7ABFD29002800FAF7A7FD37206C
:10932000A549FAF7A3FD22213620FAF79FFDC621B1
:1093300010208900FAF79AFD1120A049FAF796FD4E
:1093400012209F49FAF792FD13209E49FAF78EFDED
:10935000842114208900FAF789FD49209A49FAF7F7
:1093600085FD7B209949FAF781FD7D209849FAF720
:109370007DFD48209749FAF779FD40209649FAF794
:1093800075FD10222000954911F063FB615D2B03F0
:109390001943092089B20135FAF768FD102DF5D17E
:1093A000F8211C20C900FAF761FD1D208C49FAF74D
:1093B0005DFD1E208B49FAF759FD1F208A49FAF7F7
:1093C00055FD3E208949FAF751FD73208849FAF787
:1093D0004DFD77208749FAF749FD19208649FAF7AC
:1093E00045FDB42128200901FAF740FDAA212920D2
:1093F0000902FAF73BFDCC212A20C901FAF736FD14
:109400002C207E49FAF732FD2F207D49FAF72EFDF8
:1094100053207C49FAF72AFD7E207B49FAF726FD86
:1094200046207A49FAF722FD4A207949FAF71EFDCB
:1094300007207849FAF71AFD90210024764B774AE5
:10944000332009021A80FAF711FD00213F20FAF7B4
:109450000DFD73480EF0D0FF03F0D6FAFF22F02581
:10946000260027006F4B6D031C806F4B1C706F4BE9
:109470001C706F4B1A706F4B1A706F4B1C706F4BD8
:109480001C706F4B1C706F4B1C706F4B1C706F4BC4
:109490001C706F4B1D600EF0DDF90494059403956C
:1094A0002800202212A9FBF7F9F812A80EF04AF9B9
:1094B00000281BD0442204AB9B181B783C3A134273
:1094C0000BD10121614A1170002F03D0139A049926
:1094D000914202D20700139A0492002E02D0169AEB
:1094E000944202D2169C059303950600F42320357E
:1094F0005B039D42D4D1574B002E00D130E10134A3
:109500001C60039B2033AB4201D2514A13600024FC
:10951000A74201D0049C01344F4B1C60002E02D0A6
:10952000059B1B0712D412AD10220021280011F058
:1095300061F90123F8225B425242139428006B81A7
:10954000AA81AB730EF0E6F90EF084F908224348C5
:1095500012A9FBF7A3F8424B04AA4048138712A9AB
:1095600080E0C04688C30108A8C30108E8C3010819
:1095700060C7010830B50108BC1A0020EC000020CB
:109580007C020020981A002008C40108054B01083D
:10959000D13E0108701A0020741A002044000020F7
:1095A0003C000020005C004000E100E0C4200020FE
:1095B00000140050000400501F9D00003A030000FA
:1095C000DB030000DF030000B22A0000DC730000B0
:1095D00020E90000A8330000163500005BB6010842
:1095E00055E50000584C00005AC60000C694000023
:1095F00091460000EF880000411000002218000092
:1096000090980000282000003E3000000A60000012
:1096100030540000CE610000C81A00200090FFFF07
:10962000C2200020E21A0020E01A0020121F0020B1
:10963000DF1A0020DE1A0020DD1A0020DC1A0020CC
:10964000DB1A0020DA1A0020D91A0020D81A0020CC
:10965000D41A0020D01A0020CC1A002058A10000F3
:109660002963000000230822FBF7DEFC03F086FDDF
:109670000221002003F04CFE0221012003F048FEED
:1096800002F082FE012008F033F9D2480EF0B4FE59
:10969000D1480EF0B1FED1480EF0AEFED0480EF02B
:1096A000ABFE002006F016FDFBF774F8CD4C002849
:1096B00058D10027FF2200239446CB492678CB4C73
:1096C0000B706A466546107A029A2A40D200155DF0
:1096D000002D07D0002E00D086E0A218D279332AC0
:1096E00000D081E0002B00D00870FBF753F8002871
:1096F0007FD00A2404F052FDFBF7C4F904F08AFC81
:1097000001237F220021BA48009404F0F5FA0323D4
:109710007F220021B748009404F0EEFA0024FBF702
:10972000EBF8FBF7DBF8FBF765FAFBF733F80028FB
:1097300000D192E00024B048FBF7CAF9322CF4D1F2
:109740001322AE4B1A70AE4B1A700022AD4B1A802A
:1097500057E0AD482EE50323584331E5AA482FE5ED
:109760001E60D4E6FBF7EAFD0600A848FBF7B0F957
:10977000FBF710F800289CD0FBF7E0FD0500A3489C
:10978000FBF7A6F9A24B5A7F0A32964211D0B54296
:109790008FD10221994A1570994A1570994A118002
:1097A000122D0ED0112D84D101229A4B03271A704D
:1097B00080E70122197F02274A401A7703F0E2FF6F
:1097C00078E71A7F002A00D073E701275A762770BE
:1097D00003F0D8FF332007F079FD8F4B8F4A1870C4
:1097E00012788F4B1A6065E7029B013302930123C5
:1097F00067E7FBF7A3FD132800D07AE7002F00D01E
:1098000077E7884B824C1B78002B30D1864B1B7836
:10981000002B2CD10520083407F00CFFE37F3C2BF4
:1098200022D8FAF7D5F8814B01221A70804B784F75
:109830001B78022B01D0052B01D1F9F747FD3B0026
:10984000383318780138042800D95FE1F9F768F84F
:1098500054015A01B201B901B901FBF76FFD132898
:1098600000D067E7013466E7FBF7C4F9DBE72500C2
:10987000403504F093FCFBF705F904F0CBFBFBF754
:109880003BF8FBF72BF82B780422190091430129B0
:1098900016D10FF075FBFBF7ADF90422654B5C4E5A
:1098A0001B789343012B00D0DEE00025012F00D070
:1098B000E8E03836357038000BF008FE5E4BB3E751
:1098C000042B09D10BF050FEFBF716F8FBF706F856
:1098D00001200DF067FDDEE71022584806A9FAF7CF
:1098E000DDFE10220AA95648FAF7D8FE554B1E880D
:1098F000300002F085FA642102903000F9F7A0F8F8
:1099000030008BB264210393F9F714F8029B4E499F
:1099100082B200930EA8039B0BF03CFE2B784B49C0
:10992000032B0BD0002B45D104AA127A04AB1B7E6B
:10993000002A0BD14649002B00D00AA906A811F035
:1099400080F80EA90AA811F07CF801E0002BF8D0ED
:109950000A2500237F221900009506A804F0CCF9FF
:1099600002237F22002100950AA804F0C5F90423F0
:1099700000217F22374804F003FA8021364B7635E8
:109980004942180080300278013DD24302701A78B3
:10999000EDB24A401A700133002DF2D12F4A3049FE
:1099A00012A80BF0F7FD06237F22290012A804F06D
:1099B000E7F989E7022BCBD104AB1B7A002B03D14B
:1099C000234906A811F03DF804AB1B7E002BBFD144
:1099D0002449B7E7781F00207A1F00207C1F002051
:1099E0007E1F0020761F00206C1F0020E8C40108A5
:1099F00026B601082EB601081027000055000020E9
:109A0000540000206A1F002000366E01204E000026
:109A1000801F0020E41A0020751F0020741F002002
:109A2000701F0020681F0020671F0020661F002095
:109A3000B81F0020C01F0020651F0020C8A0000024
:109A4000D8A00000661E002071B8010837B60108D2
:109A50003FB60108ABC40108651C0020A6C401087C
:109A600050B6010847B60108C84D2B78002B05D029
:109A7000FBF764FC1328F7D000232B70012007F0BC
:109A800037FF12E7032F35D1E31DDD7723003E3387
:109A90001D70230047331D70230048331D802300B1
:109AA0004A331D702423FF33E554B94BB94A1E686D
:109AB000B9493000A577A58402F02CFC3300023FA1
:109AC0002D331F70043B1F70300002F03BFBB34B83
:109AD00038001E6007F00CFFFAF788FCFBF742F92C
:109AE000AF4BB04A1D703D2365763834D37725706F
:109AF0000337E0E62F00DEE63A003B003932127809
:109B000029331A7001210800FBF77CFF3B003E332C
:109B10001978002903D01E224A43A34B1A700DF076
:109B2000E3FB01200BF0B2FF002802D001200EF071
:109B300015FF9E4B02931B78012B00D091E09C4BAC
:109B400003931B78002B03D19A4B1B78002B52D028
:109B5000994B9A4D1E782C68012E0ED93B00083384
:109B6000DB7F002B30D1002C01D0FA2C05D18023D3
:109B7000934A9B0151694B40536101342C60032E81
:109B800032D13B000833DB7F002B2BD08D4B9C4226
:109B900031D900232B60FAF79DFB01238A4C1A0070
:109BA00020881E2180B2FBF7A1F8238864339BB282
:109BB000238020E0FAF7F6FC844B18780BF086FC43
:109BC000A4E70FF00FFAA1E7002C05D12623FF33FD
:109BD000F85CF9F7D3FED0E77D4B9C42CDD19223C0
:109BE0005B00F5E77B4BD2E77B4B9C4203D900231C
:109BF0002B60012ECFD0794B1A78002A03D16D4A01
:109C00001278002A2DD000221A70754B1B889342BF
:109C100004D13B000833DB7F3D2B04D12623FF33E7
:109C2000F85CF9F7ABFE0024C822039B92001C707D
:109C3000654B1A806B4B1B78A34208D06A4D2B787A
:109C4000012B00D083E002332B70FAF71BFFF9F7EA
:109C50002DFD062001F074FE042002F05FFD0BF0E4
:109C600027FC624B03931B78002B00D0B1E1029BD1
:109C70001B78012B03D05E4A9B009B5898475D4E92
:109C80003378002B04D05C4B1B78002B00D0A0E174
:109C900001F046FE002809D10023584DEB56002B59
:109CA00064D17B1DDB7F002B00D0BBE0544B1B78C5
:109CB000002B00D126E1534B1B78002B00D121E172
:109CC00002F04AF8002800D01CE1BB7D4E4A9B07F9
:109CD0005B0F9B5A0730BC8A04930BF0ADFF0F2338
:109CE0000509ADB21840022820D90A200BF0A4FFC4
:109CF000C3041BD4C0B2092818D92B00DD22193B9C
:109D0000FF3B9BB21201934210D3049A3F4B404950
:109D1000944200D8C6E01A88A21A012A00D0C4E0F2
:109D20000A88100502D4132A00D9BEE0384B1D80E2
:109D3000364B1C80374B1B78002B00D0A6E2314BF2
:109D400000221978200049B20CF060F8D4E0022B10
:109D500000D07AE7220021001020FCF7D1FD01227B
:109D60002D4B2C701C702D4B1A706EE72C4B1B78F2
:109D7000002B96D0284B1B78002B92D1FCF702F9D0
:109D800001F0CEFD00288CD090E7C046D320002003
:109D9000701E002090FE9602050400006C1E00203C
:109DA000681E0020881F0020641F00205E1F002006
:109DB000FE1E0020FD1E0020FC1E0020F81E0020BC
:109DC0000008005010210100500000205300002026
:109DD000983A000098340100E0280100F41E0020A9
:109DE000341F0020F31E0020F21E0020661F0020FA
:109DF000BCC40108521F0020361F0020181F00207D
:109E0000ED1E0020171F0020D8C40108741E00207A
:109E1000761E0020DE1E0020141F0020F11E0020F0
:109E20004F000020184C2378002B00D13EE7002380
:109E3000EB56002B00D039E7144B1B78002B00D0D9
:109E400034E7029B1B78052B00D12FE7104B1B78C2
:109E5000002B00D02AE73378002B00D026E7F9F753
:109E6000BFFA0C4D2B78002B05D00B4B187800282F
:109E700001D10BF02BFB0023084A2B701370084A0A
:109E80002370137012E7C0464E000020141F0020FC
:109E90002B1F0020F01E0020371F0020EF1E002087
:109EA000EE1E0020049A94420CD11A88121B012A3B
:109EB00008D1C34A1288100500D437E7C14882424E
:109EC00000D933E71C80C04B0D801B78002B00D0DD
:109ED000D0E1BE4A13800122BD4B1A70FB7C002BDF
:109EE00000D13C82FAF786FEA0238022DB055200D7
:109EF0009A61B84BFF3A1A7003200BF0E7FA002280
:109F0000B54B1A70BB7F002B09D0B44BB44A1B88E9
:109F1000002B00D0C2E11388002B00D1C2E1B14C6C
:109F20002378002B1FD0B04B1B78002B15D1AF4BE3
:109F30001B78002B11D1FB1DDB7F002B0DD0AC4B10
:109F40001B78002B09D1AB4BAB4A1B78127813431B
:109F500003D13378002B00D1F3E1FA22A74B920012
:109F60001A8000232370A64E3378002B31D0029B39
:109F70001B78052B2DD1A34D2B78002B00D1E4E1CC
:109F8000FAF75CFABB7F002B05D03B00FE33198C3F
:109F9000D88BFAF753F97B1DDB7F002B10D0964B43
:109FA0001B785BB2002B0BD1914B1B78002B07D198
:109FB000954B1C78002C03D1F9F712FA934B1C70C7
:109FC00001F0D6FE0A22924B1A8000232B70002348
:109FD0003370904B1A78002A00D1A0E500241C7041
:109FE00003F0A2FBFAF790FD8B4A2000138801339F
:109FF0009BB213800BF04AFDA04202D020000EF06D
:10A00000ADFC039B1B78002B01D1FDF74FF9834B6F
:10A010001A78002A00D182E500221A70804A13784B
:10A02000002B07D0013BDBB21370002B02D10122C1
:10A030007C4B1A70029B1B7802937B4B1B78002B86
:10A0400008D0029B012B00D1B7E101F085FE00286A
:10A0500000D0BCE1754A1378002B21D0013BDBB264
:10A060001370002B1CD1724B1A688023D28BDB003B
:10A070009A4210D26F4B1B78013B022B0BD86E4BD0
:10A080001B78002B07D1F9F76BFB6C4B1878022873
:10A0900001D101F055FCFCF709FB0022684B1A7056
:10A0A000684A1378002B13D067490978072901D033
:10A0B00000290DD1013BDBB21370002B08D1634B9B
:10A0C0001B78002B04D0FCF727FA0122554B1A709D
:10A0D0005F4A1388002B00D07BE100235D4A059383
:10A0E0001378002B00D081E105F086FD5A4B0493D4
:10A0F0001B88002B00D082E1584B1C88584B1D78E0
:10A1000078236B439C4218D1564E3378002B14D0E1
:10A11000FAF7CCFCF8F7F4FF00210620FAF738F83C
:10A120000A22FB1DDB7F5343394A1380002301229F
:10A1300033703C4B1A704C4B1A70029B494E012BEA
:10A1400000D1ACE101F008FE002800D0A7E1294BC6
:10A150001B78042B00D1A2E12B4B1B78002B00D0E5
:10A160009DE13E4B002C00D170E1013CA4B21C806B
:10A17000002C00D06AE101220425049B32701C806F
:10A18000234B1A80F8F7BCFF2000384CF9F7F6FB98
:10A190002820A562F9F7C8F94020F9F7C5F9AE20E3
:10A1A000F9F7C2F9A5610322314B06201978013174
:10A1B000114019704B425941C9B2F9F7E9FF57E113
:10A1C000761E0020EB0F0000DE1E0020DC1E0020AB
:10A1D000DB1E0020781E0020ED1E0020E61E002061
:10A1E000E41E0020EC1E0020141F0020EB1E0020A7
:10A1F000321F0020371F0020181F00204C000020B5
:10A20000EA1E0020E91E00202B1F0020E81E00206F
:10A210002C1F0020631F0020001F0020621F002051
:10A22000611F0020601F00205F1F0020581F0020BA
:10A23000541F0020531F0020521F0020511F0020D8
:10A24000501F00204F1F00204E1F00203A1F0020EB
:10A25000381F0020361F0020341F0020301F002030
:10A26000520000202E1F0020651F00200004005017
:10A270002A1F00208C490B782F2B0CD85A1CD2B2E5
:10A280000A708A495B005C52302A04D08723DB00C5
:10A290009C4200D253E50BF0F1FD2DE60021844BEA
:10A2A000118019703378002B00D038E6029B1C789F
:10A2B000FD23A21E1A4200D131E67E4B1B785BB211
:10A2C000002B00D02BE67C4B794A187800281ED052
:10A2D00011787A4A002914D064211180012C00D011
:10A2E0001DE6774A1278002A00D018E61B78002B6A
:10A2F00000D014E6F9F7EEF9724B1C70724B1C702B
:10A300000DE6128891B2002AE8D11970E6E71278BA
:10A31000002A00D103E601221A70052C01D107F0B2
:10A3200089F9029B1B78012B00D1F8E5674B1B785C
:10A33000002B00D0F3E508F0E1F90122624B1A701E
:10A34000EDE5052007F076F90BE6614B1B78002B55
:10A3500000D03CE67B1DDB7F5E4A5F4C0492002B05
:10A360000BD0544B1B785BB2002B06D15B4B1B7898
:10A37000002B02D12378002B17D0FB1DDA7F584B1E
:10A3800019780A23002900D0BE335343049A13805E
:10A3900001232B7000252570F9F7D6FFFAF704F892
:10A3A00029002800F9F7F4FE11E6F9F719F80A2355
:10A3B000049A1380093B237009E64A4B01221B884B
:10A3C0009BB2134200D145E63E4B1A7042E6464B23
:10A3D000F4E7013B9BB21380002B00D07DE6434B9A
:10A3E0001B78013B5A425341DBB277E6013B1370C5
:10A3F0003F4B1B78002B00D176E6FFF790FB3D4AE0
:10A400001278002A00D077E6344A1278002A00D069
:10A4100072E6364A1278012A06D1132800D16BE67B
:10A420001538012800D867E6049A013B9BB21380D7
:10A43000002B00D060E63B000833DB7F3C2B00D9CB
:10A440005AE6F9F7C5FAFAF7B7FA55E61B885A1E25
:10A45000132A09D8002D07D000209B0702D12623FC
:10A46000FF33F85CF9F78AFA3378002B00D09AE6CC
:10A47000039B1D78002D47D01F4C20000DF0BCFF22
:10A48000FA221E4B52001B88934206D81C4BDA88D6
:10A4900023889A4201D3FFF742FBFBF70DFC782299
:10A4A0006A43184B1A80DFE7DA1E00207A1E00206C
:10A4B000E31E0020181F0020E21E0020E01E0020E6
:10A4C000141F0020651F0020601F0020FD1E0020BB
:10A4D0002B1F00202C1F0020E81E0020321F002010
:10A4E0002E1F00205C1F00205A1F0020371F002055
:10A4F000521F0020331F0020C2200020C020002057
:10A500001E1F0020301F0020B44B1C880134A4B251
:10A510001C80029B012B13D0E30711D4B04B187899
:10A520000493461CF6B21E70AE4B4000C0180DF0EE
:10A5300063FF032E01D9049B1D70012005F0CAFDA5
:10A54000A4070BD1A84B1B78002B00D004E1A74B2C
:10A550001B78002B02D00122A54B1A70A54B1B784B
:10A56000002B65D1A44B1B785BB2002B60D101F0AE
:10A57000D7F900285CD1A14B1B78002B03D0A04B4E
:10A580001B78002B54D09F4B1A78042A50D09E4B36
:10A590001B78002B4CD19D4B9D481B78002B12D073
:10A5A0009C490B78002B0ED09B4C2478002C0AD1B0
:10A5B000012A08D0013BDBB20B70002B03D18C4980
:10A5C000013343760B70059B002B31D00021934B58
:10A5D0001980012A08D105F00FFB132802D0153885
:10A5E000012801D8FAF706FB8D4C2378002B03D104
:10A5F000894B1B78002B02D0022001F0A1F9FCF757
:10A6000043F8FAF711F900237D4A23701370854A45
:10A6100013700122844B1A70844B1B78002B04D0DA
:10A6200001F09AFB002800D1032528000AF04EFF14
:10A630007F4B1B78002B18D17E4B1A78002A14D040
:10A6400018780138C0B2187000280ED102F066F8F0
:10A65000764B1B78002B08D001F07EFB002804D13C
:10A660000BF010FE03200AF031FF734B1B88002B08
:10A670000FD13B000833DB7F013B3B2B09D8604BFC
:10A680001B78002B05D15B4B1B78002B01D1FAF70F
:10A6900093F96A4B1B78002B1ED0694D01212C8841
:10A6A000684B0134A4B222000A40110000201A7045
:10A6B0002C8003F0EBFA029B012B0DD01D2C50D8FF
:10A6C0000AD1494B1B78002B06D15F4B1B78002B1E
:10A6D00002D1022001F034F901F022F900285ED005
:10A6E0005A4B1B78002B5AD159490A78012A56D85F
:10A6F000584803780133DBB20370012A07D1202BBD
:10A7000005D9554B1B7802330B70394B1A70012257
:10A71000454B1A703B4B1B78002B0AD14F4B1B78D3
:10A72000002B06D101F018FB00283DD0012003F0DA
:10A7300099FD4B4B1B78002B01D1FFF7F0F90DF081
:10A7400033F8484A484913888B4201D9FFF7E7F9A3
:10A7500001331380FFF7E3F90122254B1A70324BC6
:10A76000FBE600232B80204B1B78002BB4D1364B0B
:10A770001B78002B02D1022001F0E2F83B4B1B7842
:10A78000002BA9D1039A01330520137006F052FF64
:10A79000374BDB7F3C2B9FD8F9F71AF99CE7154B19
:10A7A0001B78002BB3D1B5E7324B1D78002DC0D0FC
:10A7B0000022314B9A56022ABBD100242F4E345727
:10A7C000082C76DC0123200018401C4258D19D4201
:10A7D00001D003F01BFD01343470AAE71C1F0020D8
:10A7E0001A1F0020781F0020681F0020191F00205A
:10A7F000651F0020321F0020181F0020171F002097
:10A80000331F0020371F00202B1F0020BE1F0020F9
:10A81000801F0020641F0020161F0020381F00200A
:10A82000531F0020151F0020601F0020521F002012
:10A83000141F0020131F0020341F0020061F0020BB
:10A84000041F0020031F0020021F00200A1F0020F9
:10A85000091F0020081F0020071F00200B1F0020D9
:10A86000121F0020101F0020FDFF0000671F0020A6
:10A87000881F00200E1F00200D1F00200C1F00202D
:10A88000012D08D1601E0628A5D8F8F72BF80AA4D8
:10A890000AA40EA41000180003F0B8FC032D9AD1EE
:10A8A000F0E7032001F04CF895E70420FAE70520D3
:10A8B000F8E718703DE7C046F0B58B4B04001B78F5
:10A8C0000E00150085B0002B00D1B8E10F2801D192
:10A8D00000F0DAFD0022854B1A70954201D100F09C
:10A8E0006DFD0D283DD0112827D00A283ED1804D7E
:10A8F0002B7893421DD17F4E7F4F3278F95C914285
:10A9000019D001330A2BF9D101340A21E0B2F8F74A
:10A9100097F87B5C33700CF03BFC0022774B1A708D
:10A92000774B1A700BF074FE022001F009F8012336
:10A930002B7005B0F0BDDCB2E6E7724C2378002B3B
:10A94000F7D1714A1370714A13706C4A13706C4AD4
:10A9500013700BF05DFE022000F0F2FF0123237064
:10A96000E7E70CF043FC0022694B78E11228E0D8BD
:10A97000F7F7CCFF59001300130013001300130066
:10A980001300130013001300DFFF78008C00F7FFA3
:10A99000DFFFDFFFDFFF9900B100002EC9D05D4A65
:10A9A0005D4B1278661E0192544AF6B2995D10789A
:10A9B000554B534F1D78A0421DD1002D1BD0387828
:10A9C000013D0130F8F726F905227243534B3970E7
:10A9D0009B18019A5B5C002A05D11A00413A192A9A
:10A9E00001D82033DBB2494A535501224C4B1A702F
:10A9F0000BF00EFE9DE705211470002271433A70A2
:10AA00006A1CD2B21A70454BCB5C0199002905D162
:10AA100019004139192901D82033DBB23B494B5584
:10AA200000238B54E1E7002E00D182E7334E344CF3
:10AA30003578002D11D1344B1B78002B0DD0334AC3
:10AA4000013BD15C202904D11031D1540123237062
:10AA5000CBE70DF0F7F82570C7E70DF0F3F800230A
:10AA60003370F4E7002E00D163E70022234B264920
:10AA70001A70234B1A702A4B1A700B789342B7D076
:10AA8000013BDBB20B702149CA54B1E7002E00D163
:10AA90004FE70023194A1370194A1370204A1370A4
:10AAA0000DF0D0F8A4E701231A4A11784B40137037
:10AAB0000BF0AEFD022000F043FF3AE70C4A002EF7
:10AAC00002D00023137034E71378002BF9D1012151
:10AAD0000F4B1970F5E700230B4A13700B4A1370E4
:10AAE000064A1370064AE2E70B1F0020D90800202F
:10AAF000D90300200100002080C001083706002093
:10AB000036060020D80300202B040020DA030020A2
:10AB1000530000200000002077C001084AC001084F
:10AB200038060020C44B1B78002B00D101E700221F
:10AB3000C24BC34E1A70C34B1A703378934200D184
:10AB400056E7C14C2368934201D101F01DFC2468F3
:10AB50006369186801F02EF8002804D02300283318
:10AB60001B78002B60D1B94B1B78002B5CD13334A0
:10AB70002378002B03D0B64B1B78042B5BD0B54B4E
:10AB80001B78002B59D0062083424ED8F9F7E7FBFB
:10AB9000012006F04FFDB04B00241A7E0A2301323B
:10ABA0005343AE4A13801388AD4A9BB21380AD4B1A
:10ABB0001C70AD4B1C70AD4B1C70AD4B1C70F9F78D
:10ABC00089FB2000F9F796FB21005120F9F74EF997
:10ABD0002000F9F763FB9E4B1D78012D00D007E79D
:10ABE0003000F7F777FE0200A24B310018700132F7
:10ABF000A1480FF02EFF0222A04B1A70A04BA14AD1
:10AC00001D70A14B1D70A14B1C70A14B1C60A14B72
:10AC10001C70A14B1B6805331360A04B1C70A04B2C
:10AC20001C700BF0F5FCE3E6032001F077FD022039
:10AC300000F086FEDCE60120F7E70220F5E7994BFD
:10AC40001F78002F0DD010280BD00D2809D0002D13
:10AC500000D06EE6002E00D16BE6934B02221A70F4
:10AC600067E6924B02931B780193002B2BD0002EAA
:10AC700001D100F0EFFB002D00D0D1E32000F8F768
:10AC80009FFB0190FF2800D1B1E3894F3C78002C55
:10AC90000CD1884E0E222D2130000FF0ABFDB57384
:10ACA000631C019A3B70834B1A5501E00D2CF7D9B8
:10ACB0001022814B1A700022804B1A70804B013297
:10ACC0001A70794BCBE7122CC1D82000F7F728FE79
:10ACD00013001300130013001300130013001300DC
:10ACE0001300130069011202120288021D036B0394
:10ACF000710313001300002D15D0002E00D118E6AB
:10AD0000704B1B78002B00D013E66F4A1178002996
:10AD100002D01370694A1370F9F786FD01212000F3
:10AD2000FBF77AF905E6002E01D05F4B56E2674B40
:10AD30001B78002B00D030E1654B634F1B785BB272
:10AD4000002B28D0200003F033FA3B78012B00D8E9
:10AD5000EFE50A205F4B3E701A785B785043C018CD
:10AD6000C0B2002807D119225B4B1A7003F070FAA9
:10AD700002F046FFDDE5182800D9DAE5564B1870D9
:10AD800001F02CF90028F1D10222474B01301A7052
:10AD900001F03CF9EAE7304E737B02934F4B1D689C
:10ADA0003B78002B15D1EB8B4D4A9B18062B10D806
:10ADB000482229004B480FF04CFE029B4A4A5B0098
:10ADC000995BF3189B881180484A13800122484BF5
:10ADD0001A70200003F0ECF91022374B1A7003931D
:10ADE000F8F7BEFC0022354B1A708022EB8BD200A4
:10ADF000934202D20423039A64E6394A9B18062B35
:10AE000000D92AE72B693C781A683A4B93429B4158
:10AE10005B4206330193002C00D18AE503219C425A
:10AE200000D30D311020F7F70FFE039B1870019B24
:10AE30009C4261D93B707CE52B0400203706002042
:10AE4000DA030020360600206C1E0020FD1E0020C4
:10AE50005E1F0020671F0020801F00205C1F002055
:10AE600080030020FE1E0020F41E0020C2070020E8
:10AE7000C1070020AB050020AF0500203A060020E6
:10AE8000390600201006002008060020AC0500202E
:10AE900004060020000600200C060020AD0500205E
:10AEA000AE050020521F0020511F0020161F002059
:10AEB0004208002033080020581F002053000020C3
:10AEC000F11E0020371F0020531F0020D90800204A
:10AED000181F0020D0030020A91F0020541F0020AD
:10AEE00000FCFFFF88030020840300208203002071
:10AEF000501F0020FFE0F50503F072F900F0C0FFDD
:10AF000000220A21019B1B1B93423ADC6424444328
:10AF1000C74BC84F9C423CD9C74BE318BB4233D800
:10AF2000C64BA3429B41C64C1C40C64BE4182000B4
:10AF300000F000FE2B8E834210D0802380B2DB0015
:10AF40002886C018029B80B25B00F052F618B080D1
:10AF500002F0DEFB0221029802F0DAF9AE8B20004B
:10AF6000310000F0F5FDB44BC318BB4204D8B34B1D
:10AF7000984210D8B348801B28600122B24B1A8037
:10AF8000D7E448430132BFE7B04B9C42CFD91C0005
:10AF9000CDE7AF4CCBE7AF48EEE7F9F745FC310022
:10AFA000BDE6002E4AD0002D00D1BEE6AA4B1B788C
:10AFB0005BB2002B7AD000F0CFFE002804D1A74B63
:10AFC0001B88092B00D8B4E4A54BA64C1B68256848
:10AFD000002B56D08022A44BD2001B88934250D322
:10AFE000F8F7A0F82800F8F7C3F8002807D19F4B1E
:10AFF0001B681868F8F7BCF8002800D199E49C4B4E
:10B000009C4A1D7811000023AB4232D115004B350C
:10B0100029784E0090531F20013101402970202BC8
:10B0200002D001334A321370F8F7E2F803F010F956
:10B03000914B1B682360FAF7A5FF7AE4002D00D03E
:10B0400077E4019B002B00D073E401248B4B1C7030
:10B05000F8F786FB8A4B01991A781970002A00D0FC
:10B0600081E47D4B1B785BB2002B35D0F8F7D8FB21
:10B070005FE402318E1E36888642D7D00133DBB2C0
:10B08000C2E7ADB2280000F021FF802302785B42C6
:10B09000134303700100280000F008FF03F0D8F804
:10B0A0000122784B1A70784B1A70C1E7774A1370F7
:10B0B000774B1B78002B00D03BE4714A11780029B4
:10B0C00002D01370734A13700121734B0A000A20D7
:10B0D0001970FAF759FD2CE4704B1B7F002B03D03D
:10B0E000F9F7A2FBFFF725FC6D4B1C70694B1C7038
:10B0F000FFF71FFC01210B2C0FD1684CE37E002BC6
:10B1000001D1494249B2614B1B78002B07D0481E40
:10B11000431E984101210B3002E64942EDE7614AA6
:10B120001370614A1370627B5200A75A544A107818
:10B13000002802D013705D4A1370002D07D1002E35
:10B1400001D1FFF7F6FB0122594B1A7003E0002EE4
:10B1500001D1FFF7EEFB00223F4B9A56002A39D16E
:10B16000544BFB18062B1CD8534B544A1C68208E9A
:10B17000C00013185B6882582000F8F743FA504B60
:10B18000C218504B9A4200D967E52B4B294AC31885
:10B19000934200D861E52060F9F774F8F9F788F870
:10B1A000EBE67818130080B200F098FF464B984207
:10B1B00001D1FFF7BEFB874201D1FFF7BAFB637BEA
:10B1C0001A1D5200A05201225B00E0523F4B1A7040
:10B1D0002C4B43E50800FAF7A1FC3D4B01223EE56C
:10B1E000002D79D1002E00D09FE5002F00D088E0FF
:10B1F000194B234A1B785BB2002B7BD11378002BB1
:10B2000001D1FFF796FB0A21013BDBB21370314AF3
:10B21000D154002B05D1254B1B78002B01D006F013
:10B22000A7FC1022154B1A70F8F79AFAFFF79BFB50
:10B230003F771B003F6F400140B23EFC5F856104D9
:10B24000406F4001C04DC1034E08002080A4BF07DD
:10B2500040771B0000BD0105181F00204A08002090
:10B2600044080020C807002048080020701E002065
:10B2700016050020CC040020C4070020581F002021
:10B28000531F002023080020B3070020D908002006
:10B29000371F002053000020651F0020801F002062
:10B2A000B60700202208002024080020501F00209C
:10B2B000511F002000FCFFFF541F0020A8C0010800
:10B2C000C088E4FF402DA407FFFF0000B407002062
:10B2D000F11E0020D0030020002E01D1FFF729FB32
:10B2E000704B1B78002B01D1FFF73DFB06F040FCB3
:10B2F000FFF739FB6C4B17701F70F8F791FAFFF7E7
:10B3000032FBF9F74FF9FFF714FB684B1B78012B61
:10B3100001D1FFF70EFB664B1B78002B00D096E4A3
:10B32000002D02D1002E00D0FFE4624B1A7F002ACC
:10B3300000D0D5E6604A1078002D08D0002826D12C
:10B34000002E01D1FFF7F5FAFBF7F0F8EDE4002845
:10B350001DD15A4B1B785BB2002B14D1584B1B6884
:10B36000002B10D10E22574857490FF072FB574B54
:10B37000029A1D70012313701022554B1A70554B01
:10B380001D70554B2AE7554B02221A70F9E7002130
:10B3900006331170D87F524AD9771070012007F018
:10B3A0004DFA4C4BF0E729003000FBF7B1F9FFF7FD
:10B3B000C0FA3000FBF7FAF9FFF7BBFA122801D9FF
:10B3C000FFF7B7FAF7F7A2FA2FFBE9FAE9FAE9FA79
:10B3D000E9FAE9FAE9FAE9FAE9FAE9FA7AFB4EFB5D
:10B3E00062FBCDFAB5FAB5FAAEFB6FFB87FB122C08
:10B3F00000D932E42000F7F789FA96FC96FC96FC17
:10B4000096FC96FC96FC96FC96FC96FC96FC98FCAA
:10B410007DFE7DFEF5FE88FFD6FFDCFF96FC96FCE8
:10B42000122C01D9FFF785FA2000F7F76FFA66FCB6
:10B4300066FC66FC66FC66FC66FC66FC66FC66FCFC
:10B4400066FCBCFD63FE63FE55FF6EFFBCFFC2FFE2
:10B4500066FC66FC122C01D9FFF7F9FB2000F7F718
:10B4600055FA4AFC4AFC4AFC4AFC4AFC4AFC4AFCA3
:10B470004AFC4AFC4AFCEDFD49FE49FEBFFE54FF72
:10B48000A2FFA8FF4AFC4AFC002A01D0FFF751FAAC
:10B49000144B1D70144B1D70144B1D70144B1D70FC
:10B4A000FFF7A6FA501F0020C30700205E1F0020F0
:10B4B000531F0020801F0020D9080020181F0020E3
:10B4C0004408002033080020C42000204208002047
:10B4D000581F002053000020651F0020511F00202E
:10B4E000330400202B040020DA030020370600205C
:10B4F00036060020002300B50B604D2800D976E009
:10B50000F7F7FAF9272B33393B393B6B753F575720
:10B51000574343435F47312D5F272F5F57353D4DDD
:10B52000573149575F434B574545757573574F57CB
:10B53000475F37736B6B5731575B5D575F5F615781
:10B540005F57575757577173576553595959595939
:10B55000735F09230020136000BD1723FAE73D2322
:10B56000F8E701230B600A23F4E70723F2E76823D7
:10B57000F0E7204BEEE7D023ECE73223EAE728237D
:10B58000E8E705230B60AE33E4E71B4BE2E71B4B18
:10B59000E0E70523DEE70823DCE701230B6019233E
:10B5A000D8E703230B606033D4E7154B0B60154BD2
:10B5B000D0E70123CEE71523CCE77823CAE706239B
:10B5C000C8E70323C6E701230B600E33C2E70E4B27
:10B5D0001B6834331B78012B01D10223BAE7022BFD
:10B5E00003D10023B6E73F23B4E70423B2E70120E9
:10B5F0004042B1E7FFFF0000FF030000010400002C
:10B60000DC050000AC0D0000541F00200E4B49006B
:10B61000CA5A80231B0130B5D218040080201300C1
:10B620000C210A4D40015B00034200D06B40013900
:10B630000029F8D1D802064B18401043032C01D141
:10B64000044B584030BDC046AED80108EA0800009F
:10B6500000F07F00FFFF7F00704700000300002024
:10B66000044AC100515A994203D001300A28F8D146
:10B670000B387047B02200200122002010B5064B85
:10B680005968DC688C4201D2210010000132083375
:10B690000A2AF6D110BDC046B0220020074A084B46
:10B6A000D27F002A03D00533DB7F002B04D0054B6B
:10B6B0001B68054A13607047044BF9E7861F00209A
:10B6C000801F0020701E00206C1E0020541F0020D0
:10B6D0000023064A1370064A1380064A1370064A6E
:10B6E0001370064A1380064A13707047F221002037
:10B6F000F0210020EF210020EE210020EC2100208D
:10B70000EB210020F0B51E0085B0131CB24200D919
:10B71000331C00257F27DBB20093174BCC011B782D
:10B7200024180193154BE418009AEBB29A4201D801
:10B7300005B0F0BD019A331F002A10D0104A0392C1
:10B7400004229D4213DA80216B1C494219410422D4
:10B75000200039400FF04EF801350534E4E7094A7E
:10B7600002A90392084A029204229D4200DB03A927
:10B7700020000FF06EF9EFE724230020E51A0020E7
:10B780007F41417F3E22223E3E3E3E3E10B50400B8
:10B79000012903D00A4B8900C85810BD830705D181
:10B7A0006421F7F737FA1D200029F6D1C8212000BF
:10B7B0004900F7F72FFA484248411C30EDE7C046F0
:10B7C00048CB010870B504000D00012906D8012AF4
:10B7D00004D1002110320FF00DF870BD11222000AD
:10B7E0000A490FF036F9022DF7D9023D0D34042D28
:10B7F00000DD042503235D43651B2000022204496C
:10B80000033C0FF026F9AC42F7D1E6E73CB501085E
:10B8100003B7010870B50D0007490400F7F710F9E8
:10B8200020000E000449F7F785F8330002000349B1
:10B83000280009F0AFFE70BDA086010006B7010820
:10B8400070B5154B1B78002B0FD000232D25134C02
:10B85000E25C29000A2A01D03032D1B2C15401334E
:10B86000042BF5D10023037170BD002904D00C49CD
:10B87000013209F08FFEF7E780230A49DB009A4284
:10B8800003D0094B9A4203D108490FF0DAF8EBE7ED
:10B8900007490132EDE7C046531F0020D0030020C6
:10B8A0000FB7010882B70108FFFF000017B70108B2
:10B8B00012B70108FF22104B10B518600F4B01247E
:10B8C0001A700F4B1A7000230E4A13700E4A137031
:10B8D0000E4A137015220E4B1C700E4B1A70F8F79F
:10B8E00031FE0D4B1B78002B02D1022009F0EEFD3A
:10B8F0000A4B1C7010BDC046340500202E050020E8
:10B900002D050020300500202C050020081F0020F8
:10B91000091F002038050020321F0020651F00206D
:10B92000054B01201B78002B04D1044B18780238FA
:10B93000434258417047C046321F0020371F002045
:10B94000F7B5041E00D189E0431E012B04D8494BF2
:10B95000DB7F002B00D181E00220474E3378023B91
:10B960008343DBB2002B79D0062C77D8434F3B784A
:10B97000002B02D042490AF080F9A0238022DB0587
:10B9800052009A623378052B05D13E4B1B78002B71
:10B9900001D0F8F78DFC3C48F9F79AF87120F8F7D8
:10B9A0002BF8E31E0190022B04D88121702009029C
:10B9B000F8F75CFAF8F7E8FC0320F8F76FFC9C2135
:10B9C00070200902F8F752FA00213020F8F74EFAF9
:10B9D0002E493020F8F74AFAFA20C000F9F778F833
:10B9E000A0238022DB0552009A612948F9F770F8FC
:10B9F000062300255C43274A13199988A9422ED8AB
:10BA0000A0248025E4056D002348A562F9F760F8BD
:10BA1000F8F7D6FC2048F9F75BF871200199F8F7A0
:10BA200025FA3F78002F02D01C48F9F751F81C4B3B
:10BA30001B78002B00D0A561002F03D002201949EC
:10BA40000AF01BF93378052B05D10E4B1B78002B20
:10BA500001D0F8F7A9FC5022134B1A80F7BDA05A69
:10BA60005988F9F72BF901350748F9F731F8EDB2A4
:10BA7000C1E7C046811F00205E1F0020521F00202A
:10BA800001420000E91E0020204E000002030000D9
:10BA900060EA00007ED9010888130000102700002A
:10BAA000781E002001020000E61E0020F7B5040009
:10BAB0001727E02380221B0123401201934215D156
:10BAC0000025104B0093E305DB0D0193009A6B00FA
:10BAD000D35A019A934206D1EEB231000220FFF709
:10BAE00095FDA0420BD00135682DEFD101232340F5
:10BAF0009B056408013F1C43002FDAD1FF2630006C
:10BB0000FEBDC046AED8010870B502003224FF2049
:10BB10000023074E5900755A511B00D5A91AA1429E
:10BB200001DA0C00D8B20133322BF3D170BDC0461C
:10BB30004AD801080623054AD9005158814201D844
:10BB400058B27047013BF7D20020FAE7A8C00108BD
:10BB5000164B70B505000C00994215D11449F6F743
:10BB60006FFF0800AF218900F6F7E4FE4443033875
:10BB7000434258410E4924182800F6F7DBFE0C4DCD
:10BB800045436519280070BD0129FBD0FA239B00AD
:10BB9000994200D34C08601C80B24010210040192B
:10BBA000F6F7C8FE44432500ECE7C0464103000019
:10BBB000C4090000484B0100C218484B00B59A4226
:10BBC00000D985E0464B474AC318934200D87FE02E
:10BBD000454B18780A2800D97AE0F6F78DFE061949
:10BBE00063232D2F384347796D00404B994200D88D
:10BBF0006EE03F4B0020994205D93E4B994203D855
:10BC00003D4B1878013800BD3C4888428041FAE736
:10BC10003B4B3C4ACB1800209342F4D93A4B3B486B
:10BC2000C918F2E73A4A364B0020CB189342EAD9BA
:10BC3000384B3948C918E8E7324AF4E72B4B9942A8
:10BC400046D9364B00209942DDD9354BE7E7274BE3
:10BC500099423DD9314B00209942D4D9304B3148DB
:10BC6000C918D2E7304B3148C918CEE7304B314ABA
:10BC7000CB1800209342C6D92F4BCB189342C2D980
:10BC80002E4B9942BFD02E4B9942BCD02D4B99429E
:10BC9000B9D02D4B9942B6D02C4BC818431E9841B1
:10BCA0004042B0E7164B174ACB1800209342AAD95E
:10BCB000184B2748C918A8E70022264B1868884265
:10BCC00002D85868884205D801320833072AF5D1CE
:10BCD0000120E5E7002096E7C088E4FF402DA40797
:10BCE00040B23EFC3F6F4001741F00209F0BD1000B
:10BCF000BF0E1602FF59620234040020008793032E
:10BD0000004624FF7F1A060080217FFDBFC62D005C
:10BD10003F0D030040DF6FFD3F420F00BF80090170
:10BD200000A69DFDBFFB3900CF7257FD3E490000C4
:10BD300068343EFD5C440000489336FDB0A8E7003F
:10BD400020C0E70090D7E700E8DAEB00601914FFA5
:10BD50007F841E00A8C0010802220020034B1B782C
:10BD6000023BDBB29A424041C0B270475E1F0020E6
:10BD70000023144A1370144A1370144A1370144A9F
:10BD80001370144A1370144A1380144A1370144A1F
:10BD90001370144A1370144A1370144A1370144A1F
:10BDA0001268110034310978994201D113691B7965
:10BDB000104A13700022104B1A70104B01321A7087
:10BDC0007047C046D1070020D8070020DA070020BE
:10BDD000DE070020D5070020CE070020D90700206D
:10BDE000D6070020D4070020D3070020D207002068
:10BDF000701E0020DB070020E31E0020651F0020CE
:10BE00009322F8B51A4B52009A5C1C235343194AEB
:10BE100006009B180122191D0D88B54222D2164832
:10BE20004F88121892009B18FA225888198892009D
:10BE3000C01B5043491BF6F707FE040028000F49BA
:10BE40006043F6F701FEFA21C7193000890060430C
:10BE5000F6F770FD381801D5002002E0642800DDF7
:10BE60006420F8BD01320431072AD5D1F4E7C04679
:10BE7000801F0020BED70108FFFFFF3F18FCFFFF17
:10BE800070B50400F6F726FD002301000A2518000E
:10BE90008B4200D370BDE25C303AD2B2092AF9D8A5
:10BEA000684301331018DBB2F2E70000064B10B50F
:10BEB000984208D88023DB01C018400000230222EA
:10BEC00080B2F9F7B1F810BD06040000F8B5184BC0
:10BED00005000024984228D8FFF7C0FB2700154E24
:10BEE000A0421BDA144AF900715A914205D0013779
:10BEF0000A2FF8D1FFF7C0FB07008023FF00DB010A
:10BF0000BC1C3419E818022221004000F8F7C6FBD7
:10BF10000A4AF5531268F619726006E0074AC4002F
:10BF20001268331902345A6034192000F8BDC04633
:10BF300006040000B0220020FFFF0000F81E0020D1
:10BF4000224B73B504000D0098421DD800291BD068
:10BF50008023DB01C0180222400001A9F8F79EFBF4
:10BF60000222290001A80EF0BBFD00280DD12000FF
:10BF7000FFF774FB002807DB154B2A88C0001B184D
:10BF80005A80144A12685A6073BD29002000FFF7D6
:10BF90008DFF2000FFF762FB0D4E002807DBC0007D
:10BFA0002B88301843800B4B1B684360ECE7002064
:10BFB000094BC200B25A9A4204D001300A28F8D183
:10BFC000FFF75AFBC0003452EAE7C04606040000FF
:10BFD000B0220020F81E0020FFFF000070B5050011
:10BFE000192811D080260024F6002000FFF76EFFEC
:10BFF0004378AB4202D103787F2B05D90134A4B238
:10C00000B442F2D1002070BD0120FCE7F7B5060074
:10C010001924134B134D01932F782878012E19D131
:10C020001921F6F70DFD0131C8B22870FFF7D6FFD0
:10C0300000280ED12878B84203D0013CE4B2002C8D
:10C04000EBD1FFF7CBFF002803D11922019B293345
:10C050001A70F7BD19211730F6F7DCFDE3E7C0468B
:10C06000801F0020A91F002070B506000C001500DD
:10C07000FFF72CFF8023DB009E4229D20378002C9F
:10C0800002D05AB2002A23DBDB435B0720D0002C0E
:10C090001CD0182D04D94378002B03D0200070BD8C
:10C0A000002D15D04378192BF8D0AB4210D1094A96
:10C0B000094B1278002AF1D09A8D0024B242EDD0BB
:10C0C000DC8DA41B631E9C41E4B2E7E70124E5E795
:10C0D0000024E3E7AA1F0020801F0020F7B5802579
:10C0E000ED000E0004002F00009201930B4B9C42C8
:10C0F00012D0BC429B411C402000019A0099FFF7DE
:10C10000B3FF002806D1013DA419ADB2A4B2002DA1
:10C11000ECD1024C2000FEBD014CEDE7FFFF00001A
:10C12000FF0300000279531E022B03D90023037181
:10C13000002105E06723012A00D1363B9942F7D858
:10C1400041717047F0B5036904008BB01868FFF7C0
:10C15000F1FC022800DD71E0674B684AD57D002DB7
:10C1600000D06EE0A31CDD7781235B426384FE2355
:10C17000FF22DB01A384E31DDA7763691868FFF708
:10C18000D9FC2300019029331B785D1EEDB2002BF2
:10C1900001D15B4B1D780123052D03D0AB1F5A4203
:10C1A00053415B00019A5749501803225343000141
:10C1B000C01804A9F8F772FA534B0293019B022BA3
:10C1C00001D1524B02936B1F5A1E93410326033336
:10C1D000039304AF387803001833DBB2052D06D87B
:10C1E000039B5843029B595DF6F72EFCC3B2013EF8
:10C1F000F6B23B700137002EECD104AB019A1878EF
:10C200005D789F78424BD200D1589B185E68636975
:10C210001B6899420EDA9E4200DC6BE08A195208D4
:10C220009A4262DB2E1A581A7043511AF6F70CFC28
:10C230002818C0B22A3420700BB0F0BD80235B02F6
:10C240008BE7ED1823002F0021330493033305936C
:10C25000023B069303330793023B0893033309938E
:10C2600004AE60372800012202CE1035F8F716FA26
:10C27000AF42F7D1E31CDB7F201D0193A71CC57FD4
:10C28000F87F611D4210CE7FE11D9446C97F019A5F
:10C29000A31DDB7F520049004008864203D1012ED6
:10C2A00001D9023EB6B2934203D17D2B01D80233AD
:10C2B0009BB28D4203D1FD2D01D80235ADB260464F
:10C2C000F877601DC677FF2900DDFF21E01DC177EB
:10C2D000211DCD777F2A00DD7F22E11CCA777F2BCD
:10C2E00000DD7F23A21DD37747E77F1B981A784391
:10C2F000B11A9BE738009DE760000100801F002015
:10C30000580000200D100000B2D70108B8D701086E
:10C31000A8C0010870B51500040044220E000430C6
:10C3200000210EF067FA2800FFF704FC0D4B0422F1
:10C33000A383230008332086E683DA770222636131
:10C34000094BFF3222852560A56024619E4204D1FD
:10C350002300013AFF3A34331A702000FFF7F2FE4F
:10C3600070BDC046E204000001040000421CD27F00
:10C370000368012A03D182699B1883607047022AEF
:10C38000FBD182699B1AF8E710B5114B5A7B012A41
:10C3900001D900225A73991D5A7BC97F10000029C8
:10C3A00006D0591DC97F002902D150425041C0B268
:10C3B00048214A434143074C88329A182260883109
:10C3C000054A18735B181360FFF768F910BDC04683
:10C3D000801F0020541F0020701E002070B54A4DA1
:10C3E0002B682D331C78012C03D1484B1C78013469
:10C3F000E4B2A02380220026DB0552009A62444B5F
:10C40000310030001E70F7F7C3FE022C00D9340053
:10C4100020000CF0D9FD2B685B691868F7F732FF34
:10C420003C4B00201B681A0034321278824206D13D
:10C4300035331B78012B01D0022B00D91800F7F7F8
:10C4400059FF0020F7F72AFF7E20F7F7D5FA3823A7
:10C4500028219843014389B27E20F7F707FDF7F7BB
:10C460009BFF00213620F7F701FD37202A49F7F717
:10C47000FDFC52202949F7F7F9FC00213020F7F79D
:10C48000F5FC27493020F7F7F1FC2648F8F720FBA8
:10C490002B685B691868F8F76BF801210800F7F75B
:10C4A00077FE2148F8F714FB2A68204913005269E7
:10C4B0002A3310681B782222884200D81A3A802139
:10C4C0001B02134319433620F7F7D0FC1548F8F741
:10C4D000FFFA2B685A69107901280DD0831E012BB1
:10C4E00005D85179FFF792F8F7F768FE70BD002183
:10C4F0005120F7F7BBFCF9E752790D4B5200D05AA7
:10C50000F7F778FEF2E7C0466C1E002028080020EE
:10C51000781E0020701E00201F9D00008F0200006A
:10C52000FEC100001027000088130000FF3EAB0191
:10C530004AD8010810B51D4B400008431A78C0B214
:10C540000C00824230D018707E20F7F755FAC343B2
:10C550009BB2DB0BA34209D1C0210005000DDB0318
:10C560001843890101437E20F7F780FCC621102083
:10C570008900F7F77BFC11200D49F7F777FC1220B3
:10C580000C49F7F773FC13200B49F7F76FFC842174
:10C5900014208900F7F76AFC49200849F7F766FC80
:10C5A0007B200749F7F762FC10BDC046560000200B
:10C5B0003A030000DB030000DF030000B22A0000A2
:10C5C000DC73000070B504000520022C00D0043894
:10C5D000F7F764FE3120F7F70FFA012C55D120430D
:10C5E00081B23120F7F742FC42204049F7F73EFC88
:10C5F0002A203F49F7F73AFC3E4B1E78022E00D91D
:10C6000000263D4DF600715B2B20AD19F7F72EFC8F
:10C610002F206988F7F72AFC5420A988F7F726FC11
:10C620005520E988F7F722FC344B1B682D33187826
:10C63000002800D003200CF0C7FC4820F7F7DCF9F5
:10C640000F23184381B24820F7F710FCA11E4B1EA0
:10C6500099412B4B494219403D20F7F707FC7320C5
:10C66000F7F7CAF921004B1E99411023013C98436A
:10C6700063425C410901014389B27320F7F7F6FB7D
:10C680000021E0B2FFF756FF70BD0123984381B24D
:10C690003120F7F7EBFB42201A49F7F7E7FBE821D7
:10C6A0002A20C901F7F7E2FB00212B20F7F7DEFB78
:10C6B0002F201549F7F7DAFB022C08D11349542033
:10C6C000F7F7D4FB12495520F7F7D0FBB5E7114B2C
:10C6D0001E78042E00D900260F4DB600715B542041
:10C6E000AD19F7F7C3FB6988EDE7C0465C6F000042
:10C6F000347400002A08002086D70108701E00202C
:10C70000AB2A00005A6B00009098000009900000CE
:10C71000A9310000290800209ED701080D4B0028F0
:10C7200007D11870587001220B4B18700B4B1A7000
:10C730007047062804D1032218705A700520F2E7CA
:10C740000749084AC97F002902D1127B9854F5E7AE
:10C75000527BFBE7AC220020131F0020601F00204B
:10C76000861F0020801F00200121814A10B5136818
:10C77000013313607F4B197010687F4B4343CB41EB
:10C780007E48834236D87E4B7E4819700388002B42
:10C7900006D0013B9BB20380002B01D17A4B19706C
:10C7A0007A490B88142B08D90B88013B9BB20B806C
:10C7B000142B02D10121764B197076490B88002B7E
:10C7C00003D00B88013B9BB20B8073490B88002B75
:10C7D00008D00B88013B9BB20B80002B02D10121BA
:10C7E0006E4B19706E490B78002B03D00B78013B10
:10C7F000DBB20B7013689B0702D10122694B1A70E0
:10C80000694A1378002B03D01378013BDBB2137015
:10C81000664A1378002B03D01378013BDBB2137008
:10C82000634B1B78002B4BD162490A88002A08D041
:10C830000A88013A92B20A80002A02D15E4A012196
:10C84000117000205D4A1056002847D15C4A1278CA
:10C85000002A15D15B4AD27F002A11D05A1E012A24
:10C860000ED9042B0CD058490A88002A08D00A880F
:10C87000013A92B20A80002A02D1544A0121117071
:10C88000534A54491278002A5DD000285BD0524A9E
:10C890001288002A57D151480278002A53D1504AB1
:10C8A0001278D4B2002A4ED1042B4CD05A1E012A41
:10C8B00049D90A88013292B2182A1ED80A801FE08C
:10C8C000052BBED147490A88002ABAD00A88013A06
:10C8D00092B20A80002AB4D1434AB0E75A1E012A14
:10C8E000CED93D490A88002ACAD00A88013A92B2B4
:10C8F0000A80002AC4D1394AC0E701220C800270A4
:10C900003A490A88002A08D00A88013A92B20A8075
:10C91000002A02D10121364A1170364A1278002AC3
:10C9200015D0022B11D8002B11D1334A1388002BBC
:10C930000DD01388013B9BB21380002B07D101223D
:10C940002E4B1A7003E00022B8E7042BEDD12C4ADD
:10C950001388002B03D01388013B9BB21380294A14
:10C960001378002B03D01378013BDBB2137010BD9A
:10C970000C060020631F0020295C8FC251B81E05E1
:10C98000621F0020AA220020212300208003002013
:10C99000FE1E00205A1F00205C1F0020F41E0020F5
:10C9A000FD1E0020D0070020D3070020D407002060
:10C9B0005E1F00204C000020EC1E0020181F0020ED
:10C9C000321F0020851F0020DC0700204E000020C1
:10C9D00003000020A82200204A0800204F00002069
:10C9E000DE0700202C1F0020EA1E0020CE070020BA
:10C9F000D5070020171F0020DC1E0020ED1E0020A0
:10CA0000E01E0020D3200020F0B510259BB006AC1E
:10CA10002A00002120000DF0EDFE2A0000210AA8C6
:10CA20000DF0E8FE2A0038480AA9F7F737FE374E1E
:10CA30000AA83100F5F744FF12AF002800D188E0C2
:10CA40002A0031000EA80EF00DF800232A002E480F
:10CA50000EA9F8F7E9FA0822002104A80DF0CAFE91
:10CA6000A020082204A90002F7F718FE6B463F2217
:10CA70001B7DA02093436A4604A91375000200237E
:10CA80000822F8F7D1FA0822002102A80DF0B2FE20
:10CA900008221F4802A9F7F701FE6B466A465B7B36
:10CAA0001B48AB43537302A900230822F8F7BCFAD2
:10CAB000202239001748F7F7F1FD0022BB5C002B5C
:10CAC00006D0203B5E2B17D80132102AF6D1002366
:10CAD0000022B918097C002921D020395E291BD9F0
:10CAE0001022002116A80DF085FE00232022390017
:10CAF0000848F8F799FA14E01022002138000DF0E8
:10CB000079FE0123E4E7C04660A100001CB70108DC
:10CB100058A10000C8A000000132102AD9D1002B72
:10CB2000E3D107226946D348F7F7B8FD00256B46E5
:10CB30005B5701330DD10135072DF8D12A00CE49BD
:10CB400068460DF086FF00232A006946C948F8F7B9
:10CB50006BFAA020082221000002F7F79FFD0F23A7
:10CB600022781340042B00D90023C4490B70130909
:10CB70002F2A00D90023C24A13706378092B00D9E9
:10CB80000123C04DEB75A3785A1FD2B2AE2A00D94B
:10CB90000B232B76237901211A000A406A765A0862
:10CBA0000A402A779A06120F042A00D900226A77CF
:10CBB00001229B091340EB766379013B59424B41BB
:10CBC000AB77A379092B00D91300EB77E379082B16
:10CBD00000D904232A004B32137021000822AA48EE
:10CBE000F7F75CFD0F23227813400A2B00DD0A23A0
:10CBF0002621DBB21209FF316B549A429B411A4045
:10CC000092235B00EA546378032B00D90023AA1C0B
:10CC1000D377A378022B00D90023AA1DD377E3781A
:10CC2000052B00D90423EA1DD3772379022B00D9E1
:10CC300001236A1DD37763793D2B00D90C232A0089
:10CC400001210832D377A379EA1C1800CB400840B1
:10CC5000D0778E4A0B4013702B1DD97707222900FD
:10CC6000E37938311A400A702A00DB083932137030
:10CC7000390010228648F7F711FD82223B88D20046
:10CC8000934200D9834B80227E4ED20033807B8832
:10CC90009342924113403381BB887F4A9A18062AF7
:10CCA00000D97C4B8222B380FB88D200934200D90A
:10CCB000784B802273803B89D2009342924113408B
:10CCC00073817B89744A9A18062A00D9714B042211
:10CCD0000EA97248F380F7F7E1FC3B226B46032173
:10CCE0009B18B27D1B788A4369465B079B0F1A43EA
:10CCF000B2756B4A5B009A5A098F914204D3694816
:10CD00001B5A8B4200D30A002A826B463A229B1898
:10CD10001B780132AB746B469B181B786249DB07AA
:10CD2000DB0F25326148EB74F7F7B8FC08F0F6FF2B
:10CD3000082221005E48F7F7B1FC01222378013573
:10CD40001A40EA775A08312B00D9002224234D4D8E
:10CD5000FF33EA546378182B00D903232A004732A3
:10CD60001370A378182B00D900232A0048321370BF
:10CD7000E378182B00D904232A0049321370237951
:10CD8000182B00D900232A004A3213706379682BCC
:10CD900000D90E232A0028321370A379282B00D93A
:10CDA00000232A003E321370E379052B00D90323B8
:10CDB0002A00403221003F4813700822F7F76EFC2A
:10CDC00001223D4806AC115D0B004033DBB2802BE5
:10CDD00000D881540132082AF5D121003748F7F7ED
:10CDE0005DFC6378032B00D900232A0041321370C5
:10CDF000A3780A2B00D900232A0046321370E37867
:10CE0000012B00D900236B732379042B00D9002355
:10CE100093225200AB541F3AFF3A21002848F7F7FB
:10CE20003DFC23785A1E93412A007E3213706279AA
:10CE3000642A00D94FE10A2353432A007432138035
:10CE40006423A2799A4201D85A3B53432A0076328E
:10CE500013806423E2799A4201D85A3B53432A0053
:10CE600078321380210008221648F7F717FC642354
:10CE7000227829E0B9A000001C0000202908002029
:10CE80002A080020801F002008A000002808002099
:10CE900010A000000504000000FCFFFF20A000001F
:10CEA000D8C40108E0C401087A1E002028A00000B0
:10CEB000A8A00000B8A000001B000020C0A0000037
:10CEC000E8A00000F0A000009A4201D85A3B53436A
:10CED0002A007A321380642362789A4201D85A3B3E
:10CEE000534332007C3213807E497F4A7F480AF0E8
:10CEF000C9FE7F4A7F4980480AF0C4FE082221000B
:10CF00007E48F7F7CBFB7F2322781340591E182960
:10CF100000D90123310029310B703300D2092A33A3
:10CF20001A7019236B441A785B7821001B02134393
:10CF3000B3851B236B441A785B7871481B0213433B
:10CF4000F3851D236B441A785B784E361B0213431E
:10CF500008223380F7F7A2FB23780A2B00D900239D
:10CF6000684A13706279684B511E8A411A70E379DE
:10CF7000664A9907C90F11701A07920F032A00D148
:10CF8000013A63490A70634AD906C90F1170624AAF
:10CF90009B0913702B1DDB7F002B01D1AB682B602D
:10CFA00060225E495E48F7F779FB002301201900F3
:10CFB0005C4A404201331080516008320A2BF9D19B
:10CFC00080235B020E93022300250EAEB3806B001C
:10CFD000F05A554B984201D8FEF778FF0135032DE2
:10CFE000F5D100257F2607272800FEF76FFF011ED9
:10CFF00008D002884D4B9A4200D06FE0078028008D
:10D00000FEF79EFF01354A4BADB29D42ECD10025A3
:10D01000102248494848F7F741FB484B08222100B5
:10D0200047481D70F7F73AFBE3791A096F2B00D9CF
:10D030002A0044490A701A00FF3A511E8A414249A7
:10D040001A400A700021FF2B02D058080131814399
:10D050003E4801700021FF2B01D01B07990F3C4B6C
:10D060001970A1790B093F2900D9002339480370B1
:10D070000C200023014201D10F330B40012536491A
:10D0800036480B70637919090D400570A0780328A4
:10D0900000D90020324C207032484C07E40F047055
:10D0A0003148C90801700F210B40591E0E2900D9C3
:10D0B0000A2301202D490B7006AB1B792C4918401F
:10D0C00008705908F12B00D93C212A4B19702A4BC2
:10D0D0001A701BB0F0BD96235B00AEE603783340B8
:10D0E00003708FE7D01F002025B7010810A10000B2
:10D0F0002BB70108E21F002020A1000030A1000092
:10D1000050A10000741F00203404002014070020E8
:10D11000191F002016070020CC07002048220020FD
:10D120000E880000B022002006040000FFFF00006F
:10D13000070400003822002038A10000342200201B
:10D1400058A10000580000202523002003000020E3
:10D15000E1070020FC1E00200E1F002058080020C0
:10D16000B907002024230020232300202A000020C8
:10D170005F1F002052000020F31E002037B5404DF5
:10D18000082229003F48F7F789FA3F4C0822290076
:10D190003E480DF05EFC20000822290028300DF0EA
:10D1A00058FC20000822290030300DF052FC2100EC
:10D1B00008223748F7F772FA2000210008220830C9
:10D1C0000DF047FC20002100082210300DF041FC3A
:10D1D000304C0C2221003048F7F760FA2F4B2288A0
:10D1E0009A4203D92E4B2380643363802D4B022255
:10D1F00063812D4C2D4BE07F2D49C0184000F7F77F
:10D200004DFA2C4BE07F0222C0182B494000F7F763
:10D2100045FA22004B3211782200284B4C325B5CDD
:10D220002748137069460822F7F738FA6B46002141
:10D23000595EFA23FA229B00CB189BB2D20093428C
:10D2400000D900212300803319806B469B793F2B46
:10D2500000D93A232200823213706A46D2790F2A0B
:10D2600000D90822200083342370B123DB01C918C0
:10D270008430027089B23B20F6F7F8FD37BDC04616
:10D2800014220020C0000100FC2100201C220020EC
:10D29000C80001001E1F002040010100871300008C
:10D2A0006C070000FC080000801F0020A880000020
:10D2B0009C200020B48000009E2000206ED7010832
:10D2C0008801010070B500240E00050004702200E2
:10D2D00021003000FEF7C8FEA04217D08023DB00FB
:10D2E000F0180A2229000001F7F7D8F92200AB5CF8
:10D2F000203B5F2B02D801320A2AF8D10023AB541D
:10D30000013A511C02D0A95C2029F8D070BD000060
:10D310004823F0B543438BB08A4C039388331B19E1
:10D320000093894B07001B780591002B0CD143001B
:10D33000E1188888854A904201D185488880E15A61
:10D34000914201D1824AE25282237D00665BDB007A
:10D350009E4231D8103B9E420CD23000FBB20022DC
:10D360000121FEF7BBFE7B4B060098421FD16319DB
:10D370009E8866533000FEF7A9FD80220388754918
:10D380000290D2008B4219D1964204D26D4B7F009D
:10D39000D9198E88FE52704B704AF3189BB2DB008D
:10D3A00031009A580098FEF7B5FF0BB0F0BD3B1D59
:10D3B0005B006053E052DDE7654EDBE7029B1B78C4
:10D3C0005B075B0F0193072B01D1023B0193964250
:10D3D00000D3B2E0029B597848227A43594B019816
:10D3E0009B181A00A6331E808023B8321080023AA0
:10D3F0001170DB009E4200D3B8E0059B022B00D0E9
:10D40000C4E0330104930822049808AC210080187A
:10D41000F7F744F9E0780F240440022C00D90024E7
:10D4200048210A007A43474B9A18A832147002091F
:10D430002F2800D9002279435B18BC331A7008AB3F
:10D440009A79172A00D9042248237B433D490024B6
:10D45000CB18059119001800AF310A7040495200ED
:10D46000525AA43002801A000F21B43208AD147051
:10D47000AA7818381140017012099433297800985D
:10D480001A70FEF74FFE0398059B9030C01869781C
:10D49000FEF748FE2A790123FF2A00D1F3E01400A9
:10D4A0005508D106500992091A401C401D40490FE9
:10D4B0001840059248227A439446B322214B634494
:10D4C00094469C44624614701C00B5342570043C9C
:10D4D00021701900059AB033BB311A70087008AB7F
:10D4E0005B790022FF2B04D01B075A0F042A00D9B6
:10D4F000002248237B43134C06A9E318BA331A7061
:10D5000004980822F7F7CAF806994B1C03D1019A30
:10D51000124BD200D158482213007B43E3188833C2
:10D520001960104B0799994201D90F4B07937A4321
:10D53000079BA418A034236028E0F3B219210193BB
:10D540004AE7C046801F0020340400200404000085
:10D5500005040000FFFF000000FCFFFFA8C0010859
:10D5600090C20108FFE0F50540420F003300803310
:10D570005B013A019B180493059B022B00D142E703
:10D58000434BF3189BB2062B00D83CE748257D435C
:10D59000404C6319019388331D682800FEF7CAFACE
:10D5A0003D4AC3B2DB009858A8420DD8D218506843
:10D5B000A84209D380232800DB009E4204D3019DAA
:10D5C000A4352988FEF7C4FA48257D4365192B0048
:10D5D000883318608023DB009E4207D32B00A035E0
:10D5E000A43319882868FEF7B3FA28600098FEF77C
:10D5F000BDFE8023DB009E4205D203983100BE3081
:10D600002018FFF75FFE4823190079436118B331F2
:10D61000039A087890320099A218002801D01100CE
:10D62000009A7B43E31818009C331A601B4B983018
:10D630001B780160002B07D1194A0B689B18194A07
:10D64000934201D8184B0B6048237B43E318190021
:10D65000029ABD311278D206920F0A70134A1278DC
:10D66000002A02D0009A9C331A60114B1B78002BC1
:10D6700005D048237B43E4180723B1342370009876
:10D68000FEF760FD91E6250019002000059311E7E3
:10D6900000FCFFFF801F0020A8C001083404002008
:10D6A00040F1E9FD3F4B4C00A0B494022208002059
:10D6B0002408002007B56B460522FF21D81C0DF079
:10D6C00099F869460E4A0F48937C8B70138A0B8039
:10D6D000937DD27C9B075B0F07211343FF220B40F6
:10D6E0008A4313436A466946D37000230822F7F73A
:10D6F0009BFC0023602204490448F7F795FC07BD12
:10D70000801F002020A000007A1E002028A000001A
:10D710000122034B1A70034B92181A807047C046BF
:10D7200022230020AA2200201FB5124B1A78002ABB
:10D730001ED000241C70104B1A78A24218D0102260
:10D7400069460E481C70F6F7A9FF69460C4B0B485A
:10D750001A880A801A894A809A888A805A88CA80D8
:10D760005A890A81DB8810224B812300F7F75CFC81
:10D770001FBDC046212300202223002010A000004E
:10D78000801F00200F22F0B500263C21B94B97B036
:10D790001B78B94D1340B94A02AC12782F00120120
:10D7A00013432370EB7DA02063702B7EE670A37083
:10D7B0002B7FEA7E5B00920113436A7E2937134375
:10D7C0006A7F000292000A4013432371AB7F262236
:10D7D0006371EB7FFF32A3712B004B331B78210069
:10D7E000E37192235B00EB5CAA5C1B019B18237224
:10D7F000AB1CDB7F2A1D6372AB1DDB7FA372EB1DAD
:10D80000DB7FE3726B1DDB7F23732B000833DB7F31
:10D8100063739B4BD27F1B7892005B001343EA1C1F
:10D82000D27F1343A3732B00072238331B78134096
:10D830003A78D2001343E37310223300F7F7F4FB76
:10D84000502221008F48F6F729FF2423FF33EB5C99
:10D850006A1CD27F5B0013432A0023702B004732DF
:10D8600012784A331B7862702A0023712B004832E9
:10D870001288283362801B780A2163712B003E33A3
:10D880001B78A3712B0040331B78E3712823FF33EF
:10D89000EB5C637494235B00EB5CA3742B003F335D
:10D8A0001B7823762B0041331B7863762B0046339D
:10D8B0001B78A3766B7BE37693235B00EB5C23778B
:10D8C0002B007E331A7812AB1A702B007433188831
:10D8D000F5F730F84D236B4418702B007633188819
:10D8E0000A21F5F727F84E236B4418702B00783384
:10D8F00018880A21F5F71EF84F236B4418702B0087
:10D900007A3318880A21F5F715F814AB18702B0034
:10D910007C3318880A21F5F70DF851236B441870F1
:10D920005022330021005748F7F77EFBFF237F2268
:10D93000E3713B78210013402A002A3212785248C2
:10D94000D20113432370AB8D082263701B0AA370AE
:10D95000EB8DE3701B0A23712B004E331B88637120
:10D960001B0AA3713300F7F75FFB09200722FF2191
:10D9700068440CF03FFF454BA6711B782370444B65
:10D980001B786371434B1B78B34201D1FD23E371D4
:10D990000C21414BE2791B788A439B000B401343D7
:10D9A0003E4AE3711278002A02D110329343E371A8
:10D9B0003F22E37921001340394A3A481278920114
:10D9C0001343E37108220023F7F72EFB08222100FE
:10D9D0003548F6F763FE0F21344B354A1B78127831
:10D9E0005B0013432371334A334B12781B78D20008
:10D9F0009B001343314A12781343314A5BB21278C9
:10DA00001B01A2702F4A12780A40134363712E4AF9
:10DA10002E4B12781B7812010B401343A3712C4B31
:10DA20001A782C4B1B78002B01D102331A430C219E
:10DA3000294B1D481B7882359B000B4027490978EC
:10DA400009010B431A4321000023E2710822F7F772
:10DA5000EBFA694608222248F6F720FE6A462B7840
:10DA6000694693711E4800230822F7F7DDFA17B0C4
:10DA7000F0BDC04629080020801F00202A08002091
:10DA800028080020A8A0000030A10000741F00207A
:10DA90003404002014070020191F0020160700205E
:10DAA000CC07002050A1000058A100005200002027
:10DAB0005F1F00202323002024230020580800207B
:10DAC000B90700202A000020FC1E00200E1F0020A5
:10DAD0002523002003000020E1070020580000203B
:10DAE0008801010030B50D0085B01022002104002E
:10DAF00068460CF07FFE2800F4F7ECFE02000A28CE
:10DB000000D90A22290068460CF0A3FF80232001D7
:10DB1000DB0180B2C018102200236946F7F784FAAF
:10DB200005B030BD7FB505001E00344B0800EB1872
:10DB30009BB21400062B5DD8421E9041902200013A
:10DB4000120280185B01C0186A4623686946009378
:10DB5000A36980B2019363791372637B5372237B51
:10DB600022791B0113436A469372230034331B78D6
:10DB7000621CD27F1B0113436A46D372230022002A
:10DB8000283333321B7812789B0152011343220051
:10DB90002B32127813432200293212789200134359
:10DBA00022002D321278520013436A461373230069
:10DBB0000E2232331B785B0013406A4653732300F6
:10DBC0000833DB7F93730023D3731022F7F72CFA0B
:10DBD000012321001A0028000AF0B4FB8023DB0097
:10DBE0009D4206D2022E04D9210028003631FFF7CB
:10DBF00079FF7FBD2801012EFBD9A5E700FCFFFFBF
:10DC000073B51E4D694628000822F6F747FD1C4CE7
:10DC1000072226001B4B29361B7828001340327838
:10DC2000194DD20013436A466946D3710023082276
:10DC3000F7F7FAF9280069460822F6F72FFD7F2248
:10DC400033782800134022002A3212786946D20124
:10DC500013436A461370A38D53701B0A9370E38DB0
:10DC60004E34D3701B0A1371238853711B0A9371AE
:10DC700000230822F7F7D8F973BDC04608A00000BA
:10DC8000801F0020B81F002030A1000030B50425FF
:10DC900087B0084C0A00010001A8FDF793FD11238D
:10DCA00000216F20A56201AAF6F7CAFDA56107B0A1
:10DCB00030BDC04600040050F7B5160004000D004A
:10DCC0001F00F4F707FE731C00932318013501931E
:10DCD000019B9C4200D1F7BD21782139CBB25D2B4D
:10DCE00005D871433200280079180CF0B2FE009B71
:10DCF0000134ED18ECE70000F0B585B01C000AAB6C
:10DD00001B780F00150006000293F4F7E3FDBD42F7
:10DD100007D9029BED1B43430135ED1A6D08EF193E
:10DD2000FFB2E2010134144BE401D219E419D21814
:10DD3000E418331801920393039B9E4201D105B06E
:10DD4000F0BD3578213DEBB25D2B0DD80E235D4340
:10DD50000A4F0722E919019807350CF07AFE0722CD
:10DD60002000E9190CF075FE029A019B9446634469
:10DD70000193A4180136DFE7E51A00204AD2010812
:10DD8000F8B51D0006000F001400F4F7A3FD030012
:10DD9000A74207D207205843E11B0131091A49085D
:10DDA0007F18FFB2044AE901C91930008918034BF2
:10DDB0000622FFF781FFF8BDE51A002016D0010802
:10DDC000F7B51F4E1D00337804001E4F00910192DD
:10DDD000012B21D11C490CF034FE2A0020000099AF
:10DDE00009F086FF3A78194B5200D65A0A213000C2
:10DDF000F4F726FE30008FB20A21F4F79BFD3B00BA
:10DE0000134982B2200007F0C5FB2B00002220003E
:10DE10000199FFF7B5FFF7BD0E490CF012FE2A007D
:10DE20000099200009F064FF3A780B4B31785200DA
:10DE3000D25A4E23032900D1053B0849E2E7C046E8
:10DE40001F0500200800002031B701084AD801084A
:10DE5000A0B7010837B70108AED801083BB70108E1
:10DE6000F8B51D0006000F001400F4F733FD0300A1
:10DE7000A74207D207205843E11B0131091A49087C
:10DE80007F18FFB2044AE901C91930008918034B11
:10DE90000622FFF711FFF8BDE51A0020E2CD0108C8
:10DEA000F0B50027234CD20185B052181419029303
:10DEB0000190F4F70FFD25003B00C2B280350392BC
:10DEC000039ABA4201DC05B0F0BD019AD65D2D2E51
:10DED0002CD0002B01D1202E22D03300303B0A2B36
:10DEE00013D81421303E4E43134B0A22F61831004A
:10DEF000A01C0CF0AEFD31000A22A81C0A310CF067
:10DF0000A8FD01230D340D3508E02E2EF9D1602334
:10DF100003342B706B70AB7003355F3B0137CFE779
:10DF2000029A002AEED0063C063DEBE73A26002B8B
:10DF3000D7D1D2E7E51A002006CD010830B5072574
:10DF400001241540D208D2018018425CAC40150073
:10DF5000A543002B01D02243D5B2455430BD00006B
:10DF6000F0B50C0087B005930CAB1B7801920293BF
:10DF70000090009B1B78002B01D107B0F0BD03225D
:10DF80000026203BDBB25343134A9B180493019BAA
:10DF90000633DBB20393049B019D9F5D01231F4267
:10DFA0000AD0059BA1190D48C9B2002B00D10C481D
:10DFB0002A00029BFFF7C2FF0135039BEDB27F08E9
:10DFC0009D42EBD10136032EE5D1009B0434013391
:10DFD000E4B20093CDE7C046E6CB01085908002023
:10DFE000E51A002010B5084A0300527E002A09D025
:10DFF000064A1278002A05D0054C00220C21200088
:10E00000FFF72EFF10BDC046801F0020611F0020BB
:10E0100043B70108E02210B50021024892000CF03D
:10E02000E9FB10BDE51A002070B586B0FFF7F2FFDE
:10E03000424B434C1B784348022B11D0012B66D135
:10E04000414902A80CF0FDFC404B0D201A88404BC2
:10E05000684419784B1E9941C9B2FDF7F1FB02A83B
:10E060000823002200930221073BFFF745FE394BAE
:10E070001B78002B05D123783748002B13D0032BB6
:10E0800011D0364B36491E683000F4F7D9FC300009
:10E090000D003349F4F74EFC2B000200314902A871
:10E0A00007F078FA02A80823002200930221053B1A
:10E0B000FFF722FE23782C48012B1DD92B4B2C482F
:10E0C0001B78002B18D02B4B2B4A1B7812785B0047
:10E0D000012A2CD1294A0A21D55A2800F4F7B0FC8C
:10E0E00028008CB20A21F4F725FC230082B22449CF
:10E0F00002A807F04FFA02A8082300220221009389
:10E10000033BFFF7F9FDF6F7E9FB06B070BD237896
:10E11000012B08D81B4A1C481278D207A0D41B4AEE
:10E120009B0098589CE71A48022B99D1F7E7194AA7
:10E130001949D25A02A807F02DFADCE70A1F00207D
:10E14000091F002053B7010887B7010804230020E6
:10E1500002230020071F002065B7010834050020B6
:10E16000A08601008DB7010874B701082C050020B6
:10E170007DB701082E0500202D0500204AD8010892
:10E180009AB70108081F00208CB8010834C801089C
:10E1900059B70108AED80108A8B7010810B5802208
:10E1A000002102480CF026FB10BDC0465908002093
:10E1B00070B5094E05003478072C0CD8002C04D11A
:10E1C00008220A2105480CF015FB132D03D0631C0F
:10E1D0003370024B1D5570BD531F0020D00300202B
:10E1E00030B500232D25074C0748E25C29000A2A98
:10E1F00001D03032D1B2C1540133082BF5D1002304
:10E20000037230BDD0030020F321002070B5041E3E
:10E210000D4D08D101000520F5F7BAFF2B7821003C
:10E22000012B0DD170BD01210520F5F7B1FF2B7831
:10E23000012BF7D0054B197B01394B425941C9B22B
:10E240000620F5F7A5FFEDE75E1F0020801F0020E8
:10E250000122024B1A70024B1A707047EE21002007
:10E26000651F0020F0B5764BABB01B780590002BF6
:10E2700000D0B2E0734C0327A38C002B00D10237EF
:10E280000021714B5956002930DB704B1B78012B54
:10E290002CD06F4B6F48CA01D21803780133DBB220
:10E2A0000370012B06D900236B4D03702E780133C8
:10E2B00073402B70684B1B78002B00D18FE07F20C0
:10E2C00000238446654E6546D05CA843F55C284330
:10E2D000D0540133072BF6D10426614D01310723B9
:10E2E0000020AE62C9B2F6F7ABFAAE61637E002BD6
:10E2F00003D05C4B1B78002B6FD1544B1B78052B44
:10E300006BD1594B1B78012B67D0584B1D78002DD2
:10E3100063D14F4BFA01D3180393059B002B09D00F
:10E32000802203990AA80CF094FB8022290003980C
:10E330000CF060FAF6F7C6F84D4A4E4B12684008EA
:10E34000128E9C56A03C241824B223005D3353DA6D
:10E350000026230002968D3305DB20000621933032
:10E36000F4F772FBC6B27B1EDBB20493221C353479
:10E3700001DD414B1A88414B12B21C78002C49D068
:10E380003F4906A807F006F900228821049B06A849
:10E39000FFF7F6FC029B002B4FD13200394906A84B
:10E3A00007F0F8F80022A621049B06A8FFF7E8FC76
:10E3B000029B3E209A19D2B20D23F9B2FDF7A2F9C1
:10E3C000059B002B09D0802203990AA80CF088FB3A
:10E3D000002802D03800F6F786FA2BB0F0BD7F2077
:10E3E0008446294E6546D05CA843F55C2843D0544A
:10E3F0000133072BF6D16FE725005D35282D00DDB1
:10E400002825EDB20A212800F4F794FAC3B20926B0
:10E410000293A8E71D4B1E4906A807F0BBF801228E
:10E42000084B9B8C00922832002B01D0230019222C
:10E43000022106A8FFF794FDACE72A001549AEE7D4
:10E44000E0070020801F0020EA2100204E1F00204E
:10E45000E51A0020E9210020E8210020DFCB010897
:10E4600000040050611F00205E1F0020371F0020A5
:10E47000701E00201C00002020B60108232300206D
:10E48000B3B70108BFB70108D8CB0108F6BF010830
:10E49000B7B70108C3B701080022F0B5814BA5B09A
:10E4A0001B780F93804B1A70804B1B785BB29342A2
:10E4B00001D1FDF70DF9FFF7ADFD7D4B1B78002B6A
:10E4C00046D07C4B1C78002C42D18026FFF7A2FD61
:10E4D000B60079486F22001900218034774D0CF086
:10E4E00089F9B442F5D1C0200A2204262024744BB5
:10E4F00040001978013231431970195CD2B22143BE
:10E5000019540133762AF4D10B240126220033005A
:10E510000A212800FFF712FD220001343300752183
:10E520002800E4B2FFF70AFD252CEFD1082376225C
:10E53000092164480093063BFFF7DEFB06237622A1
:10E5400009216148FFF71CFCF6F7C8F925B0F0BDBA
:10E550005E4C0320A38C002B00D10230FFF742FD5C
:10E560005B4B1B78002B00D197E0237B0593594B25
:10E5700008940993584B0B93002300210493534BA9
:10E5800003919A8C8A4205D00F99002902D10499EF
:10E59000890003915B7B0C93039BDB010E930E9927
:10E5A000464BCB180A93002A00D0A9E0059B04999A
:10E5B0008B4201D101F095FA089B02330893099B25
:10E5C000483309930B9B01330B93049B002B66D0BC
:10E5D0003E4DAB8C002B0DD1404B1B68002B09D05E
:10E5E0003F4B1B78FF2B05D006232E22022115A8B6
:10E5F000FFF7E6FB2C4C2378002B28D1FDF7ACFB72
:10E60000384A030012780490002A01D100F0D6FEA7
:10E6100009232370AB8C0324002B00D10234324B2E
:10E620001A78013AD2B2052A01D900F0BDFE2F4B6B
:10E630009200D558214BE00180220021C0180CF037
:10E64000D9F87F2202212800E3B2FFF709FC154C1C
:10E650002378002B01D007F0DBFF1C4B9B8C002B99
:10E6600000D071E7224B1B78002B00D06CE7237899
:10E67000002B00D068E7059B1E4A002B00D01E4AE5
:10E680001E4915A806F086FF7F23062200936B2102
:10E69000002315A809F0C8FE56E7637B66E701234F
:10E6A0006BE7C0460B1F00204E1F0020181F0020E4
:10E6B000061F0020021F00206D1B0020E51A00200D
:10E6C0006F1B0020FAB7010806B80108801F002060
:10E6D000F01E002018200020AC220020440800205A
:10E6E000080000202B1F0020B107002078CB010874
:10E6F000161F00202CC001085ABE01087FB801086F
:10E700000F9B002B01D101F0E6F9059B049A93427F
:10E7100000D051E70C9B049AC249934201D101F009
:10E7200049FA07220A980CF094F9099B1B681F68A4
:10E73000BD4B1B780793012B00D039E1059B049A50
:10E74000934200D0BCE103992122079B002900D10C
:10E750001A0000930A210023B448FFF701FCB44BD0
:10E76000049A1B7B934200D0B8E0B24B1B785BB29B
:10E77000002B00D1B2E0FDF7EFFA041E00D0ADE0AF
:10E78000AD4B1B780693012B00D8A7E0AB4B1821AB
:10E790001878069B1830C01AF4F752F91823069A15
:10E7A0000D919B1A1293129B00209C423DD30D9A0F
:10E7B000069B94461600183B1B19DBB21193069B6F
:10E7C0009F4D634410939F4B139318213000F4F72F
:10E7D00037F9139B4900CB5A002B04D01A1CAB42CB
:10E7E00000D92A1C95B2109B0136B342EDD10D9B86
:10E7F00011989C4618216044F4F722F9914E490083
:10E800008B5B181E11D08E4A002095420DD0AA1C99
:10E8100093420ADD581B0523584330211830F4F782
:10E8200089F8052800D90520C0B21BABE05401349B
:10E83000182CB8D1222000210A9BDD1D12ABC01874
:10E840004E1C002900D13FE1002342789C46182E3F
:10E8500000D03AE1837806931300069C2343644674
:10E86000234301D101F02DF9069B01335B009B1876
:10E8700063449B0801D101F02BF9DBB200290FD0D2
:10E880000024A446012901D001788C46069C520040
:10E8900002341219624492082024D2B2002B13D001
:10E8A0000624E31ADBB21900002A09D0A11AC9B262
:10E8B0008B4205D81A1C8B4200D20A1C1900D3B215
:10E8C0000024994200D803E17F222B780130934342
:10E8D00023432B700135182E00D0F3E00024554B54
:10E8E0001C57002C04D0524B049A1B7B934216D029
:10E8F0003800FDF75FF9002811D0099B1B7E012B22
:10E900000DD1FDF729FA002803D04F4B1B68BB42FD
:10E9100005D00A9807224D4918300CF09AF8089B48
:10E920001A888023DB009A4200D3EEE0484B1B7824
:10E93000002B07D03E4B04995B7B8B4202D1002C0D
:10E9400000D1CCE04349013215A806F023FE012195
:10E95000039B5A1CD2B215A809F0CAF90B9B1B786D
:10E960000693002B00D1E7E0062B00D960E1069A60
:10E970006B46940008221B7B23210092002236481C
:10E980002058FFF7B9F953E10023336001F0F3F8A1
:10E99000049B03215A42130008220B4000920139C4
:10E9A000002215A8FFF7A8F901222C4B1A7003E6E4
:10E9B000FDF7D2F91E4B002864D01A7B0499284B2E
:10E9C0008A4275D10B9A1278002A71D101211970EF
:10E9D000244B1A70244B039A1A701B4B1F60234B55
:10E9E0001B6834331B788B4216D1214B214A127895
:10E9F0009200D15815A80CF024F803990123212284
:10EA0000002900D11A0000930A21002315A8FFF75E
:10EA1000A7FA02230793A2E61749022BEAD0174B65
:10EA2000174AE4E786B801085E1F0020E5B7010831
:10EA3000801F0020181F002094040020950400204F
:10EA4000FFFF000096040020E42100208DB801089B
:10EA5000531F002012B701089CCB01084E1F002055
:10EA60000D1F00200C1F0020EA210020701E002036
:10EA7000CCCB01082A0800201CB80108B8CB01083B
:10EA800029080020BB4A1268BA4210D19B8C002B87
:10EA90000DD00021B84B212259560123002900D165
:10EAA0001A00009308210023B448FFF759FAB44B29
:10EAB0001B785BB2012BACD10222B14B1A70A8E7D4
:10EAC0000023A7E73100BBE60A00C3789C46C1E6F5
:10EAD00001228A4001311443E4B2C9B2F1E60723AE
:10EAE0001A00A848A84C815C0A2902D03031E154B0
:10EAF000013B013AF7D22D21A34A002B02DAA34AA7
:10EB0000A34921E7D154013BF7E7A24BD318062BC9
:10EB100000D923E7099B013219689F4B0868D2B2DC
:10EB20009E49984200D99E4915A806F033FD039BE3
:10EB300002215A1CD2B20EE7089B1888994B1B7809
:10EB4000002B35D0934BC318062B31D8964B049A23
:10EB50005B7B93422CD1904DFFF742FBBD4292412B
:10EB600052420332030015AC801800908F492000F8
:10EB700006F010FD6B461E7BAF4210D81320731CAD
:10EB800012AD069A40197121DBB2FFF7F9F8069B26
:10EB9000320020212000E371FFF782F90CE5082301
:10EBA0002021009320003300069AFFF7A5F803E523
:10EBB0007F4B1B78012B06D1059B049A934202D10F
:10EBC000099B5B681F688023DB00984200D363E1E8
:10EBD000754B1B7F002B22D1FDF778F903787F2B33
:10EBE0006ED84578192D71D86DD0002D6ED0714B2F
:10EBF0006C1EA400E418200009F078FD002858D00D
:10EC00006D492A0015A806F0C5FC752115A86B46AC
:10EC10001A7B7F2302310093002309F005FC674B28
:10EC2000DB7F012B77D054D9023B012B00D881E048
:10EC3000079B012B00D162E1002415AB1C70604BD7
:10EC40001F78A74200D085E1574B049A1B7B934263
:10EC500001D1002F01D1099F103F5A4B1B78002B87
:10EC600000D0BAE13B0034331C78002C00D099E18D
:10EC7000079B012B00D080E17B691BAA100019794A
:10EC8000514B70CB70C01B680360494B1B78032944
:10EC900000D97DE188008558012900D079E17A69A1
:10ECA0001279012B00D06AE1012A00D073E1474DAF
:10ECB00071E14749220015A806F06CFC7121A5E717
:10ECC00075214448A3E771214348A0E771214348D7
:10ECD0009DE715AC21003800FCF79CFD6B461D7BC1
:10ECE0002D4B9F4210D813206B1C12AE00227121B5
:10ECF000DBB28019FFF744F800232A00202120000E
:10ED0000E371FFF7CDF893E7082300220093202159
:10ED10002B00200035E6089B31491A8815A80132DE
:10ED200006F038FC08226B4624211B7B009200224F
:10ED300015A826E6089B15AC19882000FEF7C2FA34
:10ED40002378002B06D1089B20001A882449013221
:10ED500006F020FC6B46194A1C7BD27F124B022A1C
:10ED600040D1002212AB9A75082321210093230081
:10ED7000DEE7C046E4210020EA21002020B8010897
:10ED80000D1F0020D0030020F3210020F7210020D8
:10ED900023B8010800FCFFFFFFE0F505CEB701082E
:10EDA000C9B70108531F0020801F002028B80108A0
:10EDB0005E1F002048220020C4B70108821F0020E7
:10EDC000030000200B1F002054B50108D9B701082B
:10EDD0002DB80108D2B7010802BC0108D5B7010857
:10EDE0000FB701089A8C002A26D112AB9A75082316
:10EDF0002121009315A82300FEF77EFFD04B9D8CA8
:10EE0000002D32D115AE31003800FCF703FDE31CB4
:10EE1000DBB20D93CB4B9F4220D813200434E3B2D6
:10EE200012AC2A0071210019FEF7AAFF2B00202145
:10EE300030000D9AF57164E7059B049A934206D160
:10EE400023000022242115A8FFF70AF8D6E72300A3
:10EE50000022242115A8FEF793FFCFE708232A00FC
:10EE60000093202130000D9B8BE53800B649F3F765
:10EE7000E7FD38000D00B449F3F75CFD01340200F2
:10EE80002B00B24915A806F085FB00222421E3B22D
:10EE900015A8FEF775FFCBE615AC21003800FCF78E
:10EEA000B9FC6B461D7BA74B9F421FD813206B1CE0
:10EEB00012AE00227121DBB28019FEF761FF002340
:10EEC0002A0020212000E371FEF7EAFF089B188842
:10EED000FCF7FCFF182302781A4200D1A8E60A9832
:10EEE00006229B4978300BF0B4FDA1E608230022EE
:10EEF000009320212B002000FEF7FEFEE6E7954B55
:10EF00001B6829331C78002C21D10024924B1C57FC
:10EF1000002C00DA90E6062C00D9062400263E27B5
:10EF20008E4D0E9B5D198E4B1B78002B05D0062352
:10EF3000FF279B1B9F407F231F4028000222390090
:10EF400001360BF057FC0335B442ECD274E6013CB9
:10EF500064B2DDE7834B1B781F1E00D174E6824B41
:10EF60001B785BB21F1E00D16EE6FCF7F5FE270092
:10EF7000002800D068E67D4F66E63B697DE6012A01
:10EF80000ED13B697A4D1B79012B09D1794D07E0F0
:10EF9000794D012B04D1059B049A774C934205D0FF
:10EFA000764C03E0754BA400E418734D079B012BCE
:10EFB00015D17A691379012B13D0991E012900D933
:10EFC000F8E06F49022B00D06E4952796E4B520027
:10EFD000D25A15A806F0DEFA17E06C4CE5E73A695C
:10EFE000E8E752796A4B5200D65A0A213000F3F70B
:10EFF00027FD30008BB20A210793F3F79BFC65498C
:10F0000082B2079B15A806F0C5FA0026544B1B7860
:10F01000002B00D1E8E0039B00220133DBB2B421D6
:10F0200028000793FEF7ACFE079B002282212000F8
:10F03000FEF7A6FE424B9B8C002B25D1564B1B782E
:10F04000002B21D1002E05D132000221063315A854
:10F05000FEF796FEBD8B64212800F3F76BFC4F4B47
:10F0600084B29D4200D9B9E064212800F3F7E8FC9E
:10F0700022008BB215A84A4906F08CFA062300221A
:10F080002E2115A8FEF77CFE069B002B01D0052B38
:10F090002CD13B0029331A78072314001C401A4254
:10F0A00000D0CFE001252C4B1C782D4B3D491B781F
:10F0B000002B00D1CAE0152228311BA80BF0C9FC97
:10F0C00003226243039B1BA901338818DBB2002291
:10F0D000AA21FEF755FE2620002D07D00A9B032209
:10F0E000181801303049FF300BF0B3FC3A68BB68A8
:10F0F0009A4200D1D8E07B1CD87FAC239B031B93A2
:10F100002A4B1C932A4B1B685A1CD27F002A03D01F
:10F110005A699A4200D1AFE00321F3F791FCC9B2DA
:10F120000F4B1A78002A00D1AEE049001BAA5018F4
:10F130000022BC21039B0133DBB2FEF721FEB3E0CA
:10F14000801F0020FFE0F505A086010032B801080D
:10F150004DB50108701E002058000020E71B00205C
:10F16000232300208C040020181F002038040020D6
:10F17000D9B70108F6B701088CB8010890CB01088F
:10F18000ADB70108FFB80108AED80108DDB7010826
:10F190004AD801083CB80108161F00200F270000BC
:10F1A00042B801083CB5010895B801082D0044009B
:10F1B000541F0020BE8B64213000F3F741FC300067
:10F1C0008BB264210793F3F7B5FB0A2682B2D049CC
:10F1D000079B15A806F0DEF9764217E72200CD4915
:10F1E00015A806F0D7F949E7002D0ED02B78002B93
:10F1F0000BD0039B3122002B00D1203A0123342174
:10F20000009328000023FEF7ABFE2378002B0BD0E1
:10F21000039B3122002B00D1203A012303210093CC
:10F2200020000023FEF79CFE039B44363122F1B2FE
:10F23000002B00D1203A012315A800930023FEF7EC
:10F240008FFE21E7013C0025E4B22EE723223D3169
:10F250001BA80BF0FEFB052363431BAAD018039BDE
:10F260003122002B00D1203A0123182100930023E2
:10F27000FEF776FE13202FE73B002B331B78002B85
:10F2800000D049E703214BE7032953D1039B3122E7
:10F29000002B00D1203A01232A2012AC00932B210D
:10F2A00000230019FEF75CFE9B4B1C783B002B33C0
:10F2B0001B78002B09D09948002C43D0039B0022D7
:10F2C0000133C121DBB2FEF75BFD2D373B78002512
:10F2D000012B01D1924A1578ED181BA8914BAD0076
:10F2E000002C3BD00200603352CB52C2039B002261
:10F2F0000133D0214059DBB2FEF742FD0C9B049A4A
:10F30000934201D0FFF758F9874B1B78002B36D07A
:10F31000864915A80BF095FB7F4B1B78002B35D049
:10F32000039B00220133E221DBB215A8FEF728FD82
:10F33000FFF742F9039B490001331BA84018DBB2D9
:10F34000A921FAE6039B3122002B00D1203A0123A8
:10F35000302100930023FEF703FEB6E702006C3372
:10F3600052CB52C2039B31224059002B00D1203A8C
:10F3700001235B2100930023FEF7F2FDBEE76C4BF7
:10F380006C49DA7D15A806F005F9C5E7039B312223
:10F39000002B00D1203A01236E21009315A80023F1
:10F3A000FEF7DEFDFFF708F9634B644D1B78002B79
:10F3B00001D0FFF73FF9624DFFF73CF9049A002AAC
:10F3C00000D0DBE25F4A127852B2002A00D1D5E2C7
:10F3D0005D4A1278002A00D0D0E2022323705B4BF2
:10F3E0001B8808938023089ADB009A4207D3584B66
:10F3F0001B68002B75D1FCF76BF9FFF728F929354D
:10F400002E78731E182B00D91926524B524A1978A0
:10F410000023994202D01078013343404F480478CA
:10F42000002C00D1B6E04E4C2478002C00D1B1E085
:10F430004C4C2478B44200D0ACE0002B00D0A9E0C2
:10F44000494B1B78002B00D0A4E01170474B1F885C
:10F45000002F01D1FFF7FBF80021454A344B157806
:10F46000444A1268D08B8D420BD080229C8DD200F2
:10F470001600944200D2ECE0DC8D944200D2ECE025
:10F480000D00002213003C4C0394039EDC08345D05
:10F4900007261E4034410126344203D0921992B20D
:10F4A000984206D0802401339BB2E400A342ECD101
:10F4B0000022324B002903D10392002A00D0D6E06B
:10F4C0001A88131C002A00D101239BB20393002D3C
:10F4D00000D029E100212B000D000493284B069356
:10F4E00056E1284A1D4D1068224A2E7812681C4C9D
:10F4F000918B002E00D0BDE001262E7000252570D6
:10F50000214C2360214B1860214B1960C5E0C04697
:10F5100042B801084BB80108232300209DBC010814
:10F52000280800203CB501084C0800204FB801080D
:10F53000801F002054B80108B2070020E8B7010876
:10F54000E0B70108181F0020611F002048080020B4
:10F5500044080020B3070020EF210020F221002002
:10F56000E1210020E0210020EE210020F0210020F8
:10F57000AA1F0020701E002054210020EC21002032
:10F5800017B90108C8040020DC210020D821002080
:10F59000D4210020002501272C00574B11701F702B
:10F5A000564B80220021077055481E700BF022F93F
:10F5B0008022002153480BF01DF9534B1D80200081
:10F5C000FCF784FC0390002837D00722037813400F
:10F5D000934232D04378192E20D1002B2DD007230F
:10F5E00038002340984003004549E208885C034303
:10F5F0008B54039B6A1C1B7892B27F2B08D907237C
:10F60000E8081D403B00AB403E490D5C2B430B54CA
:10F610003D4915000B8801330B800EE0192BDED01D
:10F62000B3420AD1394A3A4B1278002AD7D09A8D80
:10F63000A24202D0DB8DA342D1D180230134A4B2F7
:10F64000DB009C42BBD10022324B1A70324B1A8035
:10F65000FCE60121A04200D113E7DB8D0021B3427B
:10F6600000D30EE7C31A5A425341590009E7039ADF
:10F670001A802CE72678002E00D03DE7274E36680A
:10F68000B34200D038E7264E3668B04200D033E7A8
:10F69000244E3668B14200D02EE7204B1C68002C67
:10F6A00001D1FEF7D4FF1E4B1B680393A34201D286
:10F6B000FEF7CDFF1B4B1D68002D00D10135039BCC
:10F6C0002900181B1668F3F735F9471C013000D1E3
:10F6D00001272000B44203D80398B04200D930007B
:10F6E0002900001BF3F726F9431C0393BB4200D902
:10F6F00003970125EEE6C046E1210020E02100202D
:10F7000054210020D4200020F0210020AA1F002036
:10F71000801F0020EE210020EC210020DC210020B1
:10F72000D8210020D42100200126BC4B8E401B781C
:10F7300003241A005809DB065B0F33432240DBB277
:10F74000002804D00138C0B21900002811D12100CE
:10F7500001200132D2B2022A00D900221C00D4407A
:10F76000044200D0D3E00139C9B20029F1D10A0026
:10F77000062089004001AA4B01431143C9B20693F8
:10F78000002A05D0A74B0693A74B012A00D1A6E675
:10F79000A24B3A0019700020A44905F0FBFE039922
:10F7A000C3B20091A24A1821C4B201971BA806F067
:10F7B000DBF8A04B9B8C002B00D1AAE00323192679
:10F7C00009930123E40000933200002302211BA8C7
:10F7D000FEF7C6FBE3B200240793A54223D00B3308
:10F7E000DBB20A93079B0A9D1233DBB20B93B31D66
:10F7F0000C9334000023220029008F48FEF79EFB63
:10F8000001340C9BE4B2A342F4D101350B9BEDB261
:10F81000AB42EED10123320000930A9900230698EF
:10F82000FEF79EFB0B24854B1B785BB20A93079B6C
:10F83000E4187D23E4B225000B34E4B21B1BDBB2D9
:10F8400009355E1E3000EDB20693012F0BD00398F0
:10F85000B84200D93800002800D101300138704387
:10F86000791EF3F767F80390B04200D903960C2095
:10F870001226099B704AD901531858555D196E70AC
:10F880001D007D352E7000257E3318706C4B0919D4
:10F890001B88079709938B180B93069AEBB29A4231
:10F8A00001D8FEF7D4FE079B0699D81BF3F742F860
:10F8B0000699441C0798F3F73DF800231A000399B2
:10F8C0008D425A410A99D2B2013103D0039AAA4219
:10F8D0005B41DAB22300844200D203008021089801
:10F8E000C90088422BD2002C00D1013409998B42E7
:10F8F00000D90B009C4205D8013C5248A4B29BB2EF
:10F90000A3420AD12D23002A12D10C3B10E0002182
:10F910002EE705232926099353E70726E108415CD2
:10F920002640314101260134A4B23142E8D02123DE
:10F930000B9A5355079B0135DB190793ADE70499E3
:10F940000029DFD0201E00D101208342DAD380219C
:10F9500049028C42D6D28B4200D33B4B3B493C4CB4
:10F9600009788C4600216145CCD02688B04201D868
:10F97000B342DCD20131C9B20234F4E7354A12781D
:10F98000002A07D0344A1278012A03D104232370B5
:10F99000FEF75DFE002B09D0304B187800280DD102
:10F9A00005232370FEF75EFCFEF751FE2A4B1B7801
:10F9B000002B03D0052B01D0FEF749FE284B1B7806
:10F9C000002B57D0274E3378002B53D0264B1B7873
:10F9D000002B4FD1214B1B78002B4BD13000F2F77D
:10F9E00079FF224B1B78002B01D0FEF7AFFD0733C8
:10F9F00023700C2800D20C200C3832181C4915A892
:10FA000005F0C8FDAA8C0523002A01D0032300229B
:10FA1000022115A8FEF7B4F9FEF719FEEB2100202C
:10FA200017B90108F3B70108F0B70108EFB90108E9
:10FA30005AB80108801F0020E51A0020181F002076
:10FA4000F0210020D4200020FFFF00001605002038
:10FA5000CC040020160700205E1F00200B1F002092
:10FA6000140700203A1F0020611F0020371F0020CC
:10FA700062B80108514B1B78002B01D1FEF7E7FD5E
:10FA80004F4B1E78002E01D0FEF760FD0823237037
:10FA90004C4B1F883800FCF7B3F96421050038008F
:10FAA000F2F7CEFF38008CB26421F2F743FF230057
:10FAB00082B24549009515A805F06CFD032332007C
:10FAC000A6E72024002901D0FEF7DAFEFEF7FCFEAF
:10FAD0000123FEF7D3FE059B04998B4201D1FEF76B
:10FAE00019FE3A4E3368002B45D0059B384F5B001A
:10FAF000DB5B38495B18062B01D9FEF745FF534203
:10FB00005A416B4603241D7B0823524214402C1992
:10FB1000E4B200220721304800932300FEF7ECF8FE
:10FB2000306815A9FBF776FE23000022382115A8BE
:10FB3000FEF726F9294B15A918680134FBF76AFE70
:10FB4000E3B20022382115A8FEF71AF9BB8C002B6E
:10FB500011D0234B1B78FF2B01D1FEF72DFD023571
:10FB6000EBB23022062115A8FEF72AF9BB8C002B38
:10FB700001D0FEF721FD1B4B1B78002B14D01A4A35
:10FB80001A4915A805F006FD114B9A8C002A01D0E0
:10FB9000FEF7FEFE08230221009315A8033BFEF7A3
:10FBA000ABF80122124B1A700C9B049A934201D0BD
:10FBB000FEF7BBFD0F49FEF7B4FDC046681F0020ED
:10FBC000371F0020661E00206AB801084408002084
:10FBD000801F002000FCFFFF11B80108C8040020AE
:10FBE00008000020161F00203308002018B8010864
:10FBF0004E1F002099B80108044BFF201A784E2AA6
:10FC000003D8034BD2009B18D8797047751F00208A
:10FC1000E8C4010830B587B0FFF7EEFF4D2800D9E2
:10FC200089E0F2F77DFE4E00530062006800680034
:10FC30008E009D00A600AC00F500B100B6003302B6
:10FC4000BB005001BB00FC00C200C600CE00E300B8
:10FC5000D800DD00E600F200F900FF000201070114
:10FC60000A010D011001130118011C011F012201DD
:10FC700026018800880036012A012D013E0141013C
:10FC8000440147017E003B014B017E005D016001A4
:10FC900087018A018D0190019301960199019C01D0
:10FCA0009F01A201C001A501B601B901BC016B0110
:10FCB000A80163016F016F016F016F016F0167019F
:10FCC000C301BC4ABC4BD27D1A6034E0BB4BBC497B
:10FCD0001B680833DA7F0023C85C904203D00133ED
:10FCE000182BF9D10023B44A38E0B44BB24A1B6850
:10FCF00029331B7832E0B14BB2491B680C781A7972
:10FD00005B79002C05D000230B70AF4B1A78AF4BFA
:10FD10001B78043841424841511E4C42614188429F
:10FD200002D00022A44BCFE7A349022A05D8013311
:10FD3000002AF6D00B6007B030BD6933032AF9D032
:10FD4000EFE79E4B9C4A1B68197B022904D00329CC
:10FD5000E7D15B7B693301E05B7B01331360EAE74A
:10FD6000964B1A680023117B0129BCD1537B0133C8
:10FD7000B9E7924B904A1B680133DB7FEEE78F4A6D
:10FD80008D4B126892699FE78C4B8B4A1B682D3311
:10FD9000AFE78A4B884A1B683333AAE7854A86490E
:10FDA000537B04335B009B5AC4E7834B884AD27F62
:10FDB0008AE700237F4A917F994200D193E7D37F5E
:10FDC000D5E7844B1A787C4B002A02D0824A1278FD
:10FDD0007AE7824AEBE79221774A764B490003E0C3
:10FDE0002621754A734BFF315B5CB7E7724B7C4A47
:10FDF000EDE77C4B7049DB7F5A1E93417A4A5B00EA
:10FE0000D27F501E82419B1894E76B4B774ACEE716
:10FE1000684A694B127E57E7674B754AD7E7664BCE
:10FE2000744AC4E7644B744AD1E7644B624A1B6866
:10FE30002E335EE7604B714AB9E75F4B704AC6E705
:10FE40005D4B704AC3E75C4B6F4AC0E75B4B5A4A55
:10FE50001B6835334DE76D4A574B128834E7564BD4
:10FE60006B4AB4E7544B6B4AB1E7524A524B928DFE
:10FE70002AE7504A504BD28D26E74F4B664AA6E7F9
:10FE8000664B0A211888F2F755FD4B4C80B2206072
:10FE900051E74A4B484A1B6832332AE7464B604ACF
:10FEA00095E7454B5F4A92E7434B5F4A8FE7424BEA
:10FEB0005E4A8CE75E4A404BD28F05E73F4B3E4A95
:10FEC0001B68343315E73B4A537B04335B00985A75
:10FED000012300221900FCF701F9374B18602AE7CB
:10FEE000354B544A73E7344B534A70E7534A324B0D
:10FEF000D288E9E69321304A2E4B6FE72D4A2E4BEC
:10FF0000D27EE1E601AC22004D4B23CB23C203CBD2
:10FF100003C2FFF771FE473880000359494A197838
:10FF200000231079884200D1DDE601330832162B18
:10FF3000F7D100E7204B444A49E71F4B434A46E7C5
:10FF40001D4B434A43E71C4B424A40E71A4B424A87
:10FF50003DE7194B414A3AE7174B414A37E7164B01
:10FF6000404A34E7144B404A31E7134B3F4A2EE7EF
:10FF7000114B3F4A2BE7114B1B6834331A780E4B59
:10FF8000012A01D13B4A22E7022A00D1C9E63A4AB6
:10FF90001DE7094B394A1AE7074B394A17E7054A63
:10FFA000054B527F90E6044B364A10E7024B364A27
:10FFB0000DE7C046801F0020701F0020541F002046
:10FFC0008AC001082C0500202D0500202E050020E8
:10FFD000871F00202708002026080020881F0020F7
:10FFE000CC070020861F0020851F0020811F0020D5
:10FFF000A81F0020821F0020BE1F0020831F00209A
:020000040801F1
:10000000C61F0020CB1F002016070020CE1F002097
:10001000A91F0020AA1F0020FE1F0020F41F00209F
:10002000191F002014070020C01F0020C11F00203E
:10003000841F0020741F0020340400201E1F002095
:10004000B4B50108D0D901085200002058000020A2
:10005000F31E0020FC1E00200E1F00202A0000209E
:1000600058080020B9070020242300202323002063
:10007000030000202A08002029080020280800206A
:10008000022000205F1F0020E1070020024B034AEE
:100090001B6828332DE6C046541F0020701F002027
:1000A00010B50024084B1B78A3420BD1FFF7A4FD29
:1000B0000F2807D1054B1B78A34203D0044B1C68C3
:1000C000E443E40F200010BD321F00202023002055
:1000D0001C230020F8B50500BE20414A800013888B
:1000E0005188404C5B189188D2885B189B189B10F4
:1000F00058433D4B2678D988F2F7A6FC3B4A83B299
:1001000013803B4A934228D907232370394B1F7829
:10011000012F05D1FFF770FD2F2801D1364B1F703D
:10012000FA21364B364F1B883A7849008B4238D833
:10013000002A04D00122334B1A702F4B1A7000236F
:1001400020783B70B04242D000222F4C022833D995
:1001500022700122284B1A7036E02C4A93420DD8A7
:1001600093212B4A4900525C012A01D80023CCE795
:10017000962189008B4201D2022AF7D0012380B256
:100180002370FBF73DFEC0B206234B28BDD80523E4
:100190003228BAD804231928B7D80528B6D903239A
:1001A000B3E7002A06D1174B01321A70124B1A70AE
:1001B000F4F720FD0123C3E7164B022808D00122E3
:1001C0001A702378002BC4D00022134B1A80F8BD7C
:1001D0001A70002DF5D0114B1978FDF757FDF0E797
:1001E000781F0020671F00201E1F0020661E0020B1
:1001F0007A030000371F0020601F0020C02000206D
:10020000681F0020651F0020021F002075020000EB
:10021000801F0020061F0020041F0020031F002055
:10022000F0B5A9B0FFF7E8FC0390FDF7F3FE30222C
:1002300037230021100007F0C3FC02234021AB4A02
:10024000D1540233322BFBD1A94B1C78A94B1D781A
:10025000AC4231DAA84BA9481B78E6003618002BCF
:1002600000D089E0631E00D26B1E0022DB0011006B
:10027000C0180123FDF784FD0823002230000093FD
:100280001100063BFDF738FD601C854200DC0020B4
:1002900000229A4BC000C01811000423FDF770FD26
:1002A0002B009749621C18A805F074F90623002258
:1002B000190018A8FDF764FD5021002304AA521864
:1002C0001370303904AA52181370F4F793FC039B8F
:1002D0004D2B00D9A6E01800F2F722FB57006C0066
:1002E00084009200ED009200ED00010138014B0303
:1002F000CF01AD069E06260226027602B90345030B
:10030000D101D9012202F501F5014903AD066103CE
:100310000B02BF03AD06BB035B00AD062202260243
:10032000BF03AD0626022602DB03E403EF03AD069E
:10033000EC03AD06F303F503F7031C04F103050218
:1003400021062406AD065D06790682068506850629
:1003500088069506B006B306B306AD06B6063F0797
:1003600042075F0753061807330656065606560619
:100370005606560650062402082300930023300038
:100380001A001900FDF7B8FC8AE75E4B5E491A684F
:1003900045E005215B4A5D4B126818A89A5C082469
:1003A000D307DB170B405208594905F0F3F8002634
:1003B000042310E3534A57491268574BD2B28A5C60
:1003C00064215200D55A2800F2F73AFB28008CB27B
:1003D0006421F2F7AFFA514982B2230018A805F060
:1003E000D9F81FE0474B4E491A68002A0DD0551E18
:1003F0004C4C4D48AD0092004C492B591258EDE73A
:10040000404B1B68002B03D1494918A800F08EFE11
:10041000484A682B4ADC013B5B00D25A464918A87F
:1004200005F0B8F8502204AB9B181B78002B00D1C4
:10043000B7E018A8F2F74EFA00230600411E012586
:10044000180018AAB34201D000F0AAFE032D01D86B
:1004500000F0B1FE072D00D9072501270323002452
:100460006A089B1A0493B44200D39AE0002D00D18D
:1004700097E018AB18196B461B7C002F01D100F0D8
:100480009EFE7F223221FDF77BFC18ABE25C1F2A27
:1004900001D900F09CFEB44201D300F09DFE1A5D2C
:1004A0001F2A01D900F098FE0134F4E7693B5B0094
:1004B000D25A2249B3E7134B1B68002BA4D0204A21
:1004C000013B5B009D5A0A212800F2F7B9FA280087
:1004D0008CB20A21F2F72EFA1A4982B27DE71A4B42
:1004E000084A1268920000F053FDC046631D0020C8
:1004F000751F00206C1F002020230020E8C4010885
:10050000D6B80108701F00208AB901086ED701080B
:10051000DEB801088AC0010890C20108E7B80108E6
:10052000F2B8010804CB010820CB0108F7B8010894
:10053000D5B70108AED80108ACB70108FEB801086C
:100540004AD80108A0B70108F8CA0108CB4B1B78AC
:10055000002B04D0CA4B1B78002B00D087E0C94B7E
:10056000C9491D68EB17E8185840F2F753FB2800FB
:100570000C00C549F2F768FA23000200C3490824B9
:1005800018A805F007F8012318A87F22322100944B
:10059000FDF7B2FB0323BE4800947F223221FDF712
:1005A000ABFB039B033B012B01D900F01DFEB94BB4
:1005B0001B78002B07D008237F2200933221B648F6
:1005C000043BFDF799FB039B042B01D000F016FEC2
:1005D0000124AC4B1B68002B01D000F012FEAF4988
:1005E000002C00D0AE490CA80AF02BFA0CAC2378F2
:1005F000002B23D02000F2F76DF900281ED007232E
:10060000584301304D2801D900F03FFE47331B1AF3
:100610005B083233DBB23321322B0BD07F22121A2C
:10062000111CD2B2332A00D23321CAB29A4200D965
:10063000191CC9B20122200007F05AFB039B322B80
:1006400002D00D3B022B0ED8964B1B78002B0AD004
:100650009548012B00D1954808237F220093322131
:10066000033BFDF749FBF4F739F929B0F0BDFDF77D
:10067000B7FD8F490200C31C81E78E4B30E7814BE9
:100680008D491A68002A00D0C9E68C49C7E67D4B1F
:100690001C68002C00D1B7E63C2C12DC05203C2164
:1006A0006043F2F7B7FA20000D000C21F2F7CCF905
:1006B0002B000200824918A804F06CFF3C2401269C
:1006C00076E68049A1E66F4C7F49226818A804F0BD
:1006D00061FF6A4B1B78002B00D1A3E62068C0B2F3
:1006E000F3F74CF99EE6674B1968784B8900C918F7
:1006F0008BE6644B1C68002C00D185E60F203C2162
:100700006043F2F787FA0B000321E2176C480A40B6
:1007100012190100921018A804F03CFF2824CEE71B
:100720006B4BDDE66B4BDBE68023564FDB00386816
:10073000984204D1684808230093063B2DE7002225
:1007400080B21100FBF790FC08263A6818AC010053
:10075000050092B22000FBF773F800237F223221BC
:1007600020000096FDF7C8FA002D21D04D4B1B78D4
:10077000002B1DD13868320080B2000114A9F3F7B4
:100780008DFF149F40493800F2F75AF938000D00E8
:100790003D49F2F7CFF82B0002005049200004F049
:1007A000F9FE05237F22322120000096FDF7A4FAEE
:1007B000344B2000196889B2FCF784FD237848483F
:1007C000002BB8D02000B6E700222E4C1100206884
:1007D000082580B2FBF748FC22680100060092B2AF
:1007E00018A8FBF72DF800237F223221009518A8C6
:1007F000FDF782FA002E00D1D3E620682A0080B2ED
:10080000000114A9F3F74AFF1C4B149F1A78354BCB
:10081000002A01D1013A1A601E68002E64DA2168AC
:1008200018A889B2FCF74EFD502204AB9B181B7828
:100830002B48002B00D018A808237F2200933221D8
:10084000063BFDF759FA174B1B78002B00D0A8E6A2
:1008500038000D49F2F7F4F838000C000A49F2F7B5
:1008600069F8230002001D4918A804F093FE08232C
:100870007F2200933221033B18A890E6202300201A
:10088000531F0020701F0020A086010005B9010839
:100890001AB90108321F0020DDBE0108C3B80108E3
:1008A000C4B801081A230020D0B80108CAB801084A
:1008B0000EB90108F0CA0108EFB90108D5B701085F
:1008C00040B9010830BF01088AB9010890CB01087E
:1008D000E0CA0108D0CA010882B7010892B701082E
:1008E00071B701081C23002008237F2200933221C6
:1008F000C148063BFDF700FA092EA4DC0024BF4DD9
:10090000A64220D0BC4B1B5D672B0CD06A2B0AD0B3
:10091000E00080B202001D2337323130190012B2DC
:1009200000B207F04DF9013408350A2CE8D1B44B78
:10093000B4481B78002B00D0B348042300224D217B
:10094000FDF71EFA7FE7F00080B202001E23353269
:100950003330190012B200B207F032F920222B789E
:1009600013432B70DFE7A94BA9491A688AE6A94B04
:10097000B6E505263000A54B3C211C6801346043D8
:10098000F2F748F920000D000C21F2F75DF82B007A
:100990000200A14918A804F0FDFDB32408E59B4B13
:1009A0009E491C68002C00D12FE5502C3ADCFA201F
:1009B000FA2160438900F2F72DF90B000321E217B9
:1009C00097480A4012190100921018A804F0E2FD9D
:1009D000502401260523934D8C4ADB01ED18106845
:1009E0002A000C23363229001370122237310A7084
:1009F00042310A702A00C0B27A32801BA11B1370E8
:100A00008001F2F721F8212438232D263830C0B296
:100A1000DAB22100904200D33100E9540133792B3E
:100A2000F6D1FFE405252800503C60433C21F2F755
:100A3000F1F820000E000C21F2F706F83300020056
:100A4000794918A804F0A6FD68245026C2E7774B20
:100A500046E56E4B76491A6814E66C4B75491D687D
:100A6000192D00D1D1E4002D03D1039B1B2B00D104
:100A7000CAE4714B6C1EA400E418200007F036FE97
:100A8000002802D02A006D49C9E423002A006C49DD
:100A9000A4E46C4B6C4A19780139C9B2FD2907D816
:100AA0006A499BE46A4B6B4A19780139C9B2F5E788
:100AB0006949B4E4554B694969E4694B10E5694BF0
:100AC0000EE5694B0CE5694B0AE5694B1B78002B79
:100AD0001DD0684D2B78002B19D0674918A809F054
:100AE000B0FF00240F262A78E3B264499A4207D95E
:100AF000634B64491A5D14A8324004F04BFD14A9FD
:100B000018A8013409F090FF042CECD18AE43F4B83
:100B10005D493CE43D4B1C68E4B2052C00D981E4FE
:100B20002000F1F7FDFE060013004A017501BC012B
:100B3000BC01564B564A574918A804F02BFD062312
:100B40007F2231215448FDF71BF96BE40024534FF9
:100B500008AB06AE009332003800514907AB06944B
:100B60000794089409940A940B9409F08FFF0328C2
:100B700023D04C4C3B002200102114A804F0F4FEBA
:100B800022001021484B10A804F0EEFE47490CA8A3
:100B900009F057FF03237F22312114A8FDF7F0F855
:100BA00004237F22312110A8FDF7EAF806237F22D3
:100BB00031213F48FDF7E4F8F3E40BAB00933D49E6
:100BC00039480AAB09AA09F061FF0328D1D132786C
:100BD0007178B078384EA300F3581F78974205D14A
:100BE0005F788F4202D19B78834267D001340C2C0E
:100BF000F1D1002464E0C04627230020991C002086
:100C00001B230020A4B80108A0B80108701F002011
:100C1000A8B80108C0CA010840B901081EB90108F6
:100C200023B90108E51A002038B90108B0CA010843
:100C3000ADB8010802BC010848220020BEBF01086F
:100C40004CB90108D81F0020D01F002058B9010856
:100C5000EA1F0020E21F00205DB9010862B9010807
:100C60009CCA010890CA010878CA010868CA01082C
:100C700020230020531F00206AB901084BBA010845
:100C8000D00300206DB9010870B901081CB7010834
:100C900077B901087DB90108A6C4010859CA01083D
:100CA00083B9010880B9010850CA0108B1B9010827
:100CB00048CA01088DB9010840C80108002C98DB1A
:100CC000E1233C21099A1B0153430A9A00264A4317
:100CD0009B180B9A9B18E122D2019D18DC4B9D4278
:100CE0004CDC002D4EDB079B089FF618002307966F
:100CF0000493049B059321003800FAF747FD8642D0
:100D000044DC059B002B00D00796049B002B00D0F1
:100D100008970023089F079E0493002E40DD002BB8
:100D200000D00796049B002B00D008970899C94B68
:100D3000A400E358C84A01910096102114A804F0B9
:100D400013FEE12128000901F1F77EFE3C21060097
:100D50002800F1F75FFF0191E12128000901F1F777
:100D600059FF08003C21F1F76FFEBC4C00903300A6
:100D70002200102110A804F0F7FD07E7B84A013659
:100D8000AD18ACE7B74B013EED18AAE701230134DB
:100D9000361A05930C2CAED10024FF180493A8E753
:100DA000013C03D201230B24013F049321003800AE
:100DB000FAF7ECFC01233618AFE7AB490CA809F0B1
:100DC00040FEAA4B1E883000FBF71AF8642105008C
:100DD0003000F1F735FE30008CB26421F1F7AAFD46
:100DE000230082B2A249009514A804F0D3FB032388
:100DF0007F22312114A8FCF7C3FF93229D4B5200A0
:100E00009C5C9D48A400052331212058A73AD1E6D7
:100E1000EC219A489A4C49026043F1F78BFD994ABC
:100E2000994B86B29B18994A99499B18994A0CA8E4
:100E30009B1A5C4309F005FE0A213000F1F77AFDA8
:100E40000A2180B2F1F7FCFD30008DB26421F1F788
:100E500071FDA40B2B0082B28F4914A804F09AFBF9
:100E6000A4B203237F22312114A8FCF789FF0A21B1
:100E70002000F1F75FFD0A2180B2F1F7E1FD2000CB
:100E80008DB26421F1F756FD2B0082B2834914A87C
:100E900004F080FB05237F22312114A88AE68049D3
:100EA000052C00D17F490CA809F0CBFD7E4E052C06
:100EB00000D17E4E0021072501270A003800143298
:100EC000D3B22A409040C2B29446DB08784ADB0194
:100ED0009B182122C8084243B21804920A0000203D
:100EE0002A400592202913D0049A059C125C2241C5
:100EF0003A4003D064461A7822431A700130013315
:100F00002128EFD10131C9B22129D6D1FFF749FB00
:100F1000C4B2E2087C3AD2B2B25C2C40E7E7654B3F
:100F2000FFF7DEFA644B1B78002B07D1634B644953
:100F30001B78013B012B01D8FFF767FA614BFFF7E4
:100F4000CFFA614B614A1D68484BD0881B88290045
:100F50005843F1F7EFFC86B230006421F1F770FDE1
:100F600030008CB26421F1F7E5FC230082B25849CD
:100F7000009518A804F00EFBFFF754FA3E4BFFF75C
:100F8000AFFA544BFFF7ACFA4F4A534B1268D200FA
:100F9000D158FFF73AFA4C4B1C68002C01D1FFF7EF
:100FA00033FA782C01DDFFF73DFA20003C21F1F700
:100FB00031FE20000D003C21F1F746FD2B00020020
:100FC000464918A804F0E6FA7824FFF778FB3E4B70
:100FD000434C1B6843489D0001339A00FFF70CFA0D
:100FE000414BFFF77DFA414BFFF77AFA364C404907
:100FF000226818A804F0CEFA3E4B22681A70F3F764
:1010000041FDFFF70FFA304A3B4B126818A89200D7
:10101000D15809F016FDF2E74822164B597B4A4396
:101020009B189C331B681868FAF7C4FD33490028E5
:1010300001D1FFF7EAF9304BFFF752FA304BFFF7D7
:101040004FFA304BFFF74CFA2F4BFFF749FAC046E7
:101050007F51010040C8010896B90108A2B90108F2
:1010600080AEFEFF80510100FEB70108661E002021
:1010700071B80108801F002034CA010888B9010036
:101080001027000000020000803200200003000052
:10109000B7B9010800000020BEB90108CCB90108A9
:1010A000BBB80108B6B8010870C80108F9C8010842
:1010B0002D1B00202CCA01082023002026230020FD
:1010C000DAB9010800CA0108701F00201E1F0020A5
:1010D000E6B90108F8C90108D0D90108F2B9010838
:1010E00004CB010820CB0108F0C90108E0C90108C0
:1010F0008AB901082A00002040CB0108FCB9010888
:10110000D0C90108C8C90108C0C90108604B1B68E3
:1011100034331B78012B0DD15E4A5F4B126818A83F
:101120009200D15809F08DFC5C490CA809F089FCAB
:10113000FFF778F9022B06D1594C18A8210009F0C5
:1011400080FC2100F1E7534A564B126818A8920020
:10115000D15809F076FC5449E7E7544BFFF7C0F942
:101160004C4B1A68002A0ED1514918A809F069FCA5
:10117000002426002500F3F7ADF90423002D00D04C
:1011800029E4FFF74FF93F2AF2DC4A4918A804F096
:1011900001FA3F2401260425EDE7474BFFF7A0F9AC
:1011A00014780A2C03D1994201D90135107001330A
:1011B0000132FFF747F900270223FFF750F9082211
:1011C000322100927732FCF797FDFFF75EF9013488
:1011D000A64201D0FFF75AF90223049ADB1BD31869
:1011E0000493013DFFF73FF9039B062B01D1FFF765
:1011F000EFF9039B052B01D0FFF7F8F90024FFF767
:10120000E8F95A1ED2B2002C21D0312A34D800205D
:1012100001000500294E0B2D14D8775DB94211D17C
:10122000013501313229F6D1FF200322121BD2B23F
:10123000FF2822D00130009021490CA804F0AAF91F
:10124000FFF7D4F99142F0D00130C0B2E9E7672A44
:1012500019D82000210025001A4E142D07D8775DDB
:10126000B94204D1013501316829F6D1DCE7914258
:10127000DBD00130C0B2F6E7022213490CA804F01B
:1012800089F9FFF7B3F90322F7E73323FFF7C6F92C
:10129000541F0020701F0020CCCB0108AFBE0108F6
:1012A0001CB80108B8CB01080FBA0108B8C9010879
:1012B000D5B70108BEBF0108A4C9010882C9010849
:1012C00012BA01088EC901081CBA010802000020E8
:1012D000054BD979914205D00130C0B208334F286F
:1012E000F7D100207047C046E8C40108F0B587B0C8
:1012F000FCF754FF0822002104A809F07BFA9C4B5C
:101300009C4D1E789C4B9D4C1B78002B56D0012E7B
:1013100048D19B4B1E8876083C213000F1F70AFB30
:101320003C23C2B25B4253439B199649DBB202A8ED
:1013300004F030F90622944B944902A8FCF7BCFC57
:10134000A37F002B04D00C229148924909F081FB25
:101350002B78002B0AD1904B8C481B788F49363064
:10136000002B00D18E490C2209F073FB637E002B09
:1013700000D0C5E08B4B1B78002B00D0C3E08A4B1C
:101380001B78002B00D0C1E0884B1B78002B00D1CC
:101390009CE00834E37F09228549002B00D19BE0C3
:1013A000844999E0FAF7D8FC002807D0E126824B5F
:1013B00036011B885B08F61AB6B2ADE7052E04D1DC
:1013C0000C2272487D4909F044FB7D4B1B785BB2CF
:1013D000002B21D1FAF7A4FA00281DD12B78002B7D
:1013E000AED1237F002B65D1A31DD87F631DDB7F8A
:1013F000002B59D0734B1B78002B5FD0724B1222FD
:101400001900002801D00220053A604B1230C0B20A
:10141000C01809F01EFB93E780226C4BD2001B889A
:1014200093423BD2FAF77CFA002837D123002933C4
:101430001F78192F1CD1664904A809F002FB0E265B
:1014400023002A331B78002B05D0624904A809F039
:10145000EBFA0436F6B2012300220221009604A81A
:1014600006F0E2FFFAF75CFA002800D068E7B5E77B
:10147000594B7E1EB600F618300007F037F90028E9
:1014800005D13200554904A804F084F8D7E73A00A2
:10149000534904A804F07EF80A26D1E706225149F0
:1014A000514809F0D6FADDE700280BD002200C22C3
:1014B0004E49AAE702200C224D49A6E703200A2242
:1014C0004C49A2E702200C224B499EE74B4B1B786C
:1014D000002B04D009224A494A4809F0BAFA4A4B7B
:1014E0004A481A784A4B1978FAF76CF9494B1B7835
:1014F000012B0ED0022B30D0F3F7FEF907B0F0BD70
:1015000009224549E8E708224449E5E70C22444915
:10151000E2E7444B1C88FA239B009C4200DB424CD0
:10152000A4B264212000F1F78BFA20008DB264216F
:10153000F1F700FA2B0082B23C4904A804F02AF823
:1015400004A8F1F7C7F90722424330490E4B891A24
:1015500004A80622FCF7B0FBCEE7324B1888FAF756
:101560004FFC3349020004A804F014F8E8E7C04631
:101570005E1F0020E41A00205F1F0020801F002053
:101580005C1F002024BA010816D001085908002069
:1015900080080020D9C70108F31E0020CDC701082C
:1015A000C1C70108D908002025080020270800200D
:1015B0009BC7010892C701085A1F002025C80108CF
:1015C000181F002043080020FDC70108480800201C
:1015D00002BC01087ABD0108482200202DB801088C
:1015E000C4B7010836BA010862080020F1C7010833
:1015F00019C801080FC80108E5C70108681F0020C5
:1016000089C701089F080020031F0020C808002088
:10161000671F0020191F0020B8C70108B0C70108C4
:10162000A4C70108661E0020E70300002EBA0108C7
:10163000A6BF0108F0B5904D04002B7885B0012BB2
:101640006BD1012855D18D4B1968002900D0AAE033
:10165000F2F785FE00228A4B1A70F4F75DFF894B82
:101660001B78002B01D004F021FB0125864B1D7057
:1016700003F01EFFFAF7B2FE29000620F2F788FDFC
:10168000824B834F1A78AA4200D195E03A683232F1
:101690001178042900D9CDE01522CA402A4200D190
:1016A000C8E000221A703B6832331B78042B06D145
:1016B000784B0022FA211B787748F3F717FB774B1A
:1016C0001B78002B00D1B7E0032B03D10120744914
:1016D000F3F77AFBFA20C000F3F7FAF9A02380228F
:1016E000DB0552009A616F4BFF3A1A706E4B1A700D
:1016F000AAE006F091F92C70002C00D0B7E0F3F7C7
:10170000D5F9604B1B78002B03D0FA22674B5200AF
:101710001A8001225C4B1A70A7E02870052B00D0BC
:101720009EE0052825D1624BC8221B78002B00D1F2
:10173000BE3A002401255F4BDB7F53435E4A138092
:101740005E4B1C705E4B1D705E4B1C70F2F7FCFD17
:10175000F2F72AFE21002000F2F71AFD4A4B1D7015
:10176000594B1B78AB4200D17FE0200003F0AEFE66
:101770007BE0F2F763FE0022514B1A70424B1A7065
:10178000524B1B78934201D1FFF7B0FD002C02D1E0
:101790006BE0052CC7D0012C00D154E7022C53D1AB
:1017A0000122484BA3E74A4B1B78002B00D04FE7A0
:1017B000012006F09BF94BE7464E00221A70464B7B
:1017C000464D1B88C82B00DAC8232A007E321278C7
:1017D0000292344A0392029A002A07D0A022802162
:1017E000D20549009161012203990A70FA20800014
:1017F0005843F3F76DF90298F2F74EFE29002B00DB
:101800002A007C310988783376321B8812887A3531
:1018100001912988300000910121F3F7FBFAA02300
:1018200080220020DB0552009A62039B1870F2F7B9
:1018300013FE38E72A4EC0E7F2F74CFD294B1B7820
:10184000DB0701D5F3F7D6F9FA22274B92001A806D
:101850000022264B1A70032C07D0144B1A8004E088
:10186000002896D1042B00D14BE705B0F0BD052C24
:1018700000D093E757E7C0465E1F0020541F0020AA
:101880004F1F0020521F0020651F00200023002052
:101890006C1E0020FE1F0020DD0900005108002002
:1018A000D6060000781E0020230800203008002003
:1018B0002E1F0020871F00202C1F0020EA1E002062
:1018C000E91E00204C080020371F0020E007002000
:1018D000DD1A0020C4200020F41F0020801F0020FB
:1018E000D01F0020CC0700204C000020EC1E002060
:1018F000F0B5904E87B033680590002B00D1F8E02A
:101900008D4B1B68002B00D1F3E08C4B1B68002B28
:1019100000D1EEE033682D331C78012C03D1884BC5
:101920001C780134E4B2A023802200255200DB059C
:101930009A62844B290005201D70F2F729FC336858
:101940001A0034321278012A00D0DAE02D331878E8
:10195000A84200D0032007F037FB00210620F2F751
:1019600017FC88213620F2F781FAFA2500210120A0
:10197000F2F70EFC0A240126AD000C20F2F73CF829
:1019800030420AD000210220013CF2F76FFAE4B2A3
:101990002800F3F79DF8002CEFD100213F20F2F74B
:1019A00065FA694B7D2019783F231940674B684DD4
:1019B0001943F2F75BFA5F4C23681B691F68380014
:1019C000F2F760FC236834331878FAF7FBFD2368DC
:1019D00000219A1CD27F702000925A1DD27F019262
:1019E000DA1CD27F02929A1DD27F03921A1D07330E
:1019F000DB7FD67F0493F2F739FAA0210902314345
:101A00004D20F2F733FADE21049BC90119434E2021
:101A1000F2F72CFA039B4F201902029B0C26194364
:101A2000F2F724FA009B78201902019B1943F2F780
:101A30001DFA0020F2F732FCF2F73AFC3800F2F718
:101A400097FD01210020F2F7A3FBF2F743FD236885
:101A50001A0034321278002A0ED11B69187959798C
:101A600001285CD0831E012B50D8F9F7CFFDF2F787
:101A7000A5FB384EF2F72EFCAB7F002B56D02F4B38
:101A80001B6834331B78002B50D1334B1B78002B51
:101A90004CD1FE35298CE88BF2F7D0FB30231E4366
:101AA000236800201A0034321278824204D1353380
:101AB0001B78012B00D91800F2F71CFCF2F756FC3A
:101AC0002368002134331878013843425841C0B2AA
:101AD000FAF730FD802109013F203143F2F7C6F9C2
:101AE000FAF746F9059B002B09D00020FFF7A2FD6D
:101AF00005E0FAF749FC3368002B00D00AE707B08D
:101B0000F0BD022C00D92C00200024E71348F2F786
:101B100071FB07201249F2F7A9F9124EAAE7124BFE
:101B20004900C85AF2F766FB104EA3E7F2F70CFC27
:101B3000B6E7C046701E0020541F00206C1E002017
:101B400028080020781E0020CC1F002040E900005B
:101B5000801F00200C070000521F002026020000FA
:101B6000CE2100000C0400004AD80108CC0400007B
:101B700010B50E4B0E495A7B09885200D1529B1862
:101B80000C4A0D4C12880D499A802068482208F0B2
:101B900060FFFBF7BDFD2068FAF7D4FA0120FFF7DC
:101BA000A7FE0022064B1A7010BDC046801F002001
:101BB0008403002082030020541F0020880300209B
:101BC000501F0020F0B5AB4B8BB000AF1C68FEF788
:101BD00013F80C23FA18043BDB18C0B2D9192500FE
:101BE000F9F788FC002809D1A34B3A69196891429A
:101BF00001DA1A6002E0FA689142FADCFDF7FCFFB4
:101C00004D286AD8F0F78CFE4E0059006C00730026
:101C10008A007100880098009D003101A100A50094
:101C20000203A900E001BA005E01DA00DF00F10062
:101C30001401F800060118012A015A0162016C0121
:101C40007D0183018701900196019B01A001A40100
:101C5000CF00D50069006900B701AA01B001BD013C
:101C6000CF01D301D7016900BB01DC01EB013C02CC
:101C70008002B902BB02C202CB02CD02CF02D10266
:101C8000D302D502D702FE02D902E902F502F90217
:101C90009C02DB028B02A302A302A302A302A30203
:101CA00095020003744A754B1268DA750122744B71
:101CB0001A70744B09321A7079E021006E4B724A27
:101CC0001B680831DBB2D35C704ACB77E38B9B187F
:101CD000062B02D801226E4B1A80BD460BB0F0BD18
:101CE000654B29341B682370F4E708342500624BE8
:101CF0001A68002A04D12B79012BEED0AA80E9E7DB
:101D0000D3B2682A04DC0222013B2A716B71E1E73D
:101D10000322693B2A71F9E708342500564B1B68FA
:101D2000002B04D12A79012AD7D1AB80D2E7013B1D
:101D30006B7101232B71CDE74F4B01341B68E377A7
:101D4000C8E74D4B1B68A361C4E74B4B2D341B68A0
:101D5000C9E7494B33341B68C5E7474B47491A6805
:101D600092B2E2834B7B04335B005A520222484B0F
:101D70001A80434B1A70474B0122C0E0464B0922A0
:101D8000190020205C7A2500854307D0FF2C05D060
:101D9000394B186880B2FBF7A5FE9EE75872013BED
:101DA000013AEFD2F4E7344A344B12689A853B4B40
:101DB000E2E7314A314B1268DA85F8E72E4B1A68B0
:101DC000374BDA77F3E72C4B2C4A1B681900481E77
:101DD00081419177002B01D0013BD377FBF7CEF9FE
:101DE0000122304B1A70304B65E7234B1A682F4B9A
:101DF000DA7700222E4B5EE7922126201E4B1F4AE7
:101E00001B6849005354FF30115C013399420DDACD
:101E100019000BE026219220174B184A1B68FF314E
:101E200053544000115C013B9942F1DC1154BEE770
:101E3000204B114A12683EE70F4A104811680122F0
:101E4000437B0A400133DBB25A43441DE277002250
:101E5000890700D51A1C0630C277C1E7064B1B68FC
:101E60005A1E9341144AD377A1E7034A034B1268E1
:101E70001A769CE7541F0020701F0020801F00204E
:101E800023080020020000208AC0010800FCFFFF98
:101E90004E080020B3070020272300202F08002031
:101EA000871F002032080020651F0020881F0020A7
:101EB00027080020CC070020811F0020D54B1A687E
:101EC000D54BF8E6D34B1A68D44B7AE71E21D14B99
:101ED000D34A1B68DBB213704B43D24A137066E7D8
:101EE000CC4B1A6823002E331A70210000230122E4
:101EF000E08B06F027FA0122CB4B1A70CB4B1A70FD
:101F0000EBE6C44B1B685A1E9341C94AABE7C14B71
:101F10001A68C84BCFE6BF4B1A68C74B1A70FBF75D
:101F20002DF9C64B0122C6E6C54BBA4A1268511EAE
:101F30008A41C0E6B74B1A6823003533D4E7B54B66
:101F40001A68C04B1A8032E7B24B1A68BE4BB2E631
:101F5000B04B1B685A1E9341BC4ABFE7AD4B1B6890
:101F60005A1E9341BA4AB9E70A22AA4B1B68534347
:101F7000B84A13801BE7A74B32341B68B3E6B64B55
:101F800057E7A44BB54C1B685A1E9341002223709F
:101F9000B34B1A70F4F7C0FA2378002B00D01FE778
:101FA000F2F7DDF91CE79B4B1A68AE4B83E6994BC1
:101FB0001A68AD4B7FE6974B1A68AC4BDA87F6E6AA
:101FC000944B34341B688EE6924B1868002380B221
:101FD0001A00190006F0B6F90222934BCAE6A026B1
:101FE00000248C4B36021D682000F2F773FF80231B
:101FF0005B01E418B442F7D1002D02D02000F2F7C3
:1020000069FF0C240826A020A319D9191022000268
:10201000F2F744FB7F22A0200125A11900263B7E78
:10202000C91993433B766F3A00230002FD76F2F71D
:10203000FBFF8F4B8F4C18008F4A90497B602677AF
:10204000FAF768F98E4B8F4A18008F493B60FAF710
:1020500061F98E4B31007A68236063608748022300
:10206000A660FBF75FFD022329003A688648FBF76C
:1020700059FD874B1D70874B1D70FBF755FB2CE6F8
:10208000644B85491B680A2B08D10A780132D2B209
:102090000A70022A00D820E6804A1FE700247F4AFF
:1020A000DBB20C701370092B00D080E67C4B6E46BF
:1020B0009D446D468022290092002000F2F7EEFA3E
:1020C00083222B0092000C33A91840201A78024377
:1020D0001A7010338B42F8D180220023200029008F
:1020E0009200F2F7A1FF80239B00E4188023DB011C
:1020F0009C42DFD102210020FBF70AF902210120D6
:10210000FBF706F9B54652E6424A664B1268511E85
:102110008A411A700222444B1A70444B02E73D4B2D
:1021200061491B680C22CB8060480023F2F77CFFDA
:10213000D3E5384A4F4B116893225200995436E642
:10214000344A4C4B1268511E8A41DA762FE6082237
:102150000C239B18DC192200554B23CB23C203CB45
:1021600003C22C4B1D68FDF747FD524B4738ED006D
:1021700080005B1902591B79B0E64F4B59E6254A9E
:102180004E4B12681A7001224D4BDBE6214B1B6847
:102190005A1E93414B4ADBB213704B4A9EE64B4B9F
:1021A00047E64B4B45E64B4B43E64B4BBDE64B4BB3
:1021B0003FE64B4BB9E64B4BB7E64B4BB5E63434F9
:1021C00020784A4B012802D0002803D1484B114AFD
:1021D00012681A70FAF7F6F9E9E50E4A454B1268EB
:1021E000511E8A411A70FAF7F9F80120FFF780FBB7
:1021F000DDE5084B1A68404B5DE5064A1D4B126849
:102200005A77D4E53D4B90E63D4B12E6014B28341E
:102210001B6868E5701F0020A81F0020821F002097
:10222000BE1F0020641F002023080020B3070020E9
:10223000831F0020C61F0020CB1F00203208002073
:1022400016070020CE1F0020A91F0020AA1F002073
:10225000FE1F0020F41F0020191F0020140700207B
:102260004F1F0020C01F0020C11F0020841F00201E
:1022700008200020801F0020F003DE000204000080
:1022800050200020F07795020504000002040504A8
:10229000222300202123002026230020741F002059
:1022A00000FEFFFF340400201E1F0020400101003B
:1022B000B4B50108D0D90108520000205800002010
:1022C0004E08002025230020F31E0020FC1E0020C5
:1022D0000E1F00202A00002058080020B907002007
:1022E0002423002023230020030000202A080020AC
:1022F0002908002028080020022000205F1F00205D
:10230000E1070020F0B55F4A5F4B1278B3B0012AB5
:1023100000D084E0F2F738F80020F1F7BFFF5B4906
:102320007120F1F7A3FDF2F7AFF85948F2F7D0FBAF
:10233000C32170200902F1F799FDF2F72DF85548F5
:10234000F2F7C6FBF2F720F850215348F2F7B6FC3B
:1023500000217020F1F78AFD30205049F1F786FD09
:102360004F4D494C2B6832331B78042B07D1230087
:102370007E331C22FA211B784A48F2F7B7FC2B68FF
:1023800032331B78023B012B2BD823007E331F787E
:10239000454E002F09D0A0238022DB0552009A6110
:1023A000012342483370F2F793FB3800F2F774F8D8
:1023B0002100230022007C310988783376321B8883
:1023C0001288019121007A31098839480091002151
:1023D000F2F720FDA0238022DB0552009A62002341
:1023E000337001200334F2F737F8E37F002B11D06C
:1023F0002B685B691B79023B012B00D963E12D49F6
:102400005220F1F733FD2C495120F1F72FFD2B48D5
:10241000F2F75EFB0020FFF76BFA33B0F0BD022A43
:1024200058D12749223216A808F013FB0020F1F7F3
:1024300035FF002516AC618820780135F1F716FDCF
:102440000434092DF7D100241E4A63005F20D15ABD
:102450000134F1F70BFD072CF6D11B48F2F738FBDE
:1024600059201A49F1F702FD1948F2F731FB6821AA
:102470005920F1F7FBFC00217020F1F7F7FC002157
:1024800058206BE7C11F0020801F00201C3E000069
:1024900050C30000803801001E050000FEC100008E
:1024A0006C1E0020AB090000781E002060EA0000CE
:1024B000E21F00208F02000040800000A086010083
:1024C000C8B5010878D70108204E00006808000050
:1024D00020BF0200032A00D042E77E499A1D0891DE
:1024E0007D490433DB8F09917C49D28F5BBA0A9115
:1024F00004A9CB838A8306A80722002108F07AF971
:102500007022002116A808F075F90022012310009E
:102510009C46802708AB1B181E7B082163460025BC
:102520003C00264200D01D435B0001399BB2640889
:102530000029F6D1082380245600B6B22C4200D0E0
:10254000BDE0D10BC9033200002901D064494A40E3
:10255000013B6410002BEFD101300428DAD1802038
:10256000102701210002024200D00B434900013F25
:1025700089B24008002FF6D1DB4304AA138413006C
:1025800022229B181F7008AB1E0003930297337B17
:10259000059300231C000493092006AD04AB06221A
:1025A0002900C01808F02EFA059A01212241AB78C3
:1025B0000A409B182A706A799B18AA799B180B40CD
:1025C000A340049A64181A43D3B20493082CE3D1AD
:1025D000F374029B76185B180293072BD7D10FAACE
:1025E0000BAB31CB31C200251B881380029C280025
:1025F0002100F0F725FA28000E012100F0F79AF9E2
:1026000022003018EB100FAEF35CAA4313410122F5
:102610004821134004AAC0B2521801351354702D3A
:10262000E5D10E2200210BA808F0E4F801220021D8
:10263000944608AB002216A84418A05C002807D0D6
:1026400007206546801A854028001D7B28431873A3
:102650000132082AF1D1083101337029EAD100236F
:10266000039A1178527809020A43F252039A02330C
:10267000023203921A2BF3D124221A4916A808F029
:10268000E8F90020F1F70AFE002516AC61882078F1
:102690000135F1F7EBFB0434092DF7D17B005F2006
:1026A000F15A0137F1F7E2FB0D2FF7D10E48F2F79F
:1026B0000FFA59200D49F1F7D9FB0D48D5E68021D5
:1026C000090291433FE70B495220F1F7CFFB0A493A
:1026D0009AE6C0465555555555555507092A446F34
:1026E00021100000ECB50108204E00006808000031
:1026F000C04504008F4200004090000070B53A4B86
:102700003A4EDB7F002B18D0D222394B52001A8070
:102710000022384B1A70384A1378002B07D1737B8C
:10272000364933730968364B196001231370002250
:10273000344B1A70344B01321A70F8F7AFFF334B39
:102740001C6863691868F9F735FA314D002812D012
:10275000230028331B78012B0DD12A78022A0AD0B6
:102760002C4A13700320F9F7D9FF002302202B70A5
:10277000F9F7E6F870BD284B1B78002BF2D1230047
:1027800033331B78002B03D0244B1B78042B1BD036
:10279000234B1B78002B19D0062B19D834342478FE
:1027A000002CDFD10120FEF745FF1E4B2A781C804C
:1027B000002A0FD000231C4A13701C4A13701C4AB5
:1027C00013701C4A1370D5E70120CCE70220CAE73A
:1027D0000620C8E70A22317E01314A431A801B884D
:1027E000154A9BB21380E5E7851F0020801F00205B
:1027F000DC0700204E000020F01E0020541F0020A7
:10280000701E002043080020651F00206C1E002061
:102810005108002023080020FD1E00205E1F00201C
:10282000671F00205C1F0020F41E0020FE1E0020F9
:10283000C2070020C1070020800300209121002250
:10284000F8B5304D304B8900287032201A70F1F7FE
:102850000DFBF1F7EDFDF9F797FD2C4C2068030017
:102860000833DF7F0369C18B1A68868BF9F752FD45
:10287000236801201A000832D7779E83FFF738F8C3
:102880002A78234B234D002A31D001221A70236865
:102890001A6908331068204A2860DB7F1370F1F74B
:1028A00067FE2868F1F74EFE01221C4B1A701C4B84
:1028B00014321A701B4BEA321A701B4B1A70002329
:1028C0001A4A13701A4A13701A4A13701A4A13706C
:1028D0001A4A13701A4A13701A4A13701A4A13705C
:1028E0001A4A13701A4A13701A4A1370F8BD1A70F4
:1028F00001235B422B60F1F730FE32201649F1F7DD
:10290000B5FAD1E7071F00204C080020701E0020F8
:10291000091F00203405002001230020651F00202E
:10292000380500202E0500202D0500203005002050
:102930002C050020D1070020D8070020D707002051
:10294000DA070020E31E0020DE0700200A1F002017
:10295000081F00202F0500204502000010B5F8F7E1
:10296000DFFF002819D00D4A0D4B12789121DA773C
:1029700002220C4B32201A700B4B013A1A700B4B8F
:1029800089001A7000230A4A13700A4A13700A4A0F
:102990001370F1F76BFAF1F74BFD10BD3304002013
:1029A000861F002023080020B3070020651F002099
:1029B000321F00202C0500202F050020F0B5040058
:1029C0000D00160089B0102801D900F0EBFBEFF7DD
:1029D000A7FF1100110011001100110011001100DA
:1029E0001100110011000C01D701D701EE02810383
:1029F000C103E503002916D00127C14D2F70FDF753
:102A0000FBF80F2841D1BF4B1A68002A3DDB092A89
:102A100009DCBD48BD4BBE49002E14D0303484546F
:102A2000FF220F701A70BB4B1B78012B09D1FDF7E9
:102A3000E3F8B94B2F2802D02822462800D1F022F3
:102A40001A8009B0F0BDB54DA7007F591D78AC467E
:102A5000B34DA44502D01C702E7006E02B780133D4
:102A6000DBB22B70FB5C002BF6D0AE4C2B782478BD
:102A7000FB5C002C05D01C00613C192C01D8203BCC
:102A8000DBB2835401230B70CDE7002ECBD101279D
:102A90002000FBF78DFB9E4BA34C1F70A34B1B78B4
:102AA000002B27D12378BB4216D0022B78D10A20E5
:102AB0009F4A2670137851784343CB18002B6FD070
:102AC0009C480078984205D39B4A013B13709B4B6E
:102AD0001F70A8E711702770954B1B78002B5FD0F3
:102AE000944A12789A425BD3934A013B1370934BFA
:102AF000012202E1FDF780F8082812D12378052B86
:102B000000D890E7FBF76CFBF9F7BAF98C4B1B6820
:102B1000998B64235843F9F71BF88A4B2670186089
:102B200081E702000D3A182A1DD8874BD3403B425B
:102B30002FD02378032B00D875E70A237C49267011
:102B40000A7848785A4312185A438878121853431F
:102B5000CA78013A9B1880229BB2D200934221D2BC
:102B6000784A13605FE72E2813D12378032B00D80F
:102B700059E76F4926704B780A781B0212031A43F3
:102B8000CB78704813438A78120113439BB20360D9
:102B900049E7C0B204AA03A9F8F7ACFC002804D0A6
:102BA0000023237002232B703DE70499032063293F
:102BB00003DC0238092900DD0130002213005C4FDC
:102BC00026780197D7B2BE4206D8864201D10022AC
:102BD00022709942E6DBC3E70A277B43019FBF5C73
:102BE0000132BC4663449BB2ECE7002900D11AE7EE
:102BF000002A09D0FDF754FA002800D113E7534BFF
:102C00001B78002B00D00EE701223D4B474D1A7078
:102C10002C783F4B1A70002C1ED1FCF7EDFF0300FF
:102C2000263B012B00D8FEE60E3801280AD90022E7
:102C3000464B1A7001232B703B4B1A70314B013AF3
:102C40001A60F0E63F4B22001868210080B2F9F7C5
:102C50000BFA0028EBD1E6E6FCF7CEFF0F2800D0F8
:102C6000A9E2284C2368002B2BDA0022354D1100F5
:102C7000286880B2F9F7F8F9002800D1D3E629686E
:102C8000214D89B22800FAF71DFB2800EFF722FE3C
:102C9000092807D80A222021121A401907F0AAFD94
:102CA0000023AB72FF210023184A294811701C4AE7
:102CB000290013701B4A23601370112207F0C9FE0C
:102CC000B1E6092B00D976E2FF21104A1170002EDF
:102CD00042D00A23236000221E4B0B491A701B4B63
:102CE0001B481A70113207F0FBFE002800D062E288
:102CF0002870FFF733FE00220B4B1A7093E6C04694
:102D0000511F00201C2300202723002057000020F3
:102D100053000020371F0020381F0020A8D90108C9
:102D2000172300201B230020531F002020230020F6
:102D3000D00300206C1F0020751F0020B607002064
:102D4000541F0020701F0020070090011A2300204C
:102D500006230020B7070020013323600A2B00D090
:102D600061E6B8E701233370C3E7BA4B1F70002355
:102D70002B70F8E70122B74B1A7000232B70B8E7CD
:102D80000B283AD10A3C002D00D14CE6002E04D18C
:102D90000122B14B1E70B14B1A70B14DEB7E002B6E
:102DA00005D1B04B1B78002B01D0644264B2FCF714
:102DB00023FF07000F2834D1AA4B1B78002B30D0FB
:102DC000A94B1E68002E2CDB092E00DD2BE61022FD
:102DD000A64904A807F03DFEA548E4B2835D02AA17
:102DE000E318DBB2D51D190000222039C9B25E29D3
:102DF00006D91F2B0DD87E230EE001246442C2E7C2
:102E00000132AF5C9F4202D1E318DBB2EBE7102A3C
:102E1000EDD17E2B00D920238355FF22954B1A70CC
:102E2000DBE0F8F77DFD021E00D0FCE58D4B924EF5
:102E30001978002922D19148914B02781B78121BF6
:102E4000013B541C02D0934216DB13000122037095
:102E50008C4B32701A70FCF7CFFE132800D1E2E5DC
:102E60001538012800D8DEE50835EB7F002B00D0AF
:102E7000D9E5F0F7ADFDD6E50B00E7E7082F12D155
:102E8000814B824D1B682868998B814B4C432018DD
:102E9000984203DC002802DA7E4800E01000F8F7D0
:102EA00057FE28600FE02E2F22D16B4B1978002996
:102EB00010D0794D01396B5C1B1958B21B0605D433
:102EC0000F2805DC685401233370ACE50F20F9E7C7
:102ED0001000F7E76D4A1368E31805D4802040021C
:102EE000834203DA1360EEE76C4BFBE70B00F9E774
:102EF00039000E39172913D8694BCB40DB070FD5A2
:102F0000624D243F2868A3B2012F28D91818210048
:102F1000130080B2F9F7E2F8604B9842C1D1D2E7D2
:102F2000F8B204AA03A9F8F7E5FA0028CBD1574D67
:102F3000039928680B00049A884203DB130082423D
:102F400000DD03005748E318834204D0994202DCB5
:102F50009A4202DB1A002A60B5E70A00FBE78022EA
:102F6000514FD200904205D1012C1AD10122524278
:102F70002A603A80286821001818002380B21A00BD
:102F8000F9F7ACF8454B984200D028600022BB5EB0
:102F90002A68012C07D19A4207DA8023DB002B60D4
:102FA00091E73880E6E79A42F7DC38808BE7FDF757
:102FB00077F8002825D0002D11D1002E00D032E561
:102FC000294A1368002B0ED000DC2CE5013B13606E
:102FD000FF22284B1A70354B1E70274B88E51F4B7C
:102FE000002E00D184E5F1F705FE00232F4A13706F
:102FF0001C4A1370184A13700122224B1A701E4B80
:103000007BE6002E00D00EE5002D00D10BE501235C
:10301000124A194C1370264A1178002953D1114BCA
:103020001B78002B46D00C4D2B78002BDBD0FCF707
:10303000E3FD082801D02E28D5D1F1F7DBFD0A21C8
:103040002B78154A013BDBB22B70D154012323703E
:10305000E9E4C046B7070020531F0020511F00209D
:10306000801F0020202300201C2300203DBA0108DF
:10307000272300205700002053000020751F002048
:103080006C1F0020B6070020541F0020701F002076
:10309000F5E0F505F6E0F505D0030020FFFF0000A0
:1030A0000300C800FFFFFF7F182300201A23002021
:1030B000321F00204E4B2670DB7F002B01D1F0F732
:1030C00087FC4C4B14E516704B4A237013704B4A27
:1030D0001370F6E7002900D1A5E40122484B1A70CD
:1030E000FCF78AFD0F280DD1464B1B68002B09DB2E
:1030F000092B00DD97E42A22002E00D10332424939
:10310000CA548AE6002E00D08DE4F9F73DF93F4B12
:103110001B6834331B78002B4AD1FCF76DFD033854
:103120000128CED83A4B1B78002BCAD0F8F7F8FB11
:103130000124384F314D002807D12000FFF77EFBD6
:10314000354B2C703C701C70BBE72B4B3E701C70D9
:103150002C70B6E7FCF750FD0F281AD1294B1B68DD
:10316000002B16DB002D00D15DE40121244A1170F3
:10317000092B00DD57E4002E02D0234A2231D1541E
:10318000012226490B7853400B70FF21244B197004
:1031900035E731002800F3F7BBFA44E40800F3F701
:1031A00005FB40E4002A00D03DE4002900D13AE4C8
:1031B0000222134BA1E5FCF71FFD0400322804D0C6
:1031C00023000D3B022B00D9D4E5164E3778002F93
:1031D00000D1C7E5012F00D08BE502233370FDF746
:1031E0001FF8322C00D0C0E5FEF7ECFCF2F764FDCE
:1031F000881F0020F11E0020601F0020651F002096
:10320000511F00201C23002027230020701E0020B7
:1032100020230020321F0020530000201B23002009
:10322000570000201A230020F7B51400102800D9F9
:103230005EE1EFF775FB11001100110011001100A4
:10324000110011001100110011004100F300F30002
:1032500026014B015D015901002A2CD100292AD0F9
:10326000A74B1B78012B36D1A64A1370FAF7A0FFA3
:103270000222A54B1A70A54B1A78032A1BD90A25DE
:10328000A34A1C70137851786B435B186B43917899
:103290005B185D43D378013BED188023ADB2DB00B2
:1032A0009D4218D2220021002800F8F7DDFE994B3C
:1032B0001870994B1D80F7BD002AFCD10029FAD067
:1032C000964B1A780193032A05D0954B1B78002B57
:1032D00004D1002A04D18B4B02223FE0012AFAD00C
:1032E0000125874E874A34781570AC423FD0022CB6
:1032F00046D0002CDFD1002B18D18A4FFA213C6830
:103300002000F8F725FC050087492000F8F720FC8D
:10331000291BAC4200D9611B021B844200D9221A2E
:10332000824B91421CD9022238601A70804B1B6874
:10333000D88B8023DB00984216D201230022337001
:10334000754B11001880F8F78FFE724B187002232E
:10335000019A13706C4A13700122764B1A70AAE717
:1033600000223D601A70E1E702233370EFE7674BFC
:103370001B78002B9FD10222634B32701A709AE7A0
:103380006B4F002B30D1674B38681A68C18BF8F748
:10339000C1FF694B1B78002B06D0684A3B68127846
:1033A0001A71674A12785A713B681A00083203CBC7
:1033B00003C25E4A1278DA77802338686149C58B88
:1033C0004A7BDB0054009D4220D2534B04321B88C1
:1033D000520053520222C3830B534B4B1A705A4B69
:1033E0001A800023337066E721000020F9F790FF70
:1033F00021002800F9F78CFF504A3B681178504AA9
:103400001971127819735A715A73D5E78022038E95
:10341000D2009B189BB20A199380DBE701230B288B
:103420001ED1002900D146E7002C04D10121374AE2
:103430001470344A1170434AD27E002A01D15B4293
:103440005BB22F4A1278012A17D1334A1088C0186C
:10345000431C07D08023DB00984204DB002002E0FD
:103460005B42DEE7394880B2108000221100F8F795
:10347000FBFD284B1870244B2EE7002C00D01AE7D8
:1034800029E7002A00D016E7002900D113E701221E
:103490001C4B1A701A4A1378012B09D0022B12D038
:1034A000002B00D007E7FFF759FA174B1C7002E713
:1034B00016490B78002B06D0013BDBB20B700A21BA
:1034C000134AD154D7E700231370D4E7002A00D061
:1034D000F1E6002900D1EEE601220A4B1A70104BEA
:1034E0001878FFF7ABF9E6E60800F3F75FF9E2E6D4
:1034F000002C00D0DFE6002900D0ECE6DBE6C04679
:103500000A1F0020511F002053000020531F0020DD
:10351000D00300200223002004230020091F0020E4
:10352000071F002034050020710200000123002045
:10353000541F0020651F00202C0500202D050020B1
:103540002E050020801F00204E080020FF030000F1
:103550009A4200D2885470477047F0B591B00493F6
:1035600016AB10CB1A9F1B781B9D02900391009203
:103570000593002C01D110239D4380232A00DB00FA
:103580001A4006921D4201D0002C1DD06123AA06CC
:1035900000D541230026DBB20A3B0194079318991A
:1035A0000198EFF74DFA079BCAB2D318DBB209298D
:1035B00001D83032D3B208AAB354019B189A741CB4
:1035C000934201D3202C14D102232A001A400792DF
:1035D0001D4220D1013B2B40002F08D0002B06D0EC
:1035E000059A002A02D10C32154200D0013F302248
:1035F00007E026000190D2E7202C05D008A96254EC
:1036000001341999A142F7D8002B04D03023BC42D1
:1036100001D2202C17D1EB0634D5069B002B17D1F5
:10362000002C15D0199BA34201D0BC4210D1631EBF
:10363000012C0CD0189A023C102A0CD0189A1C00AD
:10364000022A1BD12DE008AAA3540134DFE71C0095
:10365000189B102B20D1AB0608D47823202C08D13E
:103660002024009BAD0737D125002AE0202CF7D07D
:10367000582308AA13550134202CF1D0302308AA6E
:1036800013550134202CEBD0059B002B0BD02D23A0
:1036900008AA13550134E4E7189B022BECD1202C27
:1036A000DED06223E5E76B0701D52B23F0E72B077C
:1036B000D7D52023ECE72020049B0399029EB04736
:1036C0000135009B1A1B5219AF42F4D80026A742BD
:1036D00000D33E1B009BF31825000193019B181992
:1036E000421B002D0AD1079B002B05D0009BC41A5A
:1036F000009B1819A74209D811B0F0BD08AB013DD5
:10370000E85C0399049B029EB047E7E70200049B34
:1037100020200399029DA8470134E9E7F7B59C46AC
:103720000025194CA688864220D8E388F3189842D1
:103730001CDA1B1A9BB20D1C994200D91D1C802754
:10374000ADB2019525687F04BD4219D1156062466E
:1037500001981080089A002A11D02268BA420ED02F
:10376000002299425241089B1A7008E00135083442
:103770000D2DD7D180235B04136063461980F7BDFC
:10378000801B80B22D18E1E7B0DD010803000020A6
:103790002F2B0FD8084A5B009A5A084B08499B7D8B
:1037A0009B075B0F595A914204D806495B5A9A42CB
:1037B000924150427047C0467A1E0020801F002070
:1037C000D8C40108E0C40108F8B50E000400302593
:1037D0002F27FF2C0ED02F2C0ED82000FFF7D6FF5E
:1037E000002805D1A419013DE4B2002DF1D1FF2438
:1037F0002000F8BD3C00F0E70024EEE7084B094943
:103800009B7D02009B075B0F0748595A185A8A4252
:1038100002D3824201D8100070470800FCE7C0467E
:10382000801F0020D8C40108E0C40108094A1378A9
:10383000002B08D1802008498001886103210133D1
:103840000B4013707047032BF8D180200249800190
:103850008862F3E73C05002000080050044A054B4D
:1038600012684008128EA0389B5618187047C04640
:10387000701E00201C000020054A064B11781070B5
:1038800001221970044B1A70044B1A707047C0461D
:10389000022E0020012E0020002E0020810000209A
:1038A00070B50F4A0F4B52790F495200D55A040098
:1038B0008D4213D10D49EFF7C3F80800AF218900FD
:1038C000EFF738F8454303384342584107492D186C
:1038D0002000EFF72FF8054C44432C19200070BD51
:1038E00084000020D8DC010841030000C409000066
:1038F000084B09481A890949131C824201D9084B0F
:103900001B8800204A8804339BB29A424041C0B2CF
:103910007047C04684000020FBFF0000F02D00200F
:1039200022B601080022024B1A605A601A817047C1
:10393000F02D0020024B034A5B795B00D05A7047A0
:1039400084000020D8DC01080A4B10B51B68002B4E
:103950000BD0094A1468E41AFFF7ECFF01002000BD
:10396000EEF7E8FF013080B210BD8020034B1B79D9
:103970001841F8E744080020C80400208400002013
:1039800010B5FFF7E1FF0400FFF7D4FF604310BD5F
:1039900010B5064B1C68064B5B79032B03D8FFF769
:1039A000EFFF4008241A200010BDC046EC2D002077
:1039B00084000020064B10B51B68002B02D0054B7D
:1039C000186810BDFFF7DCFF034B1B68C018F8E751
:1039D00044080020C8040020EC2D0020034B044ABA
:1039E0001A6000229A801A811A617047D42D002033
:1039F0000000FFFF0122264B70B51A70FFF7EEFFA3
:103A0000FFF798FF234DA882FFF79EFF224E040088
:103A1000E882011C802823D98021802089B24001BE
:103A2000EFF712F8C0B2031C402800D94023DAB2E5
:103A3000102A00D2102300223370184B1E78184B26
:103A40001A800123174A1380802C0ED923007F335C
:103A5000DB09138000230126EB80FFF799FF0CE0C0
:103A600083B2102BD9D21021D7E7002EF2D1012C2E
:103A7000F0D9631EEB80FFF79DFF0B4B0B4A1E70C6
:103A80000123A3429B415B42E860137070BDC046B6
:103A90007B000020D42D00207C0000207A00002034
:103AA000C22D002078000020770000207600002042
:103AB0001E4B70B51B78002B1FD11D4B1D4C5B8816
:103AC000A3421AD01C4D1D4A2E881189A64207D048
:103AD000A14205D0032070430233C3189B089BB258
:103AE0002B80174D17482D78405D1B189BB2A142C3
:103AF00004D113810122144B1A7070BD5D1AACB24F
:103B000028B22D0401D5CB1A9CB2042CF5D904237C
:103B10000C2C04D80233A3429B415B4201339BB27D
:103B2000002801DA5B429BB25B18E2E7032E00201B
:103B3000D42D0020FFFF000074000020840000202E
:103B400082000020B0DC01088100002010B50C4B81
:103B50000C4A58689188002807D080201C88C00033
:103B6000844202D25888884208D2002059801169C4
:103B70001880596012891A81FFF79AFF10BDC0465C
:103B8000F02D0020D42D0020044A054B1268A030EF
:103B9000128E9B56C01A400080B27047701E0020E3
:103BA0001C00002070B5084DE868FFF7EDFF2E8976
:103BB00004002869FFF7E8FFA64203DD0400B042D5
:103BC00000DD34002C8170BD84000020124A0521E4
:103BD00070B5136900281DD0D5685B182C000A3415
:103BE000A34203DD1C000A2B00DD0A241461FFF749
:103BF000D9FF0222094B1A70094B013A1D60094B8B
:103C00001C60094B1D60094B1C60094B1A70094B65
:103C10001A7070BD4942DFE784000020DC2B0020D1
:103C2000700000206C00002068000020640000206C
:103C3000002E002081000020002210B5034B2D2112
:103C40001A6003480A3206F0D5FD10BDD82B0020BB
:103C5000CC2B0020F0B5455C401815701D70002974
:103C600006D0441E247801261F2C05D97E2911D8A0
:103C7000447800261F2C0DD82C19013464101778B5
:103C8000E4B2A74200D914701F78A74200D21C707A
:103C9000002EEBD1F0BD00000B4A10B513880B4C81
:103CA0000133138024780A4AD388D168908A002C83
:103CB00005D001339BB20918D380D16010BD013B00
:103CC0009BB2091AF8E7C046F02D002077000020CB
:103CD000D42D002070B5124B124D1A88EB88E98A5A
:103CE000D3189BB2994207D9A88AEB805043EB685E
:103CF0001818E860002070BD0B4B1C880134A4B27A
:103D0000A24203D8002201201A80F4E7A142F5D98B
:103D10001C80EC80FFF73CFEAB8A6343E8E7C046BB
:103D200078000020D42D0020C22D002002000020A9
:103D30000B4B70B51D680B4B1C68291B81420EDDB7
:103D40002300944203DC2B00954200DD13001B1B73
:103D50000F24634348101818EEF776FE204070BD1C
:103D600064000020680000200A4B984203D10A4BEF
:103D700018680A387047094B1A68002A02D1064BA6
:103D80001868F7E7064B128E40089B56A038C018FB
:103D9000F0E7C046FFFF000068000020701E002012
:103DA0001C00002030B5CB01084D1B185B08140027
:103DB0000F21EA5CC00704D58A4321400A43EA5434
:103DC00030BD0A4024012243D2B2F8E77627002012
:103DD000F7B501220407154B0191640F02400F282B
:103DE00004D90009124B0138C001C31801252E0067
:103DF000A640002492010F4F9B1800200200195C7E
:103E00000E4203D0290081400A43D2B20130082873
:103E1000F5D13878002801D0D243D2B201990833C5
:103E20000A550134082CE8D1F7BDC04659080020D6
:103E3000E51A002058080020044B1A78002A04D004
:103E400000221A70024B01321A707047DC1A0020EF
:103E5000601F002009490A4A0978127803000020EF
:103E600091420AD1074A12889A4206D8064909782F
:103E7000521892B293429B4158427047C12400208D
:103E8000E01A00208E0600200407002070B505000F
:103E90000E00064B1C68002C00D170BD2369002B5E
:103EA00002D03100280098472468F4E7701A0020F7
:103EB000002A0AD0054B80008A18C01892B20B78ED
:103EC000013103708BB29A42F9D17047205C0040F7
:103ED00070470000F8B5184B0D00DC681E69FFF74D
:103EE000BDFC640076002300371B4000844203DAE7
:103EF0003300864200DD03001B1B6B43781018184B
:103F00003900EEF7A1FDC6B26E430400331E05D0A2
:103F1000751CADB26D089D4204D3DBB2E0B2C0188F
:103F20004008F8BD29003000EEF704FD80B24019CA
:103F30002B004508EFE7C04684000020010070B563
:103F4000030008255A2031241E311A7850402A00D7
:103F500046B24000C0B2002E00DA6040013AD2B250
:103F6000002AF5D101338B42EFD170BDF0B51F00AF
:103F7000AF4B93B015000B9009910A93002800D025
:103F8000E5E10026FCE00135252806D03200741C4E
:103F9000099B0B990A9EB04764E100230120082485
:103FA0002A78691C2B2A16D00BD8202A15D0232A50
:103FB00015D011003039092930D800220A2407927F
:103FC00015E02D2A04D0302AF3D103430D00E7E792
:103FD00002221343FAE70422FBE72343F6E7102209
:103FE000F7E70500079A6243303A8A180792297862
:103FF000681C0A00303A092AF3D900212A7808916E
:104000002E2A25D18021C9000B4369786A1C08003B
:10401000303809283BD815000A2413E00021079105
:104020002A2AEAD104CF07928A4203DA02315242A5
:104030000B4307920135E0E70500089A6243303AE6
:104040008A1808922978681C0A00303A092AF3D99C
:104050002A78691C6C2A2AD024D8682A2FD06A2A88
:1040600036D028780135782890D8632833D862284C
:1040700000D16FE1632800D1A5E0252886D058281B
:1040800084D120221343103A0C218B436DE12A295D
:1040900006D104CF0235D143C9170A400892D7E7A9
:1040A0001500D5E77A2ADCD1802252000BE06A782D
:1040B0006C2AF9D1C022920013430235D1E76A7805
:1040C000682A03D080220D001343CAE7C022F3E719
:1040D00080229200F7E7010001226439C9B28A40C8
:1040E0001100544C2140224212D1732800D1BBE070
:1040F000702800D04AE72122134305930823049334
:10410000089B019103931023029308CF00934BE186
:104110006F2800D020E10822B6E77828B4D0934376
:104120000A22642800D120E1AEE758060DD5C8B2B6
:1041300005930292079BC20F0192C2170493801845
:10414000089B5040039300902EE108001C06EFD519
:1041500008B2EDE7002913D13C1DD80521D5059300
:10416000079B02920493089B019103933B68009381
:104170003200099B0B990A98FFF7EFF92700060018
:104180002878002800D0FEE6099B32009E4200D32A
:104190005A1E0020099B0B990A9CA047300013B0BF
:1041A000F0BD396858060AD5C9B20593079B02923B
:1041B0000493089B0091039300230193D8E718060A
:1041C000F3D589B2F1E70222190011400C91134294
:1041D0002CD0012301CF320008930B99099B741C4A
:1041E000C0B20A9EB0470C9B002B3BD0089B22001C
:1041F0000C932CE02020099B0B990A9CA047089A5D
:104200000799531C08939B1B9942F3D80A00531E2D
:104210009A410023D1B29A4201D0079B013BF61884
:1042200002230029D6D0079B0133D3E73200E7E70A
:104230005935010821081200531C0D932020099BB9
:104240000B990A9EB0470C9B0D9A01330C93079B68
:104250000C998B42F0D8079A089900238A4200D320
:10426000531AE41826008BE7390004C90D92089A06
:104270000E91002A01D1012252420D990C008A1898
:104280002178002901D0A24214D10D9A1900A41A54
:104290008022D20011400F91134203D0089A944219
:1042A00000D914000222190011401091134217D1B5
:1042B000320009E00134E3E7531C0C932020099BF2
:1042C0000B990A9FB8470C9AA31B0799D3189942D8
:1042D000F2D80023A14200D30B1B0134F618E418D6
:1042E0000C960AE008930C9B0C9A013311930B99DE
:1042F000099B0A9FB847119B0C930D9B0C9A9B1B23
:10430000985C002807D00F9B002BECD0089B089AE4
:10431000013B002AE6D1109B002B15D00C9A06E039
:10432000561C2020099B0B990A9FB84732000C9B12
:104330000799E31AD3189942F2D80023A14200D377
:104340000B1B0C9AD3180C930E9F0C9E18E71A4B5C
:104350000A9316E6022297E610226F2800D9DCE6BF
:1043600093430A22692800D0DBE6590501D50121D3
:104370008B43802189001940692802D0642800D02D
:10438000E8E6002900D0FBE602CFD80500D4CCE651
:104390000593079B02920493089B0393CB0F019311
:1043A000CB17C918594000913200099B0B990A9804
:1043B000FFF7D3F80600E3E65135010870B5002990
:1043C00001D1002A27D114244443194B1B191C0086
:1043D000CC342478002C1ED01E00164CD036A57B81
:1043E000A07331601900D4310A600022D833EDB2D5
:1043F0001A60904212D1104A1178CBB201290BD029
:10440000062B09D0002B05D1217C40330B432374AC
:1044100003231370A57370BD0523FAE70423627AA2
:10442000134301226372637E93436376F2E7C046CF
:1044300040230020005C0040392300207F220F4BE6
:104440000240997B40B2C9B29A7300280FDB002A60
:1044500007D107200A4A10706022187C02431A74A0
:1044600003E02022587E02435A7699737047002A4F
:10447000EFD01022587D02435A75F6E7005C0040E9
:10448000392300200300F7B57F201F0007400342B7
:1044900012D14021404B414A180011801A00198561
:1044A000CA32190017700122CC302A312C33027025
:1044B0000F701A700020FEBD7820034268D15BB2F5
:1044C0009C46374C1423A07B4D1EC0B26E427541F2
:1044D000019060467B43304EA773AD01F31800286E
:1044E00029DB1F00C837B9700121CC33EDB23A8007
:1044F00019702576637E0B4213D090236376082AC9
:1045000011D902210B000131DD00AA420ED82A0088
:1045100092B2DBB2A3767368D218019B7260A37368
:10452000C8E78023EAE708220123F1E74129E9D11E
:1045300000220123EDE72A2084469C446046017056
:1045400001211A852C331970B940A37A0B43DBB2D1
:10455000A37220232B432375637D9B070ED548232D
:104560006375082A0CD902210B000131DD00AA4233
:1045700009D82A0092B2DBB2A375CCE74023EFE75B
:1045800008220123F6E74129EED100220123F2E7B8
:10459000012040428FE7C04640230020082400202D
:1045A000005C004010B54279037912021A430323DC
:1045B000C178520519408078520DFFF763FF4342DE
:1045C0005841C0B210BD00006022F0B5A24C85B0C9
:1045D00023781A40202A00D14AE1402A00D175E10F
:1045E000002A23D103321340012B00D16EE0022BAD
:1045F00000D1D6E0002B19D160786588092815D83C
:10460000EEF77AF9760C140C14050E142A2EEDB27E
:10461000002D01D1914B1D70914B1D70002373E152
:104620002A0AEDB2032A04D1EE2D04D1002005B0F0
:10463000F0BD032AFAD80021A369D6B21878002861
:10464000F4D05F78B74203D18D4200D154E10131FB
:104650001B18F3E71B7857E1824BA360012353E15A
:10466000FF270020A669EDB200973178002908D114
:104670005E22AE23FF325B00A55400281BD1E0541C
:10468000CCE77378042B08D0052B0BD0022B06D176
:104690007779BD4203D1012001E0F37800933378AC
:1046A000F618E2E7BD42FAD1009B002BF7D13000AB
:1046B000FFF778FFF3E701220720E254FFF7E6FB5C
:1046C000802202206849FFF779FEA7E75E23FF33C7
:1046D000E35C002BAAD06078638827790B28A5D8E3
:1046E000EEF700F906A4A4A4A4A40DA4A4A42D315B
:1046F0000023A2681370A2685370022304E11B0A0E
:10470000212B0CD1594B1B68002B00D18EE75A1C72
:10471000D27FBA42F7D15B69A3600923F4E0222B70
:1047200000D083E7514B1B68002B00D17EE75A1C59
:10473000D27FBA42F7D19A69DB69A260E4E0002235
:10474000A3681A708AE7DBB2FF2601930023A569EC
:10475000009602932B780393002B05D10820029931
:10476000FFF794FB039BCFE06B78042B04D0052B61
:104770000DD02B78ED18EDE7EB78AE780093B742CB
:10478000F7D1019B009A9342F3D10295F1E7B7422A
:10479000EFD1019B009A9342EBD12800FFF702FF73
:1047A000E7E75E23FF33E35C002B00D13EE7A288FE
:1047B0006378D0B2012B1DD0032B45D0002B00D045
:1047C00034E77F331840254B997B9873C9B21206A2
:1047D0000BD4002802D0587E8006C00F00229973A7
:1047E000A3681870A3685A7087E70028F6D0587D30
:1047F000C006F2E76388002B23D17F331840174BA4
:10480000997B9873C9B2120610D4002804D11A7C7F
:10481000043082431A7407E060205A7E82435A763D
:104820005A7E203002435A7699736EE00028EED00B
:1048300030205A7D82435A754022587D02435A7572
:10484000F2E700232361F1E66588002DF9D1FFF737
:10485000F5FD256159E0C046EC000020005C0040F9
:104860004023002049020020182E0020701A00204A
:1048700003221340012B17D1254B22791B68002BF3
:1048800002D1012040420AE05D68002D0AD0591C87
:10489000C97F914206D120001E4A1F49A847C04344
:1048A000C00FC4E61B68EAE7022B00D0BEE6184B37
:1048B000A2881B68120A002BE3D09D68002D03D04C
:1048C000591CC97F9142E6D01B68F4E7104B1D6864
:1048D000002D02D1012040420AE0EB68002B01D1FB
:1048E0002D68F5E720000B4A0B4998470028F7D1BF
:1048F0000123013018409AE6A360022A00D0A9E6FD
:104900009A78DB781B021343236101208FE6C046AF
:10491000701A0020FC000020F40000200023180082
:1049200010B5094A094914888C4200D1108001331E
:104930000232802BF7D11E220021054805F05AFFD4
:104940000022044B1A7010BDC22C0020FFFF000093
:10495000A42C0020A22C002010B5194CE08AC1091B
:1049600007D18022174B121A40005200C01805F0E0
:1049700041FF154A1378002B0FD0013BDBB21370B7
:10498000002B02D10122114B1A70012210490B7821
:1049900053400B700F4B1A7010BD0F4B1B78002B40
:1049A000F3D1A088FEF75AFF0C4A0530D3680A33CA
:1049B000834200DA03000A2B00DD0A231361E4E7D7
:1049C000D42D0020C22C0020DC2B002081000020F0
:1049D0007A00002060000020032E002084000020C8
:1049E000802210B5D2000021084805F003FF002204
:1049F000074B1A70074A084B12681A60074A084B9F
:104A000012681A602022074B1A7010BD762700200A
:104A1000762B002070000020680000206C00002031
:104A2000640000207C00002013B5082200216846A5
:104A300005F0E0FE082269461548EFF72FFE154CF9
:104A40000521637922791B0192001343E27A2069E0
:104A500013436A46137006220F4B82301B785B00AB
:104A600013400E4A127813436A465370EDF7ECFF79
:104A70006B46987023890A4A934200D1FF236A4605
:104A80006946D370024800230822F0F7CDFA13BD1F
:104A900048A100008400002082000020032E002096
:104AA000FFFF0000F7B5154B0D1E01930CD0144EFF
:104AB0003368002B08D0B3681C68019B00937368AF
:104AC000002D07D1B3681C60802202200199FFF7F6
:104AD00075FCF7BD27001C1BBB42FBD0AC4200D9C4
:104AE0002C00306822000099C01905F0B2FF009B2D
:104AF0002D1B1B1900933C19E1E7C046182E00201E
:104B0000BC1A00204378212B15D0222B04D0203B47
:104B10005A1E934158427047C37882781B02134350
:104B2000180001220C491040134202D00A700020E4
:104B3000F1E70870FBE780200B6800214042187005
:104B400004305870D970197159719A3008319870C1
:104B5000997107231360EAE7BF070020F7B5002526
:104B60000700FA242E0001910520EFF7B1FF3B6901
:104B70000199320099430B005E425E41964206D194
:104B80000135962D04D15A1E9341D8B204E0012577
:104B9000013C002CE8D12000FEBD0000F7B52A2220
:104BA0002D4BFF329E5C0023273AFF3A05001C0084
:104BB0002A4F3240012A1DD00122294B1B699B0A32
:104BC0009A430192F30605D5A0200821C005FFF7FE
:104BD000C5FF0400730706D5802121480901FFF7AE
:104BE000BDFF0443E4B2B60631D4019B002B01D0D3
:104BF0003B68013300211B4A3B608C4201D01168A5
:104C0000013111600222184E184C30789A429B41B3
:104C10008A4292414142484121785B424F42794168
:104C200052424042494218401140114FA870E97069
:104C30002B706A70002806D00021397039783370E3
:104C400029712270F7BD0029F8D00121F5E7230072
:104C5000019C0193C9E7C046801F0020F425002075
:104C600000040050F0250020F9250020F825002040
:104C7000EE25002007B5002807D008237F220093E7
:104C800000210348073BF9F737F8EFF727FE07BD88
:104C9000B2BE01080C224243054B70B59B1818792F
:104CA0005D79DC88EEF7A8FE2841204070BDC04643
:104CB000F8DC010810B5FEF7F3FD0400094B18609D
:104CC000EFF7E0FA2000EFF753FC3020EEF794FE08
:104CD000040000213020EFF7C9F821003020EFF761
:104CE000C5F810BDFC2D002010B5054A054B5068D5
:104CF000D860518819801289DA80FFF7DBFF10BD78
:104D0000F02D0020D42D0020404BF7B51A78040078
:104D1000824250D018703E4B3E4D3F4F3F4E019364
:104D2000002849D03E4B1868002805D03D4A036949
:104D300012681A60F7F706FA0020FCF7D9FD3A4B23
:104D400000201978F7F7F6FB38492B680978384ABC
:104D500003335B1A01201360F9F758FA3020EEF79D
:104D60004BFE80218900014389B23020EFF77EF8A5
:104D700080244720EEF740FE6400204381B24720A4
:104D8000EFF774F8FA204000EFF7A2FEA023DB054E
:104D90009C6100233B70274B019A5B884320338042
:104DA000D27A254B5200D15AEFF760F880213F208C
:104DB000C900EFF75BF8F7BDA0238022FA20DB05DE
:104DC00052009A624000EFF783FE3020EEF714FEA7
:104DD0001A4901403020EFF749F84720EEF70CFE62
:104DE000174901404720EFF741F82000F9F70EFA84
:104DF00001235B422A683380124B3C701A60019B8E
:104E0000114A5B7943205B00D15CD2E7800000202F
:104E1000840000200C060020D02D00207E00002001
:104E2000701E0020FC2D0020C82D00207C000020DA
:104E3000C42D0020F02D0020B4DC0108FFFD00008F
:104E4000FFFE0000CC2D0020BADC010810B5FEF7F3
:104E5000D1FD104CE068EFF78BFB3020EEF7CCFD76
:104E60000D4A0E4B10401880FEF75CFD0020FFF746
:104E70004BFF01220A4BFF211A7001237F325B4254
:104E80000848638005F0B6FC40220021064805F082
:104E9000B1FC10BDD42D0020FFFDFFFFE02B002052
:104EA0007B000020222C0020E22B002070B5802205
:104EB00080256124144B6D42644200215200134846
:104EC000DD601C6105F096FC8022FF21104805F092
:104ED00091FC002140220F4805F08CFC00220E4B73
:104EE0001A800E4B1A700E4B1D600E4B1C600E4B41
:104EF0001D600E4B1C60FFF7A9FF01220C4B1A70BE
:104F00000C4B1A7070BDC04684000020C22C0020DB
:104F1000222C0020E22B0020DE2B0020DC2B0020A6
:104F2000700000206C000020680000206400002059
:104F3000002E0020810000200300013870B5C4B2AB
:104F4000112800D9AFE0EDF7D7FC0921AEBDAFAE17
:104F50000921AED43A3AE0AEAECEAE89804D6B793F
:104F6000012C0ED800220E2B01D00133DAB26A7167
:104F7000FEF706FD40082860FFF768FFFFF7CEFC4C
:104F800014E00E22002BF2D0013BEFE7FEF7D2FC3B
:104F9000734A8000136880B2012C0AD171498B4298
:104FA00001D8C01810607048EFF792FD6F4B0122D6
:104FB0002FE06F498B42F6D91B1A1360F3E76D4A55
:104FC0001278002A2DD06C4AD57E0B2B01D00123FC
:104FD0005D400020FFF798FEFEF700FDFEF7A2FC03
:104FE000FEF708FD654C664A002D02D1E38A012BCD
:104FF00011D8012313700023E380FEF7C9FC0022BF
:10500000604BE0601A70604B1A70584B01321A7096
:105010005E4B1A7047E0013B1570E380FEF7CAFC57
:10502000EDE75B4A1268002A3DD1534AD27E0B2B32
:1050300001D001235A4057490B68002A07D0564A2D
:10504000934230D8464A12689B180B6094E7534A43
:10505000934228D9424A12689B1AF6E7504B0F2117
:105060001878504D421C1A704F4B1C89EDF7E8FC24
:10507000C9B24900414B4C53D98AE0B2802906D9C4
:10508000E001EDF757FC7F2800D97F20C0B2012254
:10509000464B40005242C252FEF744FC0020FFF74C
:1050A00033FEFEF79BFC70BD394B1B68002BFAD119
:1050B0003F4A13703F4A1370FEF7BEFD0120FEF712
:1050C000DBFBF0E7324B1B68002BECD1244C0322B6
:1050D0002379002B01D0013BDAB22271FEF750FC9C
:1050E0004008206048E70220FEF7C6FBFFF7FCFD02
:1050F000D9E70123304A11784B40137003D10122C4
:10510000174B52421A81214B51E72C4B1C78002C33
:1051100001D000227DE7FFF787FC294B1C70F8F7D0
:105120006FFD284B1968002906D0274B1A68002A02
:1051300002D009691C600A60244B00241868FFF73C
:10514000B9FD234A6300D15A224B185D0134EEF7B2
:105150008DFE072CF5D101221F4B1A701F4BD8E78B
:10516000840000203F0D0300A0860100002E0020D7
:105170001027000080000020801F0020D42D002078
:1051800077000020600000207B00002081000020CC
:1051900044080020EC2D00207FA4BF0740771B00AF
:1051A000A22C0020A42C0020F02D0020C22C0020D6
:1051B0007D2B00207C2B0020032E0020982B00202C
:1051C000B81F0020701E0020942B0020902B002080
:1051D0007E2B00209CDC0108230800208C2B002063
:1051E00070B53224FF256320EEF706FC2840C7285F
:1051F00006D9013C0120E4B2EFF76AFC002CF2D1A1
:10520000EFF760F9EFF75EF9154B0400DD8A1880BF
:10521000D888802D06D92900C001EDF78BFB7F28A7
:1052200000D97F200F4EC0B20F494300B44203D1D2
:1052300001225242CA5207E0CA5A802D0AD9B2420C
:1052400002D0A24201D8CC5270BD032042431219B1
:105250009208EFE7A242F6D912195210EAE7C046C7
:10526000D42D0020FFFF0000C22C00207FB50F309E
:105270000D000A220021040005F0BCFA084B9D42F3
:105280000CD001AE29003000F8F71CF80023F25CC6
:10529000002A03D0E25401330A2BF8D17FBDC04667
:1052A000FFFF000070B5284E8AB03000EDF712FB0A
:1052B0008022041E254D264815D1210005F09AFABA
:1052C00080222100280005F095FA03232200022104
:1052D0002048F8F755FD0423220002211E48F8F764
:1052E0004FFD0AB070BD002105F084FA8022002134
:1052F000280005F07FFA112C06D803230022022192
:105300003000F8F7ADFDECE705AD112231002800C3
:1053100005F09FFB00220323113C022128006A7440
:10532000F8F79EFD231CA4B2112C00D911239CB2C6
:1053300022000A49684605F08CFB6B4600220221D8
:105340001A5568460423DCE7DA030020E51C002038
:10535000651C0020B9BE0108C6BE0108EB03002091
:10536000F7B5484D022816D0032800D180E02B78ED
:10537000012808D0052B02D801332B7002E001224E
:10538000414B1A70F7BD052BF9D898403F4A117868
:1053900001431170F0E729780029F3D03A4B3B4ADA
:1053A00000931B780192002B11D14A1E052A0ED8BA
:1053B000019A1478364A100056788E4210D19678A9
:1053C000A6420DD103225343C65C002E0DD100230B
:1053D000019A2B7013702F4A1370009A1370D1E743
:1053E000013303322D2BE7D1F1E7392E09D8252ED1
:1053F000EDD93200284B263AD2B2D340DB0709D48C
:10540000E5E733003D3BDBB21D2BE0D8234ADA4011
:10541000D207DCD51F4B224C1B78002B12D02378EF
:105420000F2B06D90F221F491F4805F0EBFA0F2357
:105430002370202021781C4B4A1C58540021D2B2E2
:10544000227099542378184F0F2B06D90F22380059
:10545000144905F0D7FA0F2323702278531CBE5449
:105460000022DBB2FA542370104B01321A70AEE7FF
:1054700000230121054A2B701370064A1170024A5D
:10548000ACE7C046ED250020EC250020EB250020F0
:10549000C8DB0108EA250020E5FF0F00F5FFFF3F0C
:1054A000E9250020D9250020D8250020601F0020F4
:1054B00010B5044B1B78FF2B03D0034A9B009B586D
:1054C000984710BD371F002018DE010870B5040092
:1054D000FF281CD00E4D2B78834214D0F1F7D4F85E
:1054E00000230C4A13700C4A13700C4A13700C4AB8
:1054F00013700C4A13700C4A13700C4A13700C4A48
:105500001370EFF791F901220A4B2C701A7070BDDD
:10551000371F0020531F002020230020321F0020AF
:10552000181F0020171F00201A230020331F0020FF
:10553000151F0020601F002000200122064B10B51F
:105540001870064B52421870054B1A80054B0232F8
:105550001A70FFF7BBFF10BDB2070020B107002093
:10556000240000202B1F002010B58022054906488A
:10557000EFF794F8E022054905489200EFF78EF81E
:1055800010BDC0465908002008100100E51A00208F
:10559000881001000EB403B5012103AB04CB4942CE
:1055A0000193FEF7E3FC02B008BC03B0184700000B
:1055B000F0B589B0F8F72EFD0520F8F713FD0823A4
:1055C0000093002302211A005F48F8F795FB5F4C17
:1055D0005F4BA67D0A21B5076D0FE85AEDF7AAF9D2
:1055E00083B25C4F0393B60700D15B4F5B4B0A213C
:1055F000585BEDF79FF95A4E80B23B003100039A99
:10560000009004A8FFF7C6FF062304A8002201218A
:10561000F8F7B6FB534D54482B78002B12D1534B5F
:1056200053481B78002B0DD1524B1B78002B33D1E4
:10563000E27C002A23D0A27C4F49013204A8FFF764
:10564000A9FF04A80A237F2200930021073BF8F753
:1056500053FB2B78002B06D1E37C002B46D0474B25
:105660001B78002B42D0464B1A78444B1B78002BFA
:105670001BD14449013204A8FFF78CFF2DE0A38A17
:1056800041495000085A0132834201D13F49D5E7D0
:10569000302AF6D13E48D5E73E4B3F481B78002BD9
:1056A000D0D0374B3D491A78C8E73D4B02AA138149
:1056B0002D233C4993720A780A2A01D03032D3B2A2
:1056C00002AAD3724B782D220A2B01D03033DAB2E2
:1056D00002AB1A73002302AA53730A237F2200939A
:1056E0000021093B04A8F8F707FB22E01F4B1B78B9
:1056F000002B01D0A27CBCE7204D2B78002B1CD1C5
:10570000A68A0A213000EDF79BF930008CB20A21FD
:10571000EDF710F92300244982B204A8FFF73AFFFD
:105720002B7824215A42534104A80122DBB2F8F716
:10573000B7FBEFF7D3F809B0F0BDF8F751FD1B49FF
:105740000200C31CE9E7C0460FBA0108801F002011
:10575000D8C401088CB8010819C00108E0C40108C8
:10576000E2BE0108331F0020D0BE0108151F002033
:10577000D6BE0108171F0020EBBE0108531F0020F2
:10578000DA1E00200DBF01087A1E0020F6BE0108B7
:1057900011BC0108DE1E0020DBBE010802BF0108AB
:1057A00043480000D003002015BF01081CBF0108BA
:1057B00070B50D0007490400EDF742F920000E0016
:1057C0000449EDF7B7F83300020003492800FFF75A
:1057D000E1FE70BDA086010092B70108F0B587B068
:1057E000002801D1364B1868FEF75AF8354C0500F1
:1057F0002100FFF7DDFF2B220127110000232000ED
:10580000F8F7BEFA304E314B327D31499200D21852
:105810002000FFF7BFFE00233A007421200000970C
:10582000F8F79EFBF27A2B4B9200D2582A492000BF
:10583000FFF7B0FE002307226C2120000097F8F745
:105840008FFB2800FEF72CF8244B05004922180096
:105850000021039304F0CEFF214B1B78002B24D0B2
:10586000204B214E1A68954216D000241D603470DA
:105870000022A7B211003800F6F7F6FB002818D076
:105880000822200104A9EEF709FF049B9D4210D1D4
:1058900039003000F7F716FD3378002B05D00622CB
:1058A0003000124B0399F8F707FAEFF725F807B025
:1058B000F0BD80230134DB009C42D9D1ECE7C04627
:1058C000FC2D0020AC2B00208400002090CB010890
:1058D00026BF0108A4DC01082ABF010884080020B3
:1058E00080000020A82B0020992B002016D0010852
:1058F00000B58022002112488BB004F07BFF114BD1
:105900001A78114B022A09D0104B1A78104B002A32
:1059100004D1104A1278002A00D10F4B0F48104AC8
:10592000007812780F49009002A8FFF733FE062393
:105930000022022102A8F8F723FA0BB000BDC046EE
:10594000E51D00203A060020E5B7010828060020E2
:10595000F1BC0108330600202FBF01085C000020C5
:105960000100002033BF01080CB407B504AB04CB21
:105970000193FEF7FBFA03B008BC02B01847000021
:10598000002270B5040010000B4E93B2994200D86B
:1059900070BD0825A35C1B02584003B2002B07DA38
:1059A0005B00734098B2013D002DF6D10132ECE767
:1059B000400080B2F7E7C04621100000F0B5802714
:1059C00004000E00150085B07F04002D01D105B044
:1059D000F0BD002300930A3320006B4403AA290082
:1059E000FDF79CFE6B4603985A89B8420BD3FF2102
:1059F000300004F0FFFE6B465B891C19ED1AA4B25F
:105A0000F618EDB2E1E73100EEF748FEF3E7F0B546
:105A100004000D00082685B009270A236F442000E2
:105A20006B443100009703AAFDF778FE80230398AA
:105A30005B04984205D26A4629003B785289EFF709
:105A4000F3FA6B465B89F61A1C19B6B2A4B2ED18CC
:105A5000002EE1D105B0F0BD30B58024094A4118CF
:105A6000884208D130BD013B1568254205D1002B85
:105A7000F9D10130F4E7044BF6E7002BF9D00378B5
:105A80005360F6E70038014010270000F0B585B0FC
:105A9000002815D15E4B5F4D5A6880235B009B1A2E
:105AA0005D4A5E4E9BB200925D4A80209446FF2480
:105AB00040002A889A4200D094E0002005B0F0BD52
:105AC000584B594A1B68594D594E9BB20092EBE70F
:105AD000013222402A802A889A4200D194E0B75CA1
:105AE000AB2F00D181E0013989B26145F0D1991A1B
:105AF0009A4202D3591CFF31891A89B20729DCD98D
:105B000001322240B75CCD2F74D0013880B22A8098
:105B10006045CED1FF202A88019202320240541CF7
:105B20000440375DB45C3F023C4327B202978027B4
:105B3000039408347F00BC425AD8029C07348C423C
:105B4000BBDA029902328C1C0240A4180440315D79
:105B5000DC294DD1611C0140715CBA2948D193B256
:105B6000B118A24249D9FF1ABFB23A00009804F016
:105B700070FF22003100009BD81904F06AFF023444
:105B8000019BE7B2E4B2F018A34239D98022520057
:105B90000021D21A04F02EFE3A000021300004F059
:105BA00029FE039B2C80991C0F24002321481A00F6
:105BB000009D2240ED5C825C6A40009DEA54013306
:105BC0008B42F4D303992800FFF7DAFE029A029978
:105BD000AB185A786B5C12021343181A42425041B8
:105BE000C0B26BE78021490075E7002900D07EE74D
:105BF0002B8062E700288DD1FAE70098A21ABCE753
:105C0000019B0021FA1ACAE70029F1D055E7C046E6
:105C10001C000240A0300020A02E0020701900209F
:105C2000FFFF00007C020020A02F0020A2300020F7
:105C300080020020A0DD010870B504000125EFF707
:105C4000ADFA8020EFF726FB60002843C0B2EFF7E3
:105C500021FB2800EEF73CFF0020EFF7CFFA04000D
:105C60002800EEF735FF2800EFF7C8FA0500EFF738
:105C7000ADFA2002284380B270BD70B505000C005B
:105C8000EFF78CFA8020EFF705FB6800C0B2EFF762
:105C900001FB60BA84B2C0B2EFF7FCFA002802DB65
:105CA000200AEFF7F7FAEFF791FA70BD10B502206E
:105CB0000149FFF7E2FF10BD410200000F4B4A000F
:105CC000D35A70B5C01A84B205200D00FFF7B4FF97
:105CD000C0239843AD0181B229430520FFF7CDFFD2
:105CE00021000320FFF7C9FF0548EEF7F1FE8021F0
:105CF000090203202143FFF7C0FF70BDD8C401088B
:105D00001027000010B5044B997D988A8907890FE8
:105D1000FFF7D4FF10BDC046801F002010B50C4C0B
:105D2000238AA382E37C002B0FD00121A07CFDF706
:105D30004BFDFF2804D100230138E374FF3810BD68
:105D4000044BA0744000C35AA3820020F7E7C0466A
:105D5000801F00207A1E0020F8B509230124CB40C3
:105D6000050023421DD0244B1B78002B02D10339A0
:105D70004C424C410127214E3770EEF755FD03226E
:105D80001F4B1A700E2D34D82800ECF7B5FD080B08
:105D9000321932323232272A323232322D00EEF7C5
:105DA00001FCF8BD032017498A7D93079B0F01333F
:105DB000034082431A438A750122134B1A70F0E79D
:105DC0000124104AD37C6340D374FFF7A7FF002857
:105DD0000FD1FFF797FF0C4B1C70E2E7EFF746FF80
:105DE000DFE7EEF757FFDCE720003840F0F79EFBD7
:105DF000D7E702233370D4E7D9080020511F0020D1
:105E000053000020801F0020B507002070B5A0239C
:105E10000C008021DB054900996200210F4B104DD9
:105E2000197029780A23002900D16E330D490E4ECE
:105E30000B8000230D49B0820B700D490B700D498A
:105E40000B700D490B709A4204D1001980B2FDF716
:105E5000D5FCB0822C70FFF755FF70BD781E002076
:105E6000171F0020DC1E0020801F0020ED1E0020D8
:105E7000DB1E0020331F0020151F00200022114BC5
:105E800010B51A70104B1B78934203D00F4B0132A0
:105E9000FF325A82FFF742FFFFF734FFF7F70AFCA1
:105EA00000230B4A13800B4A13700B4A1370EEF752
:105EB000A1FEA0238022DB0552009A61074BFF3A26
:105EC0001A7010BD171F0020DE1E0020801F00204A
:105ED000DC1E0020ED1E0020331F0020781E002055
:105EE0000B0070B554001C191100E4B2122823D81D
:105EF000ECF716FD1300130013001300130013003A
:105F000013001300130013009300F500F500550172
:105F10009000B001B401B801B801002C00D075E0C8
:105F2000B04B1B78002B00D070E0AF4B1B78002BE0
:105F300003D0AE4B02221A7070BDAD4B1B78002B04
:105F40001AD1AC4B1B78002BF3D1AB4BDE7CF8F7AE
:105F50002FF91023A94AAA4D13700D3B2B70A94BA2
:105F60001978002E2DD1012908D1A74A11780129CD
:105F7000E2D951701670DDE70226E8E70329DBD984
:105F800001241E701470F8F72BF9F5F779FF9A4A7F
:105F90009E49937D9B075B0F595A884203D39C49C6
:105FA0005B5A984205D90222904B1A7003232B703A
:105FB000C2E780B210829082FFF7A4FE954B1C705E
:105FC000BAE70229B8D100211970012313708E4B52
:105FD0005C781A780A235343013CE418E4B2012E9A
:105FE0000FD12000FDF7D2FB0028A2D0824A8A4BB5
:105FF00094746400E35A9382FFF784FE854B1E700D
:106000009AE72F2C00D994E7844BD8E72100FFF7BB
:10601000A3FE91E721000E20F9E7032C05D1012210
:106020000A201100EFF7B0FD86E7002C00D083E7CF
:106030000322734B6D4D01341A702C70EEF7F4FB94
:106040006C4B1B78002B2CD16E4B1B78002B00D097
:106050006FE7694AD37C002B0FD165480578002D86
:1060600007D06E496C4B0978928AA140CA52694B9D
:106070001C7001236B4003705EE75B4D2B78002B97
:106080000BD00121927C644B52004942D152FFF760
:1060900045FEFFF737FE5F4B1C7001232A78534003
:1060A00085E75F4B1B78002B03D15E4B1B78002BE1
:1060B00004D1022300222B70524B3CE74C49087854
:1060C000002808D0554A4C4D1278534BAD8A5200E7
:1060D000D552504B1C70012343400B702CE7012517
:1060E0000B2820D1EEF7A0FB464B1B78012C1CD1CE
:1060F000002B00D01DE73D4B1C703F4CE37E002B76
:1061000001D16D426DB23A4B1B78002B17D00322A0
:106110003B4B1A70414A13785B19591C0CD02F2B3A
:106120000BDD002309E06D42DCE7002B00D003E724
:10613000032C00D000E7E0E72F231370FCE62D4B83
:106140001B78002B0BD0364B1A78002A00D0F0E6D3
:106150002900A08AFFF75AFE0322294BEBE6E37CD5
:10616000002B14D0A67CE9B27018C0B2FDF72CFB4E
:10617000FF2809D0864207D0274BA0744000C35A9D
:10618000A3820122234B1A70FFF7BCFDE4E7208AAB
:10619000401980B2FDF732FBA0822082F1E7194A54
:1061A0001378002B16D0002C00D0C5E601200F4933
:1061B000087010490978002949D1002B34D10C49C5
:1061C000094B0A78002A09D11A78002A06D1EEF77D
:1061D000E9F9B1E6012C00D0AEE6E7E700220A704B
:1061E0001A70B9E7D9080020151F0020511F0020A0
:1061F000331F0020171F0020801F0020581F002081
:1062000053000020531F0020D0030020D8C40108F1
:10621000E0C40108B50700207A1E0020DA1E002025
:10622000DE1E0020DB1E00200A2110241248013B44
:10623000DBB2C154114913700C70002B04D0012B38
:106240008AD10378002B87D10023137084E7FFF7EE
:1062500015FE81E71800F0F75BFA6DE61800F0F71D
:10626000A5FA69E6012C00D166E60222044B1A70F9
:10627000EEF7DAFA60E6C046D0030020581F00208F
:10628000511F00200023F7B501212D4A2D4D137019
:106290002D4A11702D4A13702D4A1380AB7DAE8AA2
:1062A0009B079B0F0193002E45D02A4F3C78002C72
:1062B0003CD1294A6300E0B2D15A0134FFF7DDFC3A
:1062C000222CF6D12548EEF703FC19202449FFF7CC
:1062D000D4FC19202349FFF7D0FC2348EEF7F8FB44
:1062E00001233B70214B052019784B4259410F2364
:1062F00049421940A1231B01C918FFF7BEFC300019
:106300000199FFF7DBFC1A48EEF732F9A02380224F
:10631000DB0552009A61174BFF3A1A70164B38355D
:106320001A7003232B70F7F76BFCF7BD022013499B
:10633000FFF7A3FCD6E702201149FFF79EFCE2E736
:1063400043080020801F0020521F0020171F00203C
:1063500030080020162E00205CDD010890D00300DC
:106360003CA80000BCA8000060EA0000250800204E
:1063700080789D00781E0020651F0020010200002B
:1063800041020000054A1378082B01D9002313703D
:106390001278034B9200D0587047C046152E00204B
:1063A00038DD0108F0B589B0F7F734FE704D71485B
:1063B0002B78002B05D07048012B02D000236F48AA
:1063C0002B7008237F22009302210023F7F794FC0F
:1063D0006B4B04AC1E78002E43D16A4B6A491B6894
:1063E0001F683800ECF72CFB380002916649ECF787
:1063F000A1FA66490200029B2000FFF7CBF80F20AC
:1064000002AF032332006121C019F7F7B9FCE6712E
:106410000023022210212000F7F742FDFFF7B2FF10
:106420005B4A5C4B16882A7802901B88C188002A38
:1064300025D1594B1A78072A1CD8D2011300200005
:10644000564980330132FFF7A5F808237F220093D5
:1064500002212000033BF7F74FFCEEF73FFA09B0AB
:10646000F0BDF7F7BDFE4E490200C31C2000FFF748
:1064700091F8CDE720004B4904F0E3FAE5E79B19DA
:106480001F1C9BB28B4200D90F1C4748BFB27843F8
:10649000ECF7DAFA83B2180064210393ECF74AFAB6
:1064A000642185B20398ECF7CBFA404A8BB212789C
:1064B000002A52D12A0020003D490096FFF76AF8D1
:1064C0003C4B1B78002B17D008233C25422620008C
:1064D0007F2202210093033BF7F70EFC364C374B2B
:1064E0007A22E554364B81213648E65404F082F98D
:1064F000354BE654354BE554002FAED0244B344990
:1065000018880B7883420AD007257B1EDC101D40BB
:106510000123AB402F4A0870155D2B431355002310
:1065200007201A0084462C492C4D8124974209D912
:10653000284ED010305C664616403041012630426D
:1065400000D13C3402980C70C0881B189BB2772B8A
:1065500009D80131A942E8D17FE72A00200020496B
:10656000FFF718F8ACE7783B01329BB292B2EEE746
:10657000681E002040BF01084EBF010857BF010838
:10658000531F0020701E0020A086010006B70108DE
:106590001207002010070020152E00206FBF0108F1
:1065A00065BF01087FBF0108102700001507002004
:1065B00088BF0108142E0020E51A00200102000007
:1065C00002020000E81C00207D0200007E020000A4
:1065D000042E0020052E0020E91C0020611D002053
:1065E0009DBF010870B5002207250749074C13001D
:1065F0002B405B004E881B5B013273404B800231A5
:106600008242F4D170BDC0466807002028DD010831
:10661000F0B5804B8DB01B78002B19D07E4B1C78C9
:10662000002C15D17D4B1B78012B13D0022B00D1F0
:10663000E7E001227A4B03201A70EEF754F90420A8
:10664000EEF751F90520EEF74EF90620EEF74BF97B
:106650000DB0F0BD734A744C12782378002A75D0BF
:10666000FEF720FE714D80220021280004F0C2F8C0
:106670006F4B1E7833007F33DBB201937F236D4A6B
:106680003340009200996C4AC95CD25C0136F6B284
:106690000B1C914200D2131C7F21674A00983140A5
:1066A000525C415CDBB20F1C914200D2171C0024EB
:1066B000FFB23F2B07D8072041215843ECF73AF9A6
:1066C00006231C1AE4B200203F2F07D807304121CF
:1066D0007843ECF72FF90623181AC0B201210623DC
:1066E0000F001B1B9F402A783A432A70844279D2BC
:1066F0000F009F402A7801343A43E4B22A70013BEC
:10670000A042F5D2019B01359E42B7D17F23009A6A
:106710001E40494B915D9B5D0A1C994200D21A1C98
:10672000D2B240233F2A0BD8072041215043ECF737
:1067300001F90623181AC0B2181A053B8340DBB2D0
:106740003E4A3F495354FFF7D3F872E7002B03D179
:106750003C4C2378002B83D02000ECF7BBF8802240
:1067600007000021384804F045F88022002137480E
:1067700004F040F80323002202213548F7F700FB1C
:10678000112F06D8032300221C212000F7F7F8FA66
:1067900068E70026BDB2222F02D92E00223EB6B2F3
:1067A0001122A11902A804F054F9002202AB113DF4
:1067B0005A74AD1B03231C2102A8F7F7E1FA2B1C26
:1067C000ADB2112D00D911239DB207AF11362A00A9
:1067D000A119380004F03DF90022042302213800F9
:1067E0007A55D3E784428DD906231B1A0F009F40A8
:1067F0002A7801303A43C0B22A70013B8442F5D274
:1068000080E7FEF74FFD80222100084803F0F2FFE9
:1068100099E7C0460B1F0020371F00203A060020D2
:10682000601F0020DA03002016270020651D0020CD
:10683000152700209526002015260020E51A0020A7
:10684000FF02000018060020651C0020E51C002047
:10685000ADBF0108F0B589B00522002104A803F0FE
:10686000C9FFBC4EBC4C33782078002B54D0BB4FB2
:106870003B78034350D12A22B94BFF329D5C2C2236
:10688000FF329B5C5A1F5F2A00D914233221B5487E
:106890005943ECF74FF8B44B80B2188003234343BD
:1068A000B24A9BB21380B24A1080B24A13800722C8
:1068B0004243B14B1A8005232370B04B1A68B04B8A
:1068C0001A800023AF4A3B701370AF4A1370AF4A6F
:1068D0001370AF4A1380AF4A1370AF4A1370AF4AB8
:1068E0001360AF4A1360AF4A33701370AE4BAF4AB8
:1068F0001978002902D01178A94202D0157001221E
:106900001A70AB4C2378012B45D1EDF73DFD0223E6
:1069100023709A4B1A6854E0052803D0A24B1B78C9
:10692000002B02D100232370EBE72A238C4FFF3387
:10693000FB5C01251A00914E2A4031682B4200D1A0
:1069400070E0924C1B072CD4EDF724FF002828D0D0
:106950002378002B00D0A9E2257000220124954B5A
:10696000934D1A80944B1C702B78934200D096E282
:10697000A0230132DB05FF329A619048EEF7A8F8B8
:10698000FBF7BCFE02228E4B2C701A708D4B01203F
:106990001988EEF719FA864B1B78022B13D009B031
:1069A000F0BD0022237822705B00DBB2022BA8D15D
:1069B0007F4C2378012BEED1EDF7E6FC0223326801
:1069C0002370814B1A806D4B7F4A1B6811885B1ABC
:1069D0009BB2132BE3D90025754B774C15801D70A6
:1069E0002570EDF7D1FC29005120EDF73FFA280082
:1069F000FAF77EFF2800FAF71DFE744B28001D7081
:106A00002570F5F78BFEF5F7BFFC714B1B78AB4299
:106A100002D00220EFF75EF90122694B1A70FFF7EE
:106A2000F7FDBCE795235B00FB5C032B00D0D5E0B2
:106A300006AF3800FEF7B2F8484D34682878A4B2A3
:106A4000052800D95DE7EBF757FF03183048597167
:106A50007B78002B02D003232B707EE73B78002B42
:106A600000D14EE701214A4B5A4A1C805A4B2970EB
:106A70001B784B408B4013806FE7454B554F1A886E
:106A80000093394B39881B88A21A5B1892B29BB2CB
:106A90009A4200D20AE20020FEF762FC00233B800B
:106AA000009B1C8002232B7082E77B78384A002BE6
:106AB00001D01480CFE73B78002B03D1148004333E
:106AC0002B701EE713882A49E31A09889BB2994262
:106AD00000D916E714800123BEE77B78002B00D095
:106AE000E4E12B4F224A3B881288E31A9BB29A4278
:106AF00002D80120FEF734FC3C80D3E77A78244B9F
:106B0000002A01D01C80A6E73A78002A01D01C8018
:106B1000E1E71B88174AE31A12889BB29A4200D910
:106B2000EFE60220FEF71CFC0523C9E77A78184B34
:106B3000002AE7D13E78002EE9D11B88E41A0E4BDB
:106B4000A4B21B88A34200D9DBE60320FEF708FCB1
:106B50002E70D6E65B000020102600200F260020B5
:106B6000801F002070170000062600200426002049
:106B70000226002000260020FE2500200C06002012
:106B80000A2600200D2600200C260020FA250020D1
:106B9000FC250020F9250020F8250020F425002000
:106BA000F0250020EE2500200E2600205A000020AF
:106BB000142600205C1F0020141F0020204E00001F
:106BC0003A0600200C00002012260020C2070020F8
:106BD0004C08002008260020781E00208DB20428D2
:106BE00000D95AE1EBF79CFE050031007E00CB0096
:106BF0002B0104A8FDF7D2FF04AB1B7804AA52783E
:106C0000002B12D1002A00D17BE6B44A0121137077
:106C10000022B34B21701A70B24BB34A1D80B34BA4
:106C20001B784B408B40138097E6002AEDD09523CC
:106C30005B00FA5C2A3BFF3B022A03D104AA1279CB
:106C40005340E2E7A54A1278FAE7A44B1B78009379
:106C5000002B32D0A64B1B880293A24B03931B88B8
:106C6000EB1A9BB201939E4B1B78002B11D104A809
:106C7000FDF794FF95235B00FB5C002B22D1009B6A
:106C8000002B1CD004ABDB78002B02D00122944BEC
:106C90001A70954A029913885B180199994200DA93
:106CA00004E1002301201380039B1D80009B5840BA
:106CB000FEF756FB022323707AE68E4BCBE704AB3C
:106CC0009B78E1E7012BE4D1009B002B07D1884B97
:106CD000019A1B889342F2D804AB1B78D4E704AB2B
:106CE0005B78D1E77F4B00931B88EB1A9EB27C4BFD
:106CF0001B78002B12D104A8FDF750FF95235B00F1
:106D0000FB5C022B0AD0754B1B78002B14D004AB14
:106D1000DB78002B02D00122714B1A70764B1B8856
:106D2000B34200D9EDE56E4E3278002A07D06B4BA6
:106D3000197801234B400FE004AB9B78E9E704A8E6
:106D4000FDF72CFF04AB1B7804AA5278002B03D06C
:106D5000002A00D0B7E01A00002131708A420CD01E
:106D6000009A04A81580012222705C4A1370FDF776
:106D700015FFF2E559490978DCE70323D3E5594EBD
:106D80003388EB1A9BB200935C4B009A1B889342AA
:106D900049D904A8FDF702FF04AB1A780120002AA4
:106DA00000D15878544B19884B085B1800999942C8
:106DB0001CDA002800D1A4E504AB5B784749002A1F
:106DC00006D0002B06D10A70012335802370C4E55C
:106DD000002BF8D195235B00FB5C0122022B03D131
:106DE00004AB1B795A40EEE70B78FBE7002800D193
:106DF00087E53B490B78002B00D082E501330B700F
:106E000095214900785C354902280AD1002A08D02A
:106E100004A84078002804D004AA127953400B70CB
:106E20006FE50A706DE50220FEF79AFA2C4B1A788E
:106E3000002A02D000221A70C6E7042373E5294E07
:106E400004A833880193FDF7A9FE04AB1B78002B3F
:106E500004D104AA52780092002A11D0952252003F
:106E6000BA5C022A09D1002B07D004AA5278002A62
:106E700003D004AB1A7901235340184A1370A3E7D7
:106E8000019BEE1A1E4BB6B21B88B34200D938E5FF
:106E90000320FEF765FA009B45E5227031E5022BE1
:106EA00000D073E52C70174B1A806FE5012200218A
:106EB000154B1A70154B1980154B1978022900D102
:106EC0001A703268EFE795235B00F95C2A3BFF3BC1
:106ED000022900D04EE704A909792BE70D260020EE
:106EE0000C2600200A26002008260020781E0020FC
:106EF000062600200426002002260020002600206E
:106F0000FE25002012260020141F00205C1F0020F8
:106F100014260020F7B5051E03D003780024002BAB
:106F200017D1F7BD0E4E0F4F33784F2B06D94F2296
:106F300038000D4903F066FD4F2333700199327814
:106F40000978531CB9540022DBB201343370FA546F
:106F5000E4B22B1901932B5D002BE3D1E1E7C0468E
:106F6000D7250020162700201727002010B5094C30
:106F7000094A23780949D054CA5C824205D2C854D0
:106F80007F2201331340237010BD002AF8D0013A4C
:106F9000CA54F5E715270020152600209526002065
:106FA000F0B53D4B87B003931B7805900293002BFF
:106FB00070D03A4B3A4D1C780493002C43D02100FA
:106FC0002888EBF741FD0026022C00D814366427F0
:106FD00014217843EBF7AEFC031CC0B2B84200D9D1
:106FE0003B1CDAB2B24200D2331CDBB21927019348
:106FF000022C00D814272B4B019A2B481A7000231F
:10700000049A2B801370294D029AAB542A789A4225
:107010002ED00122E95C002918D1254B9B5C2A2B3C
:1070200001D03F2B0AD10024224E28007168EBF7D3
:1070300047FC002817D11F4BE4001B5D1E4803705E
:107040000023437014E064230193D3E72E2905D174
:1070500052003F2AE7DC0133DBB2DBE72D29E2D126
:1070600052000132F5E701340836362CDDD11348E1
:107070000378002B04D0019B9F4201D8FFF74AFF01
:107080000023039A2B701370059B002B02D0064837
:10709000FFF740FF07B0F0BD2B06002014060020CC
:1070A000160600205C00002018B901081806002010
:1070B00088DB0108E0C00108D5250020CEB8010812
:1070C00010B5002804D000221B4B1A701B4B1A70FD
:1070D000002401221A4B21001C701A4B1A481C7004
:1070E0001A4B1C801A4B1C801A4B1C701A4B1C70BC
:1070F0001A4B1C701A4B1A707F3203F07BFB8022F4
:107100002100184803F076FB7822174B52421C707E
:10711000164B1C70164B1C70164B1C80164B1C70AB
:10712000164B1C70164B1A80164BDC321C80164B0B
:107130001C70164B1A7010BDD72500201627002092
:107140002B060020180600201526002030060020FF
:107150002C060020320600202806002027060020EA
:107160003506002095260020330600202A06002040
:107170002906002024060020152700202E060020C6
:107180001600002016060020140600205C000020D7
:10719000962010B50F4BC0001978EBF755FC14235F
:1071A000132803DDDC33984200DC83B20A4A0B4922
:1071B000138003225A4392B20A80094900200B80AF
:1071C00008490A8007214B43074A1380FFF778FFDD
:1071D00010BDC046010000201A0000201000002051
:1071E0000E00002012000020140000202A4B10B5D1
:1071F0001A78002A4ED000241C70284B80222100CF
:1072000027481C7003F0F6FA80222100254803F07D
:10721000F1FA80222100244803F0ECFA21008022B8
:10722000224803F0E7FA0120FFF74AFF20490B78D4
:10723000A3420DD01F4A204B12780C70DA771F4AF8
:107240001F4B1278DA7701221E4B1A70F5F79CF863
:107250001D4A1378002B0BD01C4B1D491B780420B2
:107260000B70002111708B4200D00238EEF732FD16
:1072700018490B78002B05D0174A184B12781A7052
:1072800000230B70EDF76BF80022154B1A70154BAD
:1072900001321A7010BDC0460B1F00203A060020B4
:1072A000651C0020E51C0020651D0020E51D002058
:1072B0003004002032040020851F0020310400200B
:1072C000861F00204E0000202F0400202E040020E6
:1072D0004C0800202D0400202C040020C11F002099
:1072E000D9080020601F002070B5234A1378DCB253
:1072F000002B10D1214B5D686D42EDB2204A13780E
:107300009D420DD1002C17D00F221E4B1A70002267
:107310001D4B1A7003E01378013BDBB2137070BD94
:10732000591C1170194A1A48D15CEDF73BFA002834
:1073300000D120000400E1E70225164BFF351E684E
:10734000F6B2154A13789E4207D1002CE7D00F22DF
:107350000C4B1A700C4B0E3ADBE7013D002DF4D0BC
:107360000E490F48C95C01331370EDF71BFA002872
:1073700000D120000400E4E7D02500201C000240DA
:10738000D225002059000020C007002070190020DD
:10739000D12500207C020020D4250020800200207E
:1073A000D3250020F0B5664A8FB013780290DDB285
:1073B000002B05D1634C2378002B06D10FB0F0BD14
:1073C0001378013BDBB21370F8E75F4A5F4E106839
:1073D0003168401A5E49632808D91068013BDBB266
:1073E00030602370002B01D10B70E7E70B78594810
:1073F000002B00D092E001330B7001230293002494
:10740000260013680021036010220AA803F0F2F995
:10741000514F01970D2104ABC9182000FCF7D8FC8F
:1074200001234E4907A81A5C013351404C4A51438D
:10743000092BF8D14B4B0A0C1B784A400393019B54
:1074400092B21988914206D1039B1A1B51424A41BC
:10745000029B1A430BD00721012321408B401900C6
:10746000E2080AA8835C093619438154B6B2019B2D
:1074700001340233E4B20193802CCBD17F21039BF2
:10748000384A01330B401370002E97D0364B1B78CF
:10749000132B00D092E704ABD81CFF237E39037076
:1074A000ECF736F9314B05A80380022305218370E0
:1074B000330A0671C3700126ECF72AF9793C0AAA4F
:1074C000EB08D35C2A0022401341334219D00D212E
:1074D00004ABC91828001D73FCF77AFC092107A822
:1074E000ECF716F901221D4B0C2004A90918895C40
:1074F00001324B401A494B43092AF5D11A0C53402B
:107500003B800135EDB20237802DD8D104AB981CF9
:107510000A2301210370ECF7FBF84FE7029B002BD5
:1075200000D06AE7124BC8211B78002B00D16439C8
:10753000136804681B1B8B4200D360E73EE7C0461C
:10754000D0250020590000200C060020CC2500206A
:10755000C8250020C4250020C4240020C59D1C810E
:1075600093010001C224002055000020AA5500000C
:107570000B1F0020038810B501330380FEF702FFC4
:10758000074B084A1B8812889B18C2889BB29A42F4
:1075900005D80222044B00201A70FFF703FF10BD2C
:1075A0001007002012070020681E002010B50124DB
:1075B00000210A4B0F221C70094B1970094B1980CE
:1075C000094B1970094B1870094803F013F9200092
:1075D000FFF7E8FE074B1C7010BDC046142E0020BC
:1075E000B007002010070020531F002015070020BF
:1075F000052E0020681E0020F8B5002A45D100297C
:1076000043D010283ED0414B01321A700D2800D9CA
:1076100079E0EBF771F9070707070707070707077F
:107620004061614CF6F7C4FD394B1A78052A29D917
:1076300000241C70F6F7D4FDF4F722FC64254543C2
:10764000344E33689D4221D373689D421ED2280078
:10765000F4F7B0FA002819D12F4F28003E68B18BFB
:10766000F4F776FA34863060B0603000F4F76AFDE3
:107670002A4B3A6801201A60FAF73AF9ECF7B6FE9D
:10768000EDF770FB0422264B1A70F8BD0134083662
:10769000072CD6D1F6E70120FFF788FF214B224ABD
:1076A0001A8000225A80214A0833DA87EAE7184B09
:1076B0001C78002C09D12000FFF778FF1C4B1C70B0
:1076C0001C4B1C80EDF760FBDCE70A22013CE4B2B6
:1076D0001C70194B1A55D5E701230B280FD1174AF7
:1076E000D27E002A01D15B425BB2154C2078013377
:1076F00007D001300921EBF7A3F92170C2E75B4203
:10770000EDE70830F6E702221A70BBE7511F0020B0
:10771000531F0020A8C00108701E00206C1E00200E
:107720005300002068070020CDABFFFFBADCFFFF4D
:10773000042E002012070020D0030020801F00200C
:10774000152E002010B5C27F0024A52A1ED1427C30
:10775000017C12020A43817C09041143C27C120697
:107760000A43013212D04278017812020A4381782A
:1077700009041143C27812060A43013206D0847FFD
:10778000FCF7DCFB241A63425C41E4B2200010BD2C
:10779000030020330278FF2A04D101309842F9D146
:1077A000012070470020FCE7224B10B51B78002B0E
:1077B00036D09621204B89001A8800238A4205D9A9
:1077C0001E4BD318FE2B00D9FE23DBB21C4A1178C6
:1077D000994200D913701B4B1A78012314001C40E6
:1077E0001A421DD1ECF76EFE174A184B126840087A
:1077F000128E9B56A03B181883B200B202005D3275
:107800000FDB5D331C1CDBB2282B00D92824093484
:10781000E4B20F4B1A78FF2A01D0A24200D21C70AA
:1078200010BD03008D33F4DB06219330EBF70CF928
:10783000C4B2EEE7121F0020661E0020A8FDFFFF65
:10784000DE1A002044060020701E00201C000020CC
:10785000DF1A002001210A4B494219800023094AFE
:107860001370094A1170094A1370094A1370094AC2
:107870001370094A1360FF22084B1A707047C04604
:107880008E06002004070020C1240020900600205E
:107890008C0600200E07002048060020C02400208F
:1078A0000023094A10B51380084A1370084A137060
:1078B000084A1370FFF7CEFF0122074B05201A700C
:1078C000FDF704FE10BDC046E21A0020D91A0020C0
:1078D000DC1A0020DA1A0020651F00200023084A65
:1078E00010B51370074A1370074A1360074A1360F4
:1078F000F022074B52031A60FFF7ACFF10BDC046E1
:10790000DB1A0020D81A0020D01A0020CC1A002040
:10791000D41A002070B592B06B4604001720DE1D0B
:10792000A52302AD1122FF216844337002F062FFEB
:107930002B0007CC07C3228828001A80A2789A70EF
:10794000284A1368591C11602B61FCF7F7FAF423DD
:10795000254CA87722685B039A4202D3F0235B038D
:107960002360206820220AA9ECF798FE0AA8FFF7F6
:107970000FFF00281BD123681A0509D080221B0B9A
:1079800052011B039B18F4225203934227D2236017
:10799000206820220AA9ECF781FE0AA8FFF7F8FE6A
:1079A000002804D12068000B0003EDF793FA0023B0
:1079B000202229002068EDF737FB206800230122F0
:1079C00031001F30EDF730FBF422236852032033DF
:1079D000934201D3F0235B03236012B070BDF02308
:1079E0005B03D4E7D01A0020D41A002010B50B0096
:1079F000FF242340434007480A0A434322405A4099
:107A000042430B0C234053404343090E5940484323
:107A100010BDC04693010001F0B5284D87B02B780A
:107A2000002B0AD0264B274C1B78002B07D00023B5
:107A3000254A2B70FF332370137007B0F0BDFFF79A
:107A4000B3FE224B1E68721C1A60214B1F68214B2B
:107A50001B880293204B1B780393237804931A4BC3
:107A60001B7805931D4B1B8801335B0800D1013344
:107A70009BB201931A4B1B4C1B78002B02D02000A9
:107A8000FFF748FF012266600026019B27602381E3
:107A9000029BE6736381039B2373049B6373059BC3
:107AA000A3730F4B1A70104B1A70FFF7D3FEFF220F
:107AB000044B2E701A70044B1A70BEE7121F002080
:107AC000DD1A0020DF1A0020DE1A0020CC1A002068
:107AD000400600203C06002044060020101F002025
:107AE0005005002040050020D81A00200123020084
:107AF000F0B51A4085B005000C000392184236D04C
:107B00004B691F688023E68BDB009E4200D3194E31
:107B1000194B1A4A01931B780292002B0AD0137852
:107B2000AB4207D1164B1B68BB4203D1154B1B88D8
:107B3000B3421AD0FFF770FF0123019A137000229D
:107B4000029B1D700E4B1F600E4B1E800E4B1A8049
:107B5000039AFF23002A01D0293423780B4A13709B
:107B6000FF220B4B1A70FFF71FFE05B0F0BD0B692B
:107B7000C7E7C046FFFF0000121F00204406002098
:107B8000400600203C060020101F0020DF1A0020C5
:107B9000DE1A0020037842680078084940B20028C5
:107BA00006DA7F20034046339B00CB185A607047AB
:107BB0004E339B00C9184A60F9E7C046EC0000202C
:107BC000F7B505000F0014001E0082420FD1994244
:107BD00001DC0E001F00BE4200DDF7BDF2B2012342
:107BE0001648E9B20136F6F7A9F936B2F3E7FA20FA
:107BF0005E1A8000511B7043EAF726FF1049060009
:107C00006843EAF721FFC3190193AC4202DB23006A
:107C10002C001D0027007743AC42DEDCFA2138003F
:107C20008900EAF711FF019BE1B2C218D2B2012329
:107C30000248F6F783F90134BF19EDE7E51A002091
:107C400018FCFFFF064A11784F2907D820204B1C4B
:107C5000DBB21370034A50540021D1547047C04620
:107C60002B040020DA0300200121054B82B09A6B1F
:107C70000A439A639B6B0B400193019B02B07047D0
:107C800000100240F0B585B00C00150069461022C6
:107C9000ECF704FD6B461B78013BDBB2FD2B20D8D3
:107CA0006A4600210126114813785F1EFFB2FD2F9E
:107CB00008D90023137010226946200002F0C9FE83
:107CC00005B0F0BD232B07D02A3BDBB21A2B08D816
:107CD0000700DF40374204D0013101321029E3D1DF
:107CE000E9E72900200002F0ACFEE9E7C1FF8007C8
:107CF000F7B506001300150000220C00F6F740F857
:107D00003000EAF7E7FD07214143601C0818021C18
:107D1000C0B27F2800D97F221448D3B2E9014718A6
:107D20000193631EFE5CB4467F2662465640802265
:107D3000FE5452420E00944663181B18803E019A6E
:107D4000A24207D8094BED015D197F23A95C4B4086
:107D5000AB54F7BD18786246C0435F1A1870B85D1F
:107D600001345040B855E4B20133E8E7E51A002089
:107D700070B51C48ECF7ACFE80213F200902ECF7FF
:107D800075F859201849ECF771F868215920ECF77B
:107D90006DF80024154A63005F20D15A0134ECF7D6
:107DA00065F8242CF6D11248ECF792FE59201149BF
:107DB000ECF75CF80125A4340C20EBF71DFE2842FB
:107DC00006D1013C0C48E4B2ECF782FE002CF3D162
:107DD00000210220ECF74AF80248ECF779FEECF7B4
:107DE000C1FF70BD3075000068800000680700208A
:107DF000204E0000682800008813000004220221A1
:107E0000F0B55D4C5D4BA54404935D4B5D4D1B7817
:107E100005AC5B4213402A78200052420A401343CB
:107E2000594A1D261278134304AA5370049B1493D5
:107E3000564B1B680593564B1B680693554B1B8886
:107E400001335B082381544B1988544B61811B78A3
:107E50002373534B1B786373524B1B78A373FDF74B
:107E600005FA15AB07CC07C307CC07C322781A70F5
:107E70002B78002B5BD04C4B80271D684B4BFF00B1
:107E8000ED1800236D09ADB20193002D54D0013DD2
:107E9000ADB2F0231B020CACE818400120222100F7
:107EA000ECF7FCFB2000FFF773FC00283FD120001B
:107EB000FFF748FC002833D00823227B1A4208D160
:107EC0003B4B61681B68013B5B1A802189008B4238
:107ED0002DD214AB98192378193603706378B6B293
:107EE0004370A3788370E378C370237C0371637C51
:107EF0004371A37C8371E37CC371237A0372637A39
:107F00004372618902730B0A8172C372637B43738C
:107F1000A37B8373FDF7AAF9019B0133DBB20193C5
:107F2000013FBFB2002F02D0019B402BADD114AB5B
:107F30000021204A9B1905E01F4DAAE70136197060
:107F4000B6B201339642F9D902ABDC1D0A23237085
:107F50001A4B0CA80C935D2305210371EBF7D8FB9A
:107F600014A81749EBF7D4FB01212000EBF7D0FB55
:107F7000144B9D44F0BDC0464CF9FFFF0200400089
:107F8000DD1A0020D81A0020121F00204006002011
:107F9000D01A0020101F00203C06002044060020BC
:107FA000DF1A0020DE1A0020D41A00200000E2FFB1
:107FB000CC1A00205C060000FF030000AA5505064D
:107FC0005D060000B4060000802370B5021CDB00D3
:107FD000984201D3264B1A88264B274819780378F4
:107FE00092B28B4203D00024244B01701C60244BBE
:107FF00024481A8000230370234801702349244831
:108000000B70244903700B70234B1B68002B02D1AB
:108010000133037070BD0126184B1C6853093500ED
:1080200020009D4028402C4219D01C4C58015B0078
:108030001B5B802401339BB2E400A342A44180B2C5
:10804000121A234092B2164C2380164B1A8000223B
:10805000154B1880154B1A8001230B70DAE7013B92
:10806000DDD2134B134C1B681B195B099BB2EAE76B
:1080700024B60108E01A0020C02400204806002091
:108080008E06002004070020C12400209006002056
:108090008C0600200E070020D01A00204C0600207D
:1080A0000C07002006070020080700200A07002010
:1080B000D41A00200000E2FF10B5024B1880FFF731
:1080C00083FF10BDE21A002010B5124B124A1C8823
:1080D000124B12781B789A4218D18021104A231C27
:1080E000C9008C4201D30F4B1B8812889BB29A4265
:1080F0000CD10D4B1B78002B0BD10C4B1B78002B9C
:1081000007D12000FBF7A6FE002802D12000FFF7D0
:10811000D3FF10BDE21A0020C1240020E01A002085
:108120008E06002024B601080E0700208C060020D1
:1081300070B50D001400102805D1FBF77DFE280056
:10814000EEF734FB70BD002903D1002A01D10A28C3
:10815000F8D169490B78002B09D00A2803D1002DEA
:1081600001D1664B1D70664B01221A70EAE70A388E
:10817000052800D9BAE0EAF7BFFB5E1D30AC9C03CE
:10818000002DDFD05F4D002C08D0FBF755FEECF73B
:108190004BFBEBF7C5F801232B70D3E7FBF74CFE45
:1081A0000123594A11784B401370F4D01022574BD9
:1081B0001A70F0E7FBF740FE534B1B78002B05D0FD
:1081C000ECF732FB0020FFF777FFCCE7504B188825
:1081D0000028C8D0013880B2F5E7FBF72DFE4A4BE6
:1081E0001B78002B03D0ECF71FFB4A48EBE7FFF7A7
:1081F0006BFF494B18780028B5D0484B1B78002BF3
:10820000A0D1474B1B78002B03D0464B1B78002B8B
:1082100098D03F4A444913880988013340189BB2DB
:1082200080B2984201D913809DE73E4B1B78002B0A
:1082300099D01080C7E7002D1BD1304D002C16D1EE
:108240002B78002B13D1FBF7F7FD384A1378013355
:10825000DBB2022B00D92300137000222C4B1A80B2
:10826000FFF7F8FA0122274B1A70254B1A700023EA
:1082700092E7002C00D165E7204A1378002B00D04C
:1082800060E7012010702A4A1478002C0FD0137078
:10829000284A087013701E4A1380FFF71FFB012342
:1082A000254A1370174A1370154A13704AE7107065
:1082B000F5E7002D00D145E7002C00D042E7FBF7A1
:1082C000BBFD1E4A1378012B01D80133DCB21470B8
:1082D00049E7174B1C78002C02D0FBF7ADFD31E7C6
:1082E000FBF7AAFD164B1C70064B3DE7002C00D097
:1082F00028E70222104B38E7DD1A0020DA1A0020A6
:10830000601F0020651F0020D9080020581F002092
:10831000E21A0020FF030000040700200E070020DF
:108320008C060020900600208E060020E01A002017
:10833000DC1A0020121F0020511F0020D91A002033
:1083400053000020F0B5294C0727A5440193802352
:10835000DB010400C01800920D00022203AE4000B1
:1083600002A93780ECF79AF9009B002B14D02B0060
:1083700035331A781823D2001A402B8E2E353B4005
:10838000134333702B787370019B002B04D002AB26
:108390001A8833889A4225D0338802AA1380802015
:1083A000832204AD290012010002ECF777F902AA3A
:1083B00012886300EA5280208322002329001201E0
:1083C0000002ECF731FE31002000F3F7B9FD802305
:1083D000DB009C4206D2009B002B03D12000044905
:1083E000F5F780FB034B9D44F0BDC046BCF7FFFF93
:1083F0008CB8010844080000A022094BD2039968F8
:108400000A439A60022219681142FCD005225242A6
:108410001A6000221B6D0380024B1A807047C04611
:1084200000240140C0200020F7B51F0008AB1D78D4
:1084300001230C001600D2000132D2B200933B009F
:10844000F5F78EFDA21E0D4BD2B2002F02D10C4BC0
:10845000F601F3183E21985C013C41407F2099547D
:10846000E4B2E2B2954204D83E22595D4A405A55E0
:10847000F7BD1A5D42401A550134F2E75908002051
:10848000E51A0020F0B58FB0F5F7C4FD804B1C78DD
:10849000002C03D00120FCF7EDFB14E07D4B1B7892
:1084A000002B12D0082501237F2221007A48009555
:1084B000F5F722FC03237F22210078480095F5F789
:1084C0001BFCECF70BFA0FB0F0BDFFF7FDFD744B92
:1084D0001B78002B03D1734B1B78002BDAD0724B27
:1084E0001B78002B34D0714B00241D888023DB00C7
:1084F0009D42E6D22800E7B2FBF7ACFC0028E0D0B2
:108500006B4B08201B88ED1A6A4B2D01EA585B194A
:1085100004921A895D6859895E7B03921A7B9B7B62
:10852000059308231340024217D0E100033109B23A
:108530000B007B220438FFF743FB062CC1D05B4BBA
:1085400001341D888023A4B26519ADB2DB00CFE7EA
:108550000120594B1B7858409DE70120104004AA88
:108560001376564B0290994250D104980AA9FDF710
:108570001FF9534B53491A6807A8013A521B92B28C
:108580000132FDF707F80E233A0000930221002381
:1085900007A8FFF749FF029B002B3FD00AA83B002A
:1085A00000221121F5F75CFC47480123FD0001354D
:1085B000EDB200932A0000235F21F5F7D1FC434B75
:1085C0001B78012B3ED1029B002B2FD0404B072E56
:1085D00000D90726B600F15808A802F032FA7F2326
:1085E0003A006B2100933B480023FFF71DFF08A8CA
:1085F000EAF770F905210023091A49006B312A00B6
:10860000C9B2009308A8F5F7ABFC96E70AA8F4F7FF
:1086100059FE04AB1B7E002BABD1A6E70AA83B009A
:108620001121029AF5F7ACFB2B48BEE7092E06D9BB
:1086300032002A49093A08A8FCF7ACFFCFE732001C
:108640002749F8E7022B15D196239B009C46059EEF
:10865000642166443000EAF7F3F930008BB26421FC
:108660000293EAF767F91F49029B82B208A8FCF758
:1086700091FFB4E73C210398EAF7E2F903988EB240
:108680003C21EAF757F93300174982B2EEE7C046BA
:10869000DD1A0020DC1A0020B1BF0108CAB80108A9
:1086A000E01A0020D81A002004070020E21A002057
:1086B0008E060020940600200E070020FFFF000019
:1086C000CC1A00207ABF0108E5B70108D91A0020AA
:1086D00020CB01088CB80108F1BC0108BBBF010820
:1086E000C3BF01082EBA010824BA010810B50278E8
:1086F0000300013AD2B20120FD2A0CD81800202133
:108700001A1D03781C008C4301D0FF2B04D10130CB
:108710009042F6D1012010BD0020FCE7044BC25C62
:10872000044B0548D218136803400B43136070478D
:108730007DC30108000002400F80FFFF044BC25CB4
:10874000044BD21853681B0C1B040B435360704737
:108750007DC30108000002400121044B044AC35CB0
:108760009B181A688A431A607047C0467DC3010887
:1087700000000240044B054AC35C9B1801221968A3
:108780000A431A607047C0467DC3010800000240DA
:10879000F7B513007F221040002901D1002B17D11B
:1087A00014224243354EB21814002C34247800921F
:1087B000002C0DD0324CA57BEAB20192A073677DEC
:1087C00001253A002A4094462F4202D0019BA37310
:1087D000F7BD009A009F116353636246BA63002895
:1087E0003ED1284D2F78FAB2012F1FD0032A03D093
:1087F000002AEBD1002B03D148232374443B0EE025
:1088000040222274328D93420BD81F4E3678002EB0
:1088100007D19AB2FBF74CFB0A23237401232B7078
:10882000D4E70020FBF744FB0223F6E7002B05D139
:10883000154A13700A332374043BF0E7328D9342D8
:1088400009D8114D2D78002D05D19AB2FBF730FBD8
:108850000A232374BAE70020FBF72AFB0223F8E778
:10886000002B05D0B28F934205D92800FBF720FBDF
:1088700001236375AAE79AB2F7E7C04640230020B8
:10888000005C00403923002038230020F7B50F009A
:108890001400012827D00F262B4D030033403A5CEB
:1088A000EB5C53403B5401308442F6D86A46274B78
:1088B0006846042113805480FDF7CEF8210038006B
:1088C000FDF7CAF823003340EB5C0134DB4301A819
:1088D000344003702B5D0421DB4343701C4B438009
:1088E000FDF7BAF82FE0902A2DD81A4802F0B1F817
:1088F000194900220800231D134D5B1817000F268D
:108900003740EE5D077901327E40067101309442B6
:10891000F4D8552252420A7022324A70220ACA7092
:108920000F2022000240AA5C8C70D2431A70621C95
:108930000240AA5C7230D2435A70054A5A80220023
:108940000832FFF725FFF7BDA0DD0108ABCDFFFF23
:10895000DCBAFFFFA8300020A4300020F0B50500ED
:10896000494CA3B0002800D1484C2388484A934280
:1089700038D007D8474A93420CD01422464B1A707D
:1089800023B0F0BD454A934254D0454A9342F4D1B6
:10899000EDF792F96368434A002D00D0424A136014
:1089A0000422424B1A70424B08321A70414BDB7F53
:1089B0003C2B01D8EBF70CF83F4B404901A8009342
:1089C00002F03FF86A463E4B1B781375002353753F
:1089D0002822069307930893099369462800FFF716
:1089E00055FFCAE72F4B002D00D02F4B1B68A26804
:1089F0009A42C2D10C222E4B00211A702B4B083AFE
:108A00001A706B467D32D81D01F0F4FE6A46694645
:108A10002C4B1380A279131D4B80294BA0881B7807
:108A200088808A71002B02D102A9FCF7C7FFA279C6
:108A30000832D2E71B4B002D00D01B4B1B68A268ED
:108A40009A429AD10C221A4B1A70184B083A1A7093
:108A50006A461D4B0093A3889380194B1E78002E05
:108A600005D127000C37A379DB089E4201D30622EB
:108A7000B3E7A388F000C018390080B2FCF7C7FF45
:108A800001360837EFE7C046A02F0020A02E0020B7
:108A90001B050000140500001E0700201D05000036
:108AA000DD0500009C2E0020982E0020361F00209F
:108AB000FD1E0020881F002015052400ABC40108FE
:108AC000342200201C0500001E0502000B003F227E
:108AD00010B51140134206D1002B04D00A008120AA
:108AE000FFF756FE10BD0022014B1A70FAE7C04690
:108AF000BE07002070B500281ED1002910D0144BED
:108B00009D68DC686D18641A9D60DC600FD1114AA5
:108B10009A60FBF759FD002803D18030FBF78EFCEB
:108B200070BD220021008020FFF732FEF8E722000E
:108B30002900FBF743FCF3E77F230340044A4E334D
:108B40009B00D2185368002BEAD09847E8E7C0464C
:108B5000EC000020080100200E4B10B59968DA687F
:108B60000918121A9960DA6003D08020FFF710FE0E
:108B700010BD187D002802D011001A75F5E7DA88BB
:108B8000002AF5D01B787F2BF2D902000100FBF7F9
:108B900015FCEDE7EC000020F0B5BB4F87B03B794A
:108BA000DAB20192BA79D2B202927A79D2B204924E
:108BB000BA7BD2B205925B0725D5C022B34D002106
:108BC0005200280001F016FEAE2200244026B04BD1
:108BD00052006E6021003C7080209C5232002C704C
:108BE000FBF750FC320021002000FBF74BFC21007A
:108BF0000120FBF74BF901227B7813437B70A54BD7
:108C0000BA727C721C70019B9B0703D50021062061
:108C1000FBF73CF9019BDE0703D500210520FBF79C
:108C200035F9BB7A029A1A4013000192DB0711D57D
:108C30000024BC73387C04230500964AC1B21D4051
:108C4000184219D0397C9943397414700123019A60
:108C50009A4301920124019B002B00D0C0E0012423
:108C60007D7A049B1D400195019B002B00D01BE1E8
:108C7000059BBB7307B0F0BDCB0602D580233B74C8
:108C80001570824B1878002804D01878C0B238705C
:108C9000002018701478E0B2062CD7D80124E9F728
:108CA00035FE07005D00D5FF6C009C009C009A001B
:108CB0002142CBD07B7C082BC8D100227648774B51
:108CC000017899540132082AFAD1714C220003CB61
:108CD00003C28023E2885B009A4206D923787F2B67
:108CE00003D88020FBF7AAFBB0E700206C49E260C4
:108CF000A16022612075824205D023787F2B02D8A3
:108D0000FBF75CFBA2E7FBF75FFC0028E9D0E388F8
:108D100026691D000293B34200D93500A168E560C1
:108D20008B070CD080235B009D4200D98EE75C4B03
:108D30002A001800039301F08CFE039BA360029BA2
:108D4000B34205D9B60603D10123564A23751370E1
:108D50002A008020A168FFF71BFD77E75A6B198D69
:108D6000986B8A4206D90818521A98635A63FFF71B
:108D7000F3FE6BE710180022F7E7214200D165E708
:108D80007A7CD0B2002A12D11900D0310A681218A8
:108D90000A601A00D8321168411811601A00C832EE
:108DA0001288824210D90020FFF7A4FE4EE71A0075
:108DB000D03211680200384D2C78013A92B20C7012
:108DC0000131002AF8D1DFE7D4331B689942EAD099
:108DD00040233B743AE70020C9E70023137035E7CE
:108DE0000123A3400293029A019B134229D004223B
:108DF000BC737B7D134202D07B7D93437B75142132
:108E00006143224D69184B6B0A8D086B93421BD945
:108E100080180863896B9B1A5118142666431B48F7
:108E2000801981634363002B1FD122007F331A40D6
:108E30001C420FD10800FFF78FFE019B029A93435B
:108E400001930134E4B206E7C0180863896B59182E
:108E50000023E2E70E4B463292009B185B68002B22
:108E6000EBD0802020439847E7E79A4200D91A00C8
:108E700014236343ED182000296B92B2FBF718F816
:108E800001237B75D9E7C046005C004040230020E9
:108E9000EC00002039230020205C004060230020EB
:108EA00008010020382300200126A640019B334200
:108EB00029D00122BC737B7E134221D0BB8B9AB296
:108EC000002B23D1142161431C4B5B181800D030B8
:108ED000016889180160816851188160D420844636
:108EE0009C44604665460068C833801A28601B8829
:108EF00093421BD97B7A2000B3437B72FFF7FAFDC4
:108F0000019BB34301930134E4B2ADE60C4BA000E6
:108F1000C018142363430B495B58D11889B20578F4
:108F20001D7001339DB28D42F9D1CBE70028E1D00D
:108F300001227B7E93437B76E2E7C04640230020FC
:108F4000205C004010240020022110B50A4A0B4B7F
:108F50009C680C4205D1013A002AF9D110BDDB68AA
:108F6000FCE70121044A187398680842F7D1013AD6
:108F7000002AF9D1F2E7C046A08601000030014086
:108F8000F8B50423A027B0240E4EFF05B36240239A
:108F90001D00BB622000FFF7D7FF1020FFF7D4FFB2
:108FA0000420FFF7D1FFBD616D190020013DFFF7DF
:108FB000CBFF002DF9D10134E4B2B82CE7D1042362
:108FC000B361F8BD000400505C2110B5032802D83D
:108FD000034B4000C15A4320EAF748FF10BDC0468A
:108FE00080DB0108F0B5B54BAFB0DB7F0EAD5A1E8C
:108FF0009341B34C0822B34928006375B24E01F087
:1090000028FD08222900B148EBF748FB2B781A0904
:109010000F2A00D1033A032162719A080A40227193
:109020000B408B4200D10023E3726B781A00FF3AA9
:10903000511E8A411A405B079B0F032B00D1023B54
:10904000A3490A70A34A1370AA781C2A03D80523DF
:109050005343823B2361EB78FF2B00D19E4B23814E
:109060009E4B1868052300280DD19D4B1B681B697A
:109070001D68FAF769FC0700FAF75CFC7B089BB2F5
:1090800058430423281A974A38361060964A33709A
:1090900010600025F4F7B4FD944B585DEAF7ACFC82
:1090A000934A6B000135D052072DF5D1914B1A68C8
:1090B000002A03D01269904B12681A6001258F4B69
:1090C00028001D708E4B1D708E4B1D70FBF71CFE13
:1090D0000020FBF719FE824B1B683433187820758B
:1090E000F3F770FAE07AFFF76FFFFBF779FCFBF715
:1090F000DDFE854B1D70844B1B780293002B03D142
:10910000EBF778FD2FB0F0BDFEF7EEF87F4B1A7845
:10911000002A03D000221A70EBF7F6FC7C4B7D4945
:109120001A780491002A1ED000221A70FAF70CFC5B
:10913000802818D9714B1B78002B14D10121764A55
:109140001170049A1370754C27786770ECF7F6F875
:109150000500132871D1EBF71DFB00286CD1257099
:109160000023A37077E0049B1B78002BEBD0644CAA
:109170002378002B03D0FAF73DFC00232370684BC3
:109180001C785E4B1D78002D01D100F0A2FC012C53
:1091900001D100F062FCFA200025049B80001D70C4
:1091A000EBF796FC0C20EAF727FC0123184200D1CC
:1091B000EDE202202900EAF759FE0220EAF71CFC42
:1091C000400500D4E3E229003F20EAF74FFE2900E2
:1091D0000220EAF74BFEFA204000EBF779FC28006A
:1091E000FBF792FDFAF7FAFBFAF79CFB384B1B787A
:1091F000AB4205D10122324B52421A81494B1A80AF
:1092000001223F4B1A70484B1A70F4F7C7FF304BDE
:10921000464C1B78002B01D000F0EAFD2D4A444B50
:1092200012789200D258434B19783C23002900D081
:109230000233414900F0F7FD10252570AF428FD170
:10924000A378DA1ED2B20F2B01D80133DAB23B4831
:10925000A270EBF73DFC324E3378002B13D1132D67
:1092600027D10A2F0AD1364B1B78002B06D0354B5D
:109270001B78002B02D13800FBF75EFE0022304B3A
:109280001A70304B1A70A178032902D0102900D02F
:109290006DE733782478002B00D08DE00A2C00D0C5
:1092A00027E1284A03294FD101202549087013706E
:1092B0005DE70A2DE7D00A2FE5D0DFE7881F002001
:1092C00084000020FFBF0108801F002048A100008B
:1092D000032E002082000020FFFF00004408002031
:1092E000541F0020902B0020EC2D00209CDC010856
:1092F0007E2B0020701E0020942B00208000002078
:10930000600000207A0000208C2B0020631F0020CA
:10931000621F00207B000020002E00205D00002046
:10932000022E00207400002081000020AC2B0020C1
:1093300054DC010877000020CFBF0108204E000058
:1093400072270020712700201478002C00D00EE72F
:1093500001260127B24BB34D1C70B34B16701C7025
:10936000B24BEC721E70B24B7F421C70B14B1C7042
:10937000B14B1C70B14BAB80B14B1B6834331B78C5
:109380002F8102932B75AF4B1F80FAF7F9FAF0404B
:1093900028600298F3F716F92000FFF715FEAA4B94
:1093A0001C70AA4B1F80AA4B1E70FBF77FFDFBF7BA
:1093B000B5FAFBF739FBDAE6012B00D099E00A2C6D
:1093C0007DD004D923000D3B012B00D9CFE6A14D60
:1093D0002B78002B08D10D2C01D001F02FF99E4BDA
:1093E0001878FAF749FAC2E60D2C0FD0092B00D9EC
:1093F000BDE60E2C05D1994A1178002900D0B6E6B9
:1094000013705A1C2A70964AD45408E0934A013BC0
:109410001178DBB22B70994201D100231370FAF757
:109420000BFC8E4B1A782B780393002A00D11A007C
:1094300000232D252E278A4E8A4C03992800994215
:1094400005DDF15C3800092901D83031C8B2E0549B
:1094500001330A2BF1D1140000269C468249804832
:109460000968824D05901018059B471E834215D14F
:10947000002E01D07C4B1960039B9A420BD2002333
:109480000A27794E7A483568039A0134A2420DD1F1
:10949000002B00D035600122764B57E063463878C8
:1094A000029E68435D4309183800DDE7059B3900DB
:1094B0001B5D4343ED18E9F73DFA029BE4E76A4B75
:1094C0001C686D4BE2186D4B9A4200D94FE6624B17
:1094D0001878FAF7D1F96A4B1C603378002B04D165
:1094E000FBF71CFAFBF7B2FC41E62000FBF7E2FBBE
:1094F0003DE6032C11D00E2C3DD0112C73D820004A
:10950000E9F7FAF9407171717171587171097171EE
:1095100071712A2A716100230293434B1B78002B3F
:1095200003D00298FAF752FB21E6404A02991378D9
:1095300000290DD0012B01D8013313700122394BC2
:1095400052421A8101224B4B1A704E4B1A700EE692
:10955000002BF3D0013BF0E7324B1B89023B9CB25E
:10956000304B18691C81FAF70FFBA04207D201208B
:10957000FAF72CFBE6E72B4B1B890233EFE7FAF7F0
:1095800011FBDFE70020FBF7BFFB264D2B7D012BF6
:1095900001D80133DCB220002C75F3F713F8224B0D
:1095A0001B78002B01D1013B2B81FBF77FFCFBF7E4
:1095B000B5F9DCE51B4A0021D37A022B01D0013337
:1095C000D9B2D17267E70123164A517D4B405375DA
:1095D0002D4A05D02623FF33D05CEAF7CFF9C6E544
:1095E00092235B00F8E7002B03D12000FBF7A4FCDB
:1095F000BDE5022B00D0BAE5601F0D2800D9B6E505
:10960000E9F784F99E00B5FDB5FDB5FDB5FDAC00EB
:1096100044004400B500B5FDB5FDB5FDB5FDA7009E
:109620007227002084000020032E002082000020EA
:1096300075270020982B0020C82D0020010C000069
:10964000541F002074000020D02D00207E00002038
:109650007A0000207D2B0020012E00207C2B002092
:1096600067270020CC2B0020D82B0020A0860100EB
:1096700010270000002E0020C088E4FF402DA40722
:10968000EC2D002081000020801F0020CC4B1E7894
:10969000CC4BDD7E0123002E3BD00B2C00D05D4057
:1096A0003000FBF7F7FA0C227243C74B04009B18FB
:1096B0001A791E8902925A7907000392DA88029B6E
:1096C0000592132B08D1C14B002019780693F2F7AD
:1096D00031FF0023069A13700298EAF78DF9010012
:1096E000002D11D0059B9B1B9C4201DCA619B7B233
:1096F000039A059B0298934099433B00934019437A
:1097000089B2EAF7B3FBC6E6B442F1D3A41BA7B211
:10971000EEE70B2C00D05D40AD4AAE4B127D9B5C5A
:10972000AD4A1068002D06D0AC4A904200D8C0184F
:10973000FBF7C0FAAFE6AA4A9042F9D9C01AF7E798
:109740000022A84B1A70A84B1A70FAF775FA01207C
:1097500047E60123A54A11784B40A8E5984A012124
:109760001378032B01D05B18D9B2117093E6944B98
:1097700000221C78002C00D0E8E62000FAF77CF8E4
:10978000924B1C70994B1C70FBF72AF9AAE6FBF769
:1097900027FD974997480D88974A06882B005580E2
:1097A000002E04D0032373435B199B109BB20380EC
:1097B000924E934833680768DB1B924F3F78BB4259
:1097C00000D27CE033680360002C73D1CE8A138909
:1097D0000693731E7F2B00D99BE002940794012E01
:1097E0000FD0741EA0B27F210002E9F72DF983B2D9
:1097F0007F200793069B21005843E9F725F9C3B260
:109800000293814B814A9D4200D184E0804B0299B2
:10981000197003231370069B5A007E4BD3180893CC
:109820000023049303936B466A461B7B117C0593CC
:10983000049B721E1B0AD2B2B34200D2DAB2754B3D
:1098400054001B5B0132D2B21800B24201DA724AF4
:10985000105B80225200541A5C4341436418240A6E
:109860006949A4B200228C420CD0029A05998A421E
:1098700057D1654A954254D02800FAF775FAFAF79D
:1098800055FA0200654F05983C782100FAF78AFAEC
:10989000079A039B944601330393049B63449BB252
:1098A0000493039B802BBED10134E4B20F2C00D96A
:1098B000C4E03C7001225A4B1A705A4B1A704B4B41
:1098C00059481A7800239A420DD10488574E210036
:1098D000153989B2B14206D8290013310123A142BA
:1098E00000DB131CDBB20580002A00D0B5E0504A33
:1098F000002B00D1A5E000201070FBF705FAFAF765
:109900006DF8FAF70FF84B4B1B78002B00D077E47B
:1099100070E4802665E71378002B00D17BE7013BDC
:1099200078E73B4A059912788A422CD1374A177852
:10993000002F28D0344A954225D1069A964203D961
:10994000089A1088A84205D13B4A9818421E9041B7
:1099500040421840FAF708FAFAF7E8F90323DF1B48
:10996000FFB202000990002F8CD02000FAF7FCF91A
:10997000FAF7DCF90200012F84D1099BC3180133E7
:109980005B10DAB27EE72000FAF7EEF9FAF7CEF9CB
:10999000029B0399013B02008B4200DD72E7029BB0
:1099A00001338B4200DA6DE7174B9D4200D169E726
:1099B0000430021CC0B20F2800D90F22D2B261E7D6
:1099C000982B0020801F0020F8DC0108C82D002003
:1099D000840000204FDC0108FC2D00207FA4BF077D
:1099E00040771B007D2B00207C2B0020752700205A
:1099F000D42D0020DE2B0020F02D00200C060020AE
:109A0000C42D00207C000020FFFF000073270020F1
:109A100074270020C22C0020C42C0020762B0020AC
:109A2000002E0020810000207E000020E9FF0000C1
:109A3000D02D0020032E00200100FFFF00233B70EB
:109A400038E7CD4B19890B1C032900D80423043BAC
:109A50009BB29D4235D300231370C84B1B78002B5B
:109A600001D0FFF7D2FBC64A138801339BB21380A3
:109A700080225201934201D9FFF7C7FBC14B1B78EB
:109A8000002B00D12BE2F4F7C5FABF4B1B78012B5A
:109A900001D100F0A1FC022B01D100F0CBFC002B86
:109AA00000D134E2B84B1A78002A01D100F06EFDE3
:109AB0000020FDF777FC0022B24B1A70B34B1A80DE
:109AC00015E213780133DBB21370002B00D012E7DC
:109AD000C3E7002C00D028E1AD4AAE49D78AAE4A90
:109AE0000B6810681B1AAD480078834257D30B6887
:109AF00013603B1C802F00D980239BB2029300236C
:109B00000493012F08D9029B7F21581E80B20002C6
:109B1000E8F79AFF83B20493002603966A46039BF4
:109B2000127B029994461B0A994200D8B4E0DBB23A
:109B30009B485900405A0133029ADBB20500934218
:109B400001DA984B5D5A802362465B009B1A5843AA
:109B50006A43954B80181D78000A944B80B200220E
:109B6000984204D0FAF700F9FAF7E0F80200300062
:109B70002900FAF717F9049A039B944601366344C7
:109B80009BB2F6B20393802EC8D10135EDB20F2DF2
:109B900000D82C000122844B1C707A4B1A70FA20DA
:109BA0008000EAF795FF7A4CE588E8B2802F07D964
:109BB0003900E801E8F7BEFE7F2800D97F20C0B257
:109BC000774B4000C35A794A934253D0784B1B7865
:109BD000002B09D00F23774A1188A9424AD0013BB4
:109BE000DBB20232002BF7D1E068F9F759FE00230F
:109BF0001900714A714E8242594105003068824213
:109C00005B41994202D02800EAF7B2FC2800356097
:109C1000EAF738FB00213020EAF728F9684B3020BA
:109C20001988EAF723F9FBF7DBFA2588A388AB420A
:109C300006D2E068A580F9F733FEE388206123812E
:109C40006388AB4216D928006580F9F707FE4A4BB6
:109C500019690A000A3A824200DD02000120DA6036
:109C6000464B1870574B1A60574B1960574B1A6088
:109C7000574B1960E38AE188802B03D9554A128833
:109C8000012A10D8544D2C78002C31D10123220008
:109C90008B426241130030E000239F4200D147E72E
:109CA000029B013B43E78A189A4206DA4B4A138823
:109CB00001331380FAF70EF8CFE60022484B1A70F2
:109CC000F9F744FFF9F714FE002805D00120FBF74F
:109CD0001BF8FBF709F8C0E6404A138801331380EC
:109CE000F9F7F8FF002800D1B7E6FAF735FEB4E639
:109CF0005A1ED00FCB1791424341DBB2002B02D149
:109D0000F9F7CAFFA9E60022354B1A70F9F71EFFD2
:109D1000F9F7EEFD0028D9D1324B1A78002AE4D0A9
:109D20001870012363402B70EAE7022C00D094E600
:109D3000FBF756FA0122134B2B491A70049B088833
:109D40001D70134B1A88254B5A80002804D003231A
:109D500043439B189B109AB20A80F9F7A9FEF9F7C2
:109D6000C7FD002804D1214B1B78002B00D174E6DD
:109D70000120FAF7C9FF70E684000020810000206E
:109D80007A2B0020002E0020022E0020782B0020AD
:109D9000D42D00200C060020CC2D00207C000020BB
:109DA000C22C0020C42C0020762B0020FFFF0000D6
:109DB000A22C0020A42C0020FF3EAB01FC2D002093
:109DC000E02B0020700000206C00002068000020C4
:109DD000640000207800002077000020F02D002093
:109DE0007B00002076000020DE2B0020752700205D
:109DF000974B984A1888431E9BB293425FD9964965
:109E00000CA8FBF7C7FB954B1B78002B04D1944B98
:109E10001889944B98425AD18F490EA8FBF7BAFB88
:109E200091490EAB0CAA2000FBF7B4FB01230021E3
:109E30001A0020000093F4F793F88C4B8C4C188890
:109E40003E26421C1A800323184040000019FEF7EA
:109E5000D3FABE206288238880009B18A2889B18B2
:109E6000E2889B189B105843824BD988E8F7ECFD99
:109E700080B2F1F7C5FF1C227F4B804D1A702B007A
:109E8000133A7533040022217D481E7000F0B2FCA5
:109E90000920604364212D30E8F74CFD7F231A0030
:109EA000D11A884200D3EE54013B752BF8D1EAF762
:109EB00023FD0022734B1A70734B1A80DEE5F9F70D
:109EC000CDFC724902000CA8FBF764FB9BE7F9F795
:109ED000C5FC6E4902000EA8FBF75CFBA0E76C4ACC
:109EE000138801339BB21380132B00D9CBE5694D46
:109EF0002C7820000134E4B2EAF7F5FC2C70062C33
:109F000001D8FFF7F8F800232B70FFF7F4F8F9F702
:109F10001BFD0400012800D87DE35F4B611E1889FA
:109F2000C001E8F707FDC3B20393231C802C00D9BE
:109F3000802300249EB2701E80B2DBB27F2100021B
:109F40000293E8F781FD250083B20493731E220A71
:109F50009A4262DAD2B2E3B2504F5100C85B511C50
:109F60008E4200DD0A005200B95A471EBFB2BC46FD
:109F7000384F4A1E92B2BC4554D9FF230800BA425A
:109F80005ED90EAAAB54049B01351C19A4B2802DD6
:109F9000DCD106E08022FF210EA800F02BFC00237C
:109FA00003933F4B1B78002B1ED1012502270EACDB
:109FB000267833006678FF2E11D032000121FF2B66
:109FC00001D039009A19A378FF2B03D09A180131D8
:109FD00092B2C9B248088018E8F736FD60700135C2
:109FE000EDB201347F2DE4D1039B2E4A7F33FF3342
:109FF000802002929B180222402420255242404297
:10A00000039951187F2956D8002A4DD11978294330
:10A0100019701978214319704AE0029B5A1ED2B276
:10A02000002399E7BA420BD880225200D21A424349
:10A030004B43D218120A90B20A4AFF239042A0D092
:10A040001721F9F747FF1F23181AC3B299E7C04633
:10A05000D42D0020FDFF000071B7010875270020F6
:10A0600084000020FFFF0000C7BF01081C1F002064
:10A07000781F00201E1F0020CD0800205908002056
:10A08000CF080020810000207A2B00208AB9010827
:10A09000782B0020772B0020F02D0020C22C0020F0
:10A0A000032E0020E51A00200426911CB143B0D1F4
:10A0B00019780143197001320133032AA0D10EAB84
:10A0C00000219C46FF26C94AC94C6346C85C1F282C
:10A0D00000D8F8E01670013101328029F5D1002650
:10A0E0000EA8335CF5B21F2B12D80F2408ABE4186E
:10A0F000220029000CABF9F7ADFD27780CAB1C78DA
:10A10000A74200D8F9E00134E4B21F2C00D8FDE0EA
:10A11000B64B9B5D1F2B0ED80F2408ABE4180CAF79
:10A1200022003B002900B148F9F794FD24783B78E0
:10A13000A34200D3F6E00136802ED1D1AD4B586852
:10A14000FBF74CFBAC4BAD4C1B78002B32D1AC4B2E
:10A150001B68002B00D1F2E0AA4A1568ED1AF9F746
:10A16000E9FB01002800E8F7E5FB82B2A6492000E0
:10A17000FBF710FA01260023320019002000009698
:10A18000F3F7EEFEF9F7D6FB64210500E8F758FC7B
:10A1900028008FB26421E8F7CDFB3B0082B29B49D7
:10A1A0002000FBF7F7F90023072219002000009692
:10A1B000F3F7D6FE964E7379032B00D9C3E0954B87
:10A1C00095491D6837682800E8F73AFC28000E001A
:10A1D0009149E8F7AFFB642103903800E8F730FCC1
:10A1E000380001916421E8F7A5FB8C4D330029006C
:10A1F000039A00902000FBF7CDF901232122009360
:10A20000242100232000F3F7ABFE814B1D89844BF2
:10A210009D4200D146E4834B1B78002B00D041E4E3
:10A22000F9F788FB6421E8F785FB01240A2680B250
:10A23000092800D9CAE00434A400E3B22800172199
:10A240000493F9F747FE1F23181A183BC5B21840AC
:10A25000063B83400024029A0393EB08DB01D318EA
:10A260000293E1B20B005A1E9341604A5B4294464E
:10A270000EAF681CDBB25A18D2B2BE5CFF2E01D002
:10A2800086421BDD6646B25CFF2A01D0824215DDA4
:10A2900001335BB2022BEDD10C2D05D8049B0133A9
:10A2A000A3420BDA712C09D8029B039A1B5D1A4258
:10A2B00004D101232A005C48F3F740FE0234802CCD
:10A2C000CFD1FFF7EFFB1378CFB27D08984203D8C8
:10A2D000002310706355FEE6605D0E2806D801234A
:10A2E0001F4200D0F7E6C0186055F4E60233DBB237
:10A2F000202B00D133001370EDE63A000123290032
:10A3000002980137F3F71AFEFFB2F7E6012263194C
:10A31000134200D0F7E61300290022000298F3F759
:10A320000DFEF0E601226319134205D11300290046
:10A3300022000298F3F702FE0134E4B2F7E6F9F7DF
:10A3400003FB020012E7F9F723FB2100FBF730FAC9
:10A35000012300930023212219002000F3F700FEBF
:10A36000274B1B68002B23D0264A64211568ED1A61
:10A370002800E8F765FB28000E006421E8F7DAFA08
:10A3800033000200214901252000FBF703F90023D7
:10A390002122302120000095F3F7E2FDF9F70AFBB6
:10A3A0002100FBF705FA002321225D21009529E712
:10A3B000366864213000E8F743FB30000D0064216B
:10A3C000E8F7B8FA2B0002001849DCE73100013445
:10A3D000E4B2E8F7AFFA2BE708237F2200930221CB
:10A3E00000231348F3F788FCFFF75CFB222C0020C6
:10A3F000E22B0020F02D0020022E0020AC2B0020AC
:10A4000044080020C8040020D7BF0108E4BF0108A9
:10A4100084000020EC2D0020A0860100DBBF010895
:10A42000FFFF000075270020E51A0020E3BF0108A8
:10A43000CC2B0020844B1868FBF7D0F9834C792291
:10A440001021200000F0D6F900233022E254053319
:10A450007D2BFBD100237022E2540A33822BFBD1E7
:10A460007B4B79211D8807272800F9F733FD00234E
:10A470007849794E834271DB2800F9F7EFF9002221
:10A48000040076494342885C834271DA01320A2A29
:10A49000F9D10126724D73492800FBF77BF80023A0
:10A4A0001922042128000096F3F75AFD22006E4974
:10A4B0002800FBF76FF8002319221C2128000096C2
:10A4C000F3F74EFD694B1B78002B08D1684B7921BF
:10A4D0001889F9F7FFFC674BC018FF2303710124AB
:10A4E000654F664B1B789C4244D00C2262435C4D06
:10A4F000634B64499A582800FBF74CF81E23E2B2DC
:10A5000053435E4E183BDBB20293337802991B1B18
:10A510005A1E93412800222200930023F3F720FDC6
:10A52000594AE300D358E0B20393FAF7B3FB039B15
:10A5300056491A562800FBF72DF8337828001B1BC4
:10A540005A1E934102990093292200230134F3F704
:10A5500007FD1E37042CC4D1FFF7A4FA0A005A43A2
:10A56000B24202D922783A4322700133013481E7A2
:10A57000D2B28EE71E22FF21380000F03BF93800EE
:10A580001E22FF21803000F035F9AEE70726404B50
:10A590001B7802930F23029910000F31891A19407A
:10A5A00096429B4101240C25C9015B423040053392
:10A5B000049138498440DB015B1800219000284059
:10A5C00003903548E4B20590049D059F6D186D0811
:10A5D0007D5DC8B22F09BC460127394202D00E3733
:10A5E0002F40BC462D4D1F78069503252840039D1E
:10A5F0002843069D2D5C3800A043654501D23800F4
:10A6000020430131187001338029DDD10132102A35
:10A61000C0D1FFF74DFA002800D1BBE4204B214AFE
:10A620001888FF21431E9BB2934205D8E839F9F7F9
:10A6300051FC1F21091AC9B28022ADE40E2C01D0B1
:10A64000FEF7DFFEFEF793FDFC2D0020E81B002047
:10A65000DE2B0020CDCCCCCC3333333360DC01088F
:10A66000AC2B0020EDBF0108F3BF010875270020C7
:10A6700084000020E41B0020E91C0020982B00200F
:10A68000F8DC010880B901086CDC0108FABF010898
:10A69000762B0020E51A0020762700208CDC0108AC
:10A6A000C22C0020FDFF0000F7B500254B680A68AA
:10A6B00000935F1E1300EB4008D1012F05D84368BB
:10A6C000C96893434A4313434360F7BD0124130011
:10A6D000AC40234022422BD01A0003265A43564353
:10A6E000B446F643019666460468B443009E56435A
:10A6F00034430460012F06D88C6887685443019E58
:10A7000037403C4384600C69C7685443019E37401E
:10A710003C43C460009C022C0AD14C69FF2B09D831
:10A720000F26524356436243036AB3431A430262FD
:10A730000135BBE70F261B0A5B435B435E435C436B
:10A74000426AB24322434262F2E700000D48854666
:10A75000E9F70CF90C480D490D4A002302E0D458E2
:10A76000C4500433C4188C42F9D30A4A0A4C00235B
:10A7700001E013600432A242FBD300F017F8EEF7B9
:10A78000FDF9FEE70040002000000020EC00002062
:10A790003CDF01086002002080320020FEE700005C
:10A7A000014B18687047C0469C00002070B5002619
:10A7B0000C4C0D4D641BA410A64209D1002600F0DC
:10A7C0008BFE0A4C0A4D641BA410A64205D170BD35
:10A7D000B300EB5898470136EEE7B300EB589847C3
:10A7E0000136F2E734DF010834DF010838DF010801
:10A7F00034DF010803008218934200D170471970BA
:10A800000133F9E7002070477047704770B50F4E6D
:10A810000D0031680400002902D1EBF799F930608E
:10A8200029002000EBF794F9431C03D101256D4268
:10A83000280070BD0323C51C9D43A842F8D0291AE7
:10A840002000EBF785F90130F2D1EFE778320020F4
:10A85000F7B50322CB1C9343083305001F000C2BD4
:10A8600034D20C27B94233D8280000F071F8374EA3
:10A8700033681C00002C2FD139002800FFF7C6FFD9
:10A880000400431C5FD134680094009B002B4AD124
:10A89000002C52D023682800E31800990193EBF7AD
:10A8A00057F9019B834248D123682800FF1A3900D9
:10A8B000FFF7ACFF013040D02368DB192360336819
:10A8C0005A68002A33D1009B336019E0002BC9DAA3
:10A8D0000C232B600020FEBD2168C91B20D40B294E
:10A8E0000AD9E2192760A34204D13260636811607B
:10A8F000536005E05A60F9E76268A3420ED1326006
:10A90000280000F02DF8200007220B30231D904373
:10A91000C21A9842DFD01B1AA350DCE75A60EFE757
:10A9200023006468A6E7009C63680093ADE71A0003
:10A930005B68A342FBD10023DAE70C2328002B60DD
:10A9400000F00EF8C6E70760DAE7C0467C32002068
:10A9500010B50248FFF758FF10BDC0467432002002
:10A9600010B50248FFF751FF10BDC04674320020F9
:10A9700070B505000C1E10D0043C2368002B00DAD3
:10A98000E4182800FFF7E4FF1D4A1368002B05D1E7
:10A99000636014602800FFF7E3FF70BDA34208D98D
:10A9A000206821188B42F3D119685B68091821606F
:10A9B000EEE71A005B68002B01D0A342F9D91168B9
:10A9C0005018A0420BD1206809185018116083421A
:10A9D000E0D118685B68411811605360DAE7A04263
:10A9E00002D90C232B60D5E7206821188B4203D1B4
:10A9F00019685B680918216063605460CAE7C04643
:10AA00007C32002010B5884202D98B18984208D3B6
:10AA100000239A4207D0CC5CC4540133F9E78B5C25
:10AA20008354013AFBD210BD020010B51378140014
:10AA30000132002BFAD1CA5CE2540133002AFAD168
:10AA400010BD03000A7801311A700133002AF9D1D0
:10AA50007047002310B59A4200D110BDCC5CC4549D
:10AA60000133F8E7030030B51D00002A06D00C784A
:10AA7000013A01332C700131002CF5D100219A18D4
:10AA8000934200D130BD19700133F9E70EB470B5AF
:10AA900081239DB06A46002521AC9B0040CC938267
:10AAA0001B9502900690E7F715FF0B4B6A460B9338
:10AAB00001230390079009485B42D38202A9230037
:10AAC000320000680F951495019400F073F81DB0E2
:10AAD00070BC08BC03B0184705A801089C00002002
:10AAE00030B500240139A24201D1002005E0035D08
:10AAF00001340D5DAB42F6D0581B30BD70B514006B
:10AB00004B1C03D101256D42280070BD9389202282
:10AB10009343626BA381CEB26368CDB2002A10D09A
:10AB2000A26B9A4207DD2368013B23601E706368B5
:10AB300001336360E8E7210000F044FB0028F2D015
:10AB4000E0E721692268002907D0914205D2511E11
:10AB50000878A84201D12160EAE723642300443346
:10AB600063630323A36323004633E2631E70236001
:10AB70000123DEE710B50C00496B00290ED023003D
:10AB80004433994201D0FFF7F3FE0020236C606349
:10AB90006360834202D0E36B236010BD2369012010
:10ABA00023600023A289636020331343A3814042C2
:10ABB000F3E70000F0B5AB4CA5440C000021009079
:10ABC000BE204691479103A94891A749400043AD53
:10ABD0002950A649043043AD295002931678002E1F
:10ABE00000D13CE108230820A14D571CA95D0B4072
:10ABF00001421DD006006368002B0FDD23681A7820
:10AC0000AA5C324201D13A00E8E7479A01330132A7
:10AC1000479262682360013A6260ECE7C02243AB6E
:10AC2000520021009B58009898470028E6D0EAE798
:10AC3000252E62D14593439353782A2B02D11A3B98
:10AC40004393971C3D000A2229786F1C0B00303B70
:10AC5000092B1FD9874B03221800019300F06EFACD
:10AC6000002807D0019B3D00C01A01238340439A6E
:10AC7000134343932B786F1C782B06D8572B10D88F
:10AC8000252B3AD034D8002B55D0032349930733D2
:10AC9000449369E0459B3D005343303B5B1845932B
:10ACA000D2E7180058382028EFD8E7F72FFE4B00DE
:10ACB000EEFFEEFF7D00EEFFEEFFEEFFEEFFEEFF9C
:10ACC000EEFFEEFF88007B00240024002400EEFF4E
:10ACD0005500EEFFEEFFEEFFEEFF9000590047003B
:10ACE000EEFFEEFF8E00EEFF7B00EEFFEEFF4B006F
:10ACF000453B022BC9D8052335E06368002B0DDDE9
:10AD000023681A78B24200D0A9E001336268236058
:10AD1000479B013A01336260479374E7C02343AA1B
:10AD20005B002100D358009898470028E8D0469847
:10AD3000002800D08BE0012040428CE02022439983
:10AD40000A4343928022439992000A43439210227D
:10AD500044926E2B02D905E000234493032302E0C2
:10AD600008234493042349936368002B3EDD439BEF
:10AD70005B0608D4C0260825760023683C491A786B
:10AD80008A5C2A423CD1499B022B4CDC2200009871
:10AD900002AB43A900F072F8012860D0022800D06D
:10ADA00031E7C4E70A22D3E7390003A800F0D1F95C
:10ADB0004023439A0700134343930123D3E74023DF
:10ADC000439A134343930023CDE70223CBE7439AEF
:10ADD000D30600D517E7029B4799181D02901B6800
:10ADE000D50701D519800EE719600CE7C02343AAE7
:10ADF0005B002100D358009898470028B7D096E709
:10AE0000479A013247926268013A6260002A02DD85
:10AE100001332360B1E743AB21009B590098984769
:10AE20000028AAD083E7042B06DC2200009802AB9E
:10AE300043A900F083F8AFE70F4B002B00D1E2E607
:10AE40002200009802AB43A900E000BFA4E7A38959
:10AE50005B0600D56FE7A5239B009D44F0BD469897
:10AE6000F9E7C0466CFDFFFFFDAA010875AB0108BC
:10AE700031DE01082EC0010800000000F7B5150002
:10AE80008A680C000190002A04D18A69002A17D12F
:10AE90000132A2602268D20603D41A68111D19601B
:10AEA00017680026A069002816D001280BD12B684E
:10AEB00062691B78D35C002B0ED1002E3BD029E0B9
:10AEC00001225242E5E7022824D12B681A4A1B7856
:10AED000D35C082213421DD110222368013613428D
:10AEE00003D12B681B783B7001372A686B680132ED
:10AEF0002A60A268013B013A6B60A260002A09D077
:10AF0000002BCFDCC0235B002900E3580198984751
:10AF10000028C7D022681023110019401A4206D118
:10AF2000E3680133E360A369002B00D0397000208F
:10AF300023699B192361FEBD31DE0108F0B58BB09A
:10AF40000193784B1600049007AAA1CBA1C2764AC0
:10AF50008B690C000592032B01D1744B0593AE2233
:10AF60000020A3685200591E0390914205D95E3B10
:10AF7000FF3B03935E23FF33A36023001C33009346
:10AF8000D023002722681B0113432360009B0293F8
:10AF9000336807A81978BB000222185800F0CEF8D1
:10AFA000002829D0012F5ED16368002B06D1083319
:10AFB00022686360F933FF331343236023685C4ADC
:10AFC00013402360A3685A1EA260002B14D033687C
:10AFD0005A1C32601B78029A13707368551C013B2F
:10AFE0007360002B07DCC0235B003100E35804983A
:10AFF000984700287ED102950137032FC8D1636896
:10B00000002B01D10A3363600027636849496069F6
:10B01000C91A00F09EF8029DA36820680293002BD5
:10B020003FD0316863690A789B5C002B39D0302AA5
:10B0300028D180231B01184224D0039B0137002B09
:10B0400005D01A00029B013A01330392A360736892
:10B05000013B7360002B1CDD336801333360A36850
:10B06000013BA360D8E7022FACD1C0238021226826
:10B07000DB00134089008B42C1D110236360F033A1
:10B0800013439EE72C4B034023600B782B70013554
:10B09000DDE7C0235B003100E3580498984700289F
:10B0A000DDD02368DB050ED5009B9D4207D9BE236A
:10B0B000013D5B0032002978E35804989847009BD3
:10B0C00001209D4229D0216810230A001A4019420C
:10B0D0001CD12A70636800990498059EB047019BB3
:10B0E00022681B68910607D501991A1D0A601B6822
:10B0F000186008E00027D4E7191DD6070FD5019A7C
:10B1000011601B681880E3680133E3600020009B36
:10B11000ED1A2369ED195B1923610BB0F0BD019A9B
:10B120001160E4E710B60108C1B40108B5B3010825
:10B13000FFFAFFFF42C00108FFF6FFFFC9B2821805
:10B14000904201D10020704703788B42FBD0013040
:10B15000F6E770B50B7804005E2B19D04D1C00216A
:10B160002200601CFF30117001328242FBD1681E48
:10B17000002B26D001264E402800E6540178451CBD
:10B180002D2909D05D291BD000291AD00B00F3E727
:10B190004B788D1C0121E3E742785D2AF6D093427B
:10B1A000F4DC19000230013166548A42FBDC591C80
:10B1B000934202DB00228B18E0E7D21A013AFAE749
:10B1C000280070BD0B00F7B54D6B44330C009D4259
:10B1D0001CD18026F6003100FFF73AFB002802D18F
:10B1E00001204042FEBD23006063A66346331A7807
:10B1F000104BC254230045331A780F4BC2542A789F
:10B200000E4BC254C01820600020EBE78E6B290063
:10B2100073001A00019300F013F8051EE0D087199F
:10B22000010032003800FFF714FC019B27606563C2
:10B23000A363E9E7FF030000FE030000FD03000035
:10B24000F7B506000C001500002905D11100FFF725
:10B25000FFFA04002000FEBD002A03D1FFF788FB9F
:10B260002C00F7E700F030F90700854202D84308C8
:10B27000AB42EFD329003000FFF7EAFA0190002833
:10B2800001D1019CE6E72A00BD4200D93A00210025
:10B290000198FFF7DEFB21003000FFF769FBF0E7C4
:10B2A000F0B585B017001E0003900191242B23D820
:10B2B0000C00012B20D03D4B08229C462300614608
:10B2C0001D780134485D010011401042F6D12D2D4A
:10B2D00019D125789C1C012300931022330093433D
:10B2E0001DD1302D15D1202123788B43582B10D11F
:10B2F00065780234102612E0FFF752FA1623036035
:10B30000002005B0F0BD00912B2DE6D125789C1CC6
:10B31000E3E7002EEED10A36302D00D1023E244A5A
:10B32000009B94466344310018000293E7F788FBC2
:10B330000022844610002B00303B092B11D81D0041
:10B34000AE421DDD531C09D001225242844505D373
:10B3500001D1A94211DB012270432818257801345C
:10B36000E9E72B00413B192B01D8373DE8E72B00DB
:10B37000613B192B04D8573DE2E701225242EDE729
:10B38000531C08D12223039A02981360002FB8D0CF
:10B39000631E019307E0009B002B00D04042002F6A
:10B3A000AFD0002AF4D1019B3B60AAE731DE01084F
:10B3B000FFFFFF7F10B5FFF773FF10BDF0B51E0054
:10B3C0003E4B17000C009C46082285B0039000916C
:10B3D000230061461D780134485D01001140104290
:10B3E000F6D12D2D12D125789C1C01230293102219
:10B3F0003300934316D1302D0ED1202123788B4377
:10B40000582B09D16578023410260BE002912B2DC0
:10B41000EDD125789C1CEAE7002EF5D10A36302DB7
:10B4200000D1023E012031004042E7F783FA01904B
:10B43000012031004042E7F703FB002301221800FE
:10B4400094462A00303A092A12D81500AE421EDD71
:10B450005A1C0AD00123019A5B42824205D301D1D2
:10B46000A94211DB63467043281825780134E8E7C8
:10B470002A00413A192A01D8373DE7E72A00613A04
:10B48000192A04D8573DE1E701235B42EDE75A1C36
:10B4900007D12222039918000A60002F09D105B0B4
:10B4A000F0BD029A002A00D04042002FF7D0002BB6
:10B4B00001D0631E0093009B3B60F0E731DE010882
:10B4C00010B5FFF77BFF10BD0B1F1B68181F002B6B
:10B4D00001DA0B58C0187047F8B5C046F8BC08BC74
:10B4E0009E467047F8B5C046F8BC08BC9E467047FB
:10B4F000AD033805B902B904B9023805B902C5056A
:10B500000203B904020338050203C5055403B90454
:10B51000540338055403C505B902610602036106E8
:10B5200054036106AD036106AD03B904AD03C5055F
:10B5300080020020000100007C020020003E224129
:10B540004141414141414141414141417F003C42F2
:10B55000424224008CB80108D9B701087CBD01081B
:10B5600037B701084C31004C32004C33004C3400EA
:10B570004C35004D00004800004C4F5731004C4FF7
:10B580005732004C4F5733004C4F5734004C4F57F5
:10B5900035004D494400004849474800DEB70108DE
:10B5A000E0BE010879BD010807BD010870BD0108B2
:10B5B00074BD0108C71F0020C81F0020C91F00203C
:10B5C000CA1F0020A32000205800C3377200653036
:10B5D0007000C3005D00000D5900688059006800CC
:10B5E0005A0055555B0055555C0030AA5800C337CA
:10B5F000720065307000E0005D00001A590068803C
:10B60000590068005A0055555B00AA555C0030AAE5
:10B6100044C00108C7B8010847C00108EFFFF7FFA1
:10B62000CBFFFBFFFF0352454C4541534500414CC6
:10B630004C204B45595300564F4C544147450057F9
:10B64000454C434F4D45004D41425548415921001D
:10B6500025732045646974696F6E006F6B67625073
:10B66000473A2C41372517E4CBB59F002E2D2E2EBF
:10B67000002E2D2D2D2D002E2E2D2D2D002E2E2E7B
:10B680002D2D002E2E2E2E2E002D2E2E2E2E002D68
:10B690002D2D2E2E002E2D2E2D2E2D002D2D2E2E2D
:10B6A0002D2D002E2E2D2D2E2E002E2D2D2D2D2E1E
:10B6B000002D2E2D2E2D2D002D2E2D2D2E002D2E3C
:10B6C0002D2D2E2D002E2D2E2E2E002D2D2D2E2EFD
:10B6D0002E002D2E2D2E2D2E002D2E2E2E2D002D1A
:10B6E0002E2E2E2E2D002E2E2D2D2E2D002E2D2EDB
:10B6F0002E2D2E002E2E2E2D2E2E2D002E2D2D2ECB
:10B700002D2E005D5D002533752E253035750043E7
:10B71000482D25303475004E554C4C0076372E366A
:10B720002E3130420031323334350035343332314A
:10B730000043544353530044435300442530336F74
:10B74000256300554E4C4F434B204B4559424F41CA
:10B75000524400536176653F005363616E20466139
:10B76000696C656400467265713A2D2D2D2E2D2D64
:10B770002D2D2D00546F6E653A2D2D2D00546F6EBA
:10B78000653A4E6F6E6500536176653A00467265A4
:10B79000713A25752E253035750043544353533A7D
:10B7A00025752E2575487A004443533A4425303395
:10B7B0006F4E002533640025203464202573005328
:10B7C0002564002B25303264004625752B00462564
:10B7D00075004558004F46460054544E00435700EC
:10B7E0004245414D205458004245414D2052580099
:10B7F000503100503200545351004C4F57204241B9
:10B800005454455259005072657373204558495439
:10B810000053636E526E67003E257300555342001D
:10B820003E3E00252E347300252E2A732E252E33FE
:10B830007300253033752E253035750025752E257E
:10B84000750025642E253032754B0025644B004D64
:10B850004F4E490053514C25640025302A752F2541
:10B86000750044544D462025730043686172676536
:10B870002025752E25303275562025752525005634
:10B88000464F20257300222214140808003C262568
:10B890002525263C003E1C08003E3E1C1C080800D6
:10B8A0004142430061626300313A25750025752AE3
:10B8B0003130306D730057494B490050524F464963
:10B8C0004C45003030302F303000535552453F004A
:10B8D000574149542100253032752F2575002B25FD
:10B8E000752E257564420025642E253032756B480F
:10B8F0007A00555345520025730A25735700442595
:10B9000030336F49002533642E2530357500252EE0
:10B9100033732E252E33732020004D487A00535464
:10B920004F5000434152524945520A253032647308
:10B930003A253033646D730054494D454F55540AD0
:10B94000253032646D3A253032647300253032750B
:10B950002028252E33732900252E38730A252E38EA
:10B96000730025642A31306D73003078002558004B
:10B97000307825303458004E375349580025730A23
:10B980002573002533732025642025640025643A3F
:10B9900025643A256400257320253264202530343F
:10B9A0006400253032643A253032643A25303264FE
:10B9B000004255494C44004D454D4F525900464CAC
:10B9C0004153482025752E25752525005352414D9C
:10B9D000202025752E2575252500524541440A4D08
:10B9E000414E55414C0025752E25303275560A259D
:10B9F00075002564683A253032646D00496E7369BC
:10BA000064650A46204C6F636B0A506C616E004699
:10BA10004D0025302A752F253032750025302A75C6
:10BA20002F2D2D00253032753A25303275002575C1
:10BA30002E253032750026494949493200242526F1
:10BA40002122273A3B3F5E607C7B7D5F005365612E
:10BA50007263682046726571005365617263682085
:10BA6000546F6E65005363616E20436F6D706C653B
:10BA70007465004A616E00466562004D6172004166
:10BA80007072004D6179004A756E004A756C004114
:10BA9000756700536570004F6374004E6F76004405
:10BAA0006563004B45595F4D454E55004B45595F09
:10BAB0005550004B45595F444F574E004B45595F19
:10BAC00045584954004B45595F53544152004E412B
:10BAD00052524F574552004E4F524D414C00464135
:10BAE00053540054494E5900434C41535349430069
:10BAF0004B4559530A414354494F4E53004B455906
:10BB0000530A505454004B4559530A414354494F2A
:10BB10004E530A50545400534F554E440056495307
:10BB200055414C004F4E4550555348004C454654E6
:10BB30000A52494748540A55562D4B310055500A70
:10BB4000444F574E0A55562D4B3528382900444549
:10BB50004641554C542B0A3133372D3137340A3492
:10BB600030302D343730004643432048414D0A31B0
:10BB700034342D3134380A3432302D3435300043EA
:10BB8000412048414D0A3134342D3134380A3433A0
:10BB9000302D3435300043452048414D0A3134348E
:10BBA0002D3134360A3433302D34343000474220BE
:10BBB00048414D0A3134342D3134380A3433302D74
:10BBC000343430003133372D3137340A3430302DAE
:10BBD000343330003133372D3137340A3430302D9F
:10BBE00034333800504D522034343600474D5253D0
:10BBF0000A4652530A4D5552530044495341424C50
:10BC0000450A414C4C00554E4C4F434B0A414C4C5D
:10BC10000056464F00313630306D4168204B3500BC
:10BC2000323230306D4168204B3500333530306D65
:10BC30004168204B3500313430306D4168204B3144
:10BC400000323530306D4168204B3100524F47454E
:10BC500052004D4443004D44432D31323030004CAE
:10BC60004F474F004E4F4E450050455243454E54AE
:10BC700000555020434F444500444F574E20434FFA
:10BC800044450055502B444F574E0A434F444500FE
:10BC900041504F4C4C4F0A5155494E44415200437C
:10BCA00048414E4E454C0A4E554D424552004E417C
:10BCB0004D45004E414D450A2B0A46524551004D17
:10BCC00041494E0A4F4E4C59004455414C20525860
:10BCD0000A524553504F4E440043524F53530A4269
:10BCE000414E44004D41494E2054580A4455414C60
:10BCF000205258004C4F474F2B004D415452495849
:10BD00000054582F52580057494445003C203230C7
:10BD10006D003132356D003235306D003530306DAB
:10BD2000004C4F572031004C4F572032004C4F579A
:10BD30002033004C4F572034004C4F572035004DD6
:10BD400049440053454E540057414954494E470019
:10BD50005245434549564544004D454D2046554CB6
:10BD60004C004552524F520053454E44494E4700F5
:10BD70004E4152004E41522B004E2B004443520084
:10BD80004255535900424154204C4F5700545820BB
:10BD900044495341424C450054494D454F55540088
:10BDA000414C41524D00564F4C54204849474800A1
:10BDB000464C415400434C45414E00424F4F535472
:10BDC000004D41580053484152500053544F434B8B
:10BDD000004F50454E002030002E2C2D2829402F9A
:10BDE0005C2B3D2A233C3E5B5D7E31006162633209
:10BDF00000646566330067686934006A6B6C3500FF
:10BE00006D6E6F360070717273370074757638001E
:10BE10007778797A3900464C4153480A4C4947486B
:10BE20005400504F574552004D4F4E49544F520009
:10BE3000564F5800464D20524144494F0031373546
:10BE400030487A004C4F434B0A4B4559504144000F
:10BE500056464F20410A56464F20420056464F0A4A
:10BE60004D454D005258204D4F4445004D41494EDF
:10BE7000204F4E4C5900574944450A4E4152524FAB
:10BE8000570052585458204C4F47004D55544500C8
:10BE900052784100504F5745520A4849474800528E
:10BEA000454D4F56450A4F4646534554004245417D
:10BEB0004D004E4F204C4F470054595045204D45A2
:10BEC000535341474500505245535320505454005A
:10BED000534156453F0044454C3F004D2D5343418F
:10BEE0004E00256425732D25644D004D522843488E
:10BEF00025303275290056464F2843482530327583
:10BF00002900412D5343414E282575290043482DD2
:10BF100025303275002533642E256400252E3373B9
:10BF20002E252E317300253373002534736B004D9D
:10BF30004F4E00257557504D202573204325750021
:10BF400041495220434F50592852445929004149F0
:10BF50005220434F50590041495220434F505928D5
:10BF6000434D502900252E33732E252E3373004D5B
:10BF7000454D2025303375202D2025303375005355
:10BF8000657474696E6773005243563A2530327592
:10BF90002E25303275252520453A256400534E4420
:10BFA0003A253032752E2530327525250052583A03
:10BFB00000434C454152204C4F470053392B25300C
:10BFC000327500532575004D2025732F25730041D0
:10BFD0003A2573202563002575780025752E2530B8
:10BFE0003575207F25752E253032756B00533A202C
:10BFF00025750025642064426D002564644200FFBD
:10C00000FFFFFFFFFFFFFF005745414B004E4F5220
:10C010004D00535452470031322E3500362E323502
:10C02000004C4E4173004C4E410050474100686C3B
:10C030004C00412D46612D6638393031323334356C
:10C0400036375D002B2D007858002E2C3F310041F3
:10C0500042433200444546330047484934004A4B86
:10C060004C35004D4E4F36005051525337545556B3
:10C0700038005758595A39040404040404050405C7
:10C08000050A0F14191E23282D320708090A0B0C64
:10C090000D000102060E03040F10051112131415F2
:10C0A0001617414243442A2340771B0080CBA4004B
:10C0B00080CBA400A00BD100A00BD100C08009014F
:10C0C000C0800901C00E1602C00E1602005A62029C
:10C0D000005A6202C029CD02C029CD0280A4BF0748
:10C0E00041000000C2B6010842000000CDB60108C0
:10C0F00043000000FEB601084400000091B60108AC
:10C1000045000000AFB6010846000000EFB6010888
:10C1100047000000ADB60108480000008AB60108DB
:10C120004900000092B601084A00000078B60108F4
:10C130004B000000C1B601084C0000006CB60108BD
:10C140004D00000071B701084E000000AEB60108B6
:10C150004F00000070B7010850000000B9B6010898
:10C1600051000000C0B6010852000000FFB60108EF
:10C1700053000000CEB601085400000045C001087D
:10C1800055000000F8B6010856000000DAB60108B4
:10C1900057000000B4B6010858000000F7B60108C7
:10C1A00059000000B3B601085A00000090B601081B
:10C1B000300000006EB701083100000071B60108C0
:10C1C0003200000077B60108330000007DB6010898
:10C1D00034000000E0B601083500000083B6010815
:10C1E0003600000089B6010837000000CCB601080F
:10C1F000380000008FB6010839000000ABB6010816
:10C200002E00000095B601082C0000009CB6010825
:10C210003F000000A3B6010827000000AAB60108ED
:10C2200021000000B1B601082F000000EEB60108A1
:10C2300028000000B8B6010829000000BEB60108B9
:10C2400026000000C5B601083A000000CBB6010880
:10C250003B000000D2B601083D000000D9B601083D
:10C260002B000000D3B601082D000000DFB6010846
:10C270005F000000E6B6010822000000EDB60108EC
:10C2800024000000F4B6010840000000FCB60108DC
:10C29000FA00F4017102E803E204C4094103010059
:10C2A00005000A001900320064007D008403DC05EB
:10C2B000D007B80B88131027D430204EA86150C384
:10C2C000B9A80008BD29010829320108E15E01086A
:10C2D000F9750108318101081F111F151F151D1562
:10C2E0001717151D1F041F1B151B0E110E110A0415
:10C2F00059B600082D380108F12E0008595E0008D3
:10C300007D660008492F000859B60008A5450008B9
:10C31000A92E00082133000851330008E538000831
:10C32000252F000859B60008712F0008AD2F00080E
:10C3300001300008AD350008954C0008F9440008AC
:10C340006D350008213000083D300008A178010853
:10C3500039550108A2C0A1A6A424811F2F40AF1205
:10C360001113130A0104070B0205080C0306090D3B
:10C370000E000F000810182030486896C8FF081CEF
:10C380003044586C8000000000093D0000127A0023
:10C390000024F4004086510100366E0100093D0082
:10C3A00000093D0000093D00000000000000000001
:10C3B000000000000000000000000000000000007D
:10C3C000000000000000000001000000020000006A
:10C3D0000300000004000000060000000700000049
:10C3E000080000000900000000000000000000003C
:10C3F000000000000000000001000000020000003A
:10C40000030000000400000012010002EF020140DE
:10C41000B736FFFF00010102030109024B000201D0
:10C42000008032080B000202020100090400000132
:10C430000202010205240010010524010001042468
:10C44000020205240600010705830308000A090407
:10C450000100020A00000007050202400000070573
:10C460008102400000040309040A035000550059EA
:10C470000041001C035000550059004100200043BA
:10C4800000440043002000440045004D004F0016CA
:10C490000332003000320032003100320033003409
:10C4A00000350036000041706558004E375349583A
:10C4B0002076372E362E313042000000313400080D
:10C4C00059B6000859B60008DD5E0008653C000852
:10C4D000C534000859B600086B03F802F802800260
:10C4E000380438048403F8025374657000000001B6
:10C4F000506F776572000002527844435300000386
:10C500005278435443530004547844435300000585
:10C51000547843544353000654784F4469720007DB
:10C5200054784F6666730008572F4E000000000ACB
:10C5300042757379434C000B436F6D706E6400203D
:10C540004D6F64650000003154584C6F636B000CF4
:10C5500043684C697374001B436853617665000D32
:10C56000436844656C65000E43684E616D65000F5D
:10C5700053634C6973740022536350726900002343
:10C580005072694368310024507269436832002553
:10C5900053636E52657600194631536872740047D2
:10C5A00046314C6F6E6700484632536872740049DA
:10C5B00046324C6F6E67004A4D204C6F6E67004BE1
:10C5C0004B65794C636B001A5478544F75740009AD
:10C5D0004261745361760011426174547874003082
:10C5E0004D6963000000001E4D6963426172001FC7
:10C5F0004368446973700010504F6E4D7367002C90
:10C60000424C54696D650013424C4D696E00001533
:10C61000424C4D6178000016424C54785278001418
:10C620004265657000000018526F67657200002D4A
:10C630004D4443204944002E535445000000001C43
:10C64000525020535445001D312043616C6C002131
:10C650005550436F646500264457436F6465002757
:10C6600050545420494400284420535400000029C9
:10C6700044205072656C002A44204C697665002B7A
:10C68000564F580000000012537973496E66002F10
:10C6900052784D6F6465001753716C000000000004
:10C6A0005365745077720036536574505454003794
:10C6B000536574544F540038536574454F540039D2
:10C6C000536574437472003A536574496E76003B47
:10C6D0005365744C636B003C5365744D6574003D49
:10C6E000536574475549003E53657452784100457F
:10C6F000536574546D72003F5365744F6666003520
:10C700005365744E464D0041536574566F6C00423C
:10C710005365744B6579004353657453636E0040F1
:10C72000536574536176004D46204C6F636B003344
:10C7300033353020456E003442617443616C0046ED
:10C74000426174547970004C5365744E61760044B4
:10C75000526573657400003200000000000000FFA5
:10C7600055562D4B35204669726D776172652C20C8
:10C7700045475A554D45522B4E3753495820763729
:10C780002E362E3130420D0A00001C27444444440A
:10C79000271C0C12216D796D21120C0C1221616184
:10C7A0006121120C1C1C1422417F00221408142247
:10C7B0007F00767676767E7F7C46454545454546C4
:10C7C0007C003E41414122007F40404040003E41CC
:10C7D00041413E007F09090906001F2040201F003B
:10C7E0006314081463007F021C027F003E41414134
:10C7F0003E006314081463007F49494936007F41B5
:10C8000041413E003F4038403F007F091929460022
:10C81000412214080008142241007F09192946000A
:10C820003E4141413E007F09090906002649494928
:10C83000320000004DBA010859BA010865BA010872
:10C8400073BA010877BA01087BBA01087FBA0108F8
:10C8500083BA010887BA01088BBA01088FBA0108A8
:10C8600093BA010897BA01089BBA01089FBA010858
:10C870007F415D5D5D417F006F8B472CE134F82C7B
:10C880005E8BF893E1B6658D4A007F415D5D5D4149
:10C890007F5B1FBAEED99F559874E21A0D963DA59D
:10C8A0000D69C2A5F296F9595FDC4A146318D9479D
:10C8B00055112C02D86467755594537F450D963DEC
:10C8C000A50D69C2A5F296DF19F75FC215BC552AFE
:10C8D000444411FD0575757505FD019A38370D96AF
:10C8E0003DA50D69C2A5F296CBC081DF1175117F00
:10C8F0003E6437187FEB1523017F415D5D5D417F0D
:10C90000006A0F740ED2B074B16D1859157986CEC5
:10C910001543007F415D5D5D417FCD5D8365E7C669
:10C9200055BD6B3FA91CA5E069E34A15062AFECE5A
:10C93000CA3A70D9EAF55C158A6722FF25AEB6308F
:10C94000F855DD07B6C21CA5E069C46615842B72D4
:10C95000E8E92311CDE6C191E6887722FD047474DD
:10C960007405FD01F7AE811CA5E06954FE37222B4A
:10C97000EAAAA78D5F3155B13FCECA24337F538ECB
:10C98000A300011A1C1E2022242627292D31050967
:10C9900013192224292B2C303236383C4748494A77
:10C9A0004B525300A3BA0108ACBA0108B3BA01084C
:10C9B000BCBA0108C5BA01087BBE0108CEBA01089D
:10C9C000D7BA0108DEBA0108E3BA0108E8BA0108DB
:10C9D00032B60108F0BA0108FDBA010806BB010829
:10C9E000D5B7010817BB01081DBB010802BC01082F
:10C9F000E8BA010824BB01082CBB01083DBB0108B3
:10CA00004EBB010867BB01087FBB010896BB01084C
:10CA1000ADBB0108C4BB0108D4BB0108E4BB0108DD
:10CA2000ECBB0108FABB010806BC010811BC0108F7
:10CA300002BC010815BC010820BC01082BBC010880
:10CA400036BC010841BC01083765366365326200B7
:10CA500031353A35323A3237004175672031362068
:10CA60003230323600000000D5B701084CBC010856
:10CA700052BC010856BC010802BC010817BB0108E2
:10CA8000BEBE010837B601085FBC010864BC0108DE
:10CA900064BC010837B6010869BC0108D5B70108B4
:10CAA00071BC010879BC010883BC010890BC010875
:10CAB000BABC01089FBC0108AEBC0108B3BC0108A8
:10CAC000BFBC0108C9BC0108D9BC0108E4BC01080D
:10CAD000D5B701085FBC0108F4BC0108FABC010825
:10CAE000D5B70108E5B70108F1BC010801BD01088F
:10CAF00007BD01087BBE0108D5B701087ABD010852
:10CB000045C001080CBD010812BD010817BD010890
:10CB10001CBD010825BD01082BBD01083DBD010854
:10CB2000F2B8010821BD010827BD01082DBD01088B
:10CB300033BD010839BD01083FBD01089ABE010897
:10CB4000D5B7010830BF01081F0000001C0000001D
:10CB50001F0000001E0000001F0000001E0000005B
:10CB60001F0000001F0000001E0000001F0000004A
:10CB70001E0000001F00000043BD010848BD010861
:10CB800050BD010859BD010862BD010868BD01081A
:10CB9000464D0000414D0000555342008CB801083D
:10CBA00080BD010885BD01088DBD010898BD010843
:10CBB000A0BD0108A6BD0108B0BD0108B5BD0108B2
:10CBC0003FBD0108BBBD0108C1BD0108C5BD0108CD
:10CBD000CBBD0108D1BD0108000000000000003EEF
:10CBE0003E1C1C0808000000000017000300031F83
:10CBF0000A1F0A1F051904130F171C000300000E5B
:10CC000011110E00050205040E04100800040404AE
:10CC10000010001804031E110F021F001915121135
:10CC2000150A07041F1715091E151D1905031F15E1
:10CC30001F17150F000A00100A00040A110A0A0A39
:10CC4000110A040115030E15161E051E1F150A0EE6
:10CC500011111F110E1F15151F05050E151D1F049F
:10CC60001F111F1108100F1F041B1F10101F061F7C
:10CC70001F0E1F0E110E1F05020E191E1F0D16127C
:10CC80001509011F010F101F0718071F0C1F1B0498
:10CC90001B031C031915131F111102040811111F86
:10CCA0000201021010100102001A161C1F120C0CB7
:10CCB00012120C121F0C1A16041E050C2A1E1F023B
:10CCC0001C001D0010201D1F0C12111F101E0E1E17
:10CCD0001E021C0C120C3E120C0C123E1C02021402
:10CCE0001E0A021F120E101E0E180E1E1C1E120C03
:10CCF0001206281E1A1E16041B11001B00111B040D
:10CD0000020301121712FCFEFE06060606FEFEFCDA
:10CD10003F7F7F606060607F7F3F0000181CFEFEE9
:10CD2000FE000000000060607F7F7F6060001C1ECE
:10CD30001E06060686FEFE7C6070787C6E67636168
:10CD400060600C0E0E86868686FEFE7C30707061FA
:10CD50006161617F7F3E80C0E070381C0EFEFEFE88
:10CD60000F0F0F0C0C0C0C7F7F7FFEFEFEC6C6C69D
:10CD7000C6C6C686307070606060607F7F3FF8FC1A
:10CD8000FEC6C6C6C6C6C6803F7F7F606060607F45
:10CD90007F3F0E0E0E060686E6FE7E1E0000000099
:10CDA0007C7F7F0300007CFEFE86868686FEFE7CFE
:10CDB0003F7F7F616161617F7F3FFCFEFE0606066B
:10CDC00006FEFEFC016363636363637F3F1F0080B5
:10CDD00080808080808080000001010101010101CC
:10CDE000010000005E5E0000060600060600143E1C
:10CDF000143E14002E6B7F6B3A006333180C66638D
:10CE0000304B4D552250000007070000001C3E63C8
:10CE100041000041633E1C00002A1C1C2A00181817
:10CE20007E7E1818004060200000001818181800B6
:10CE30000000606000006030180C06033E7F6363F2
:10CE40007F3E64667F7F606062737B7B6F66636337
:10CE50006B6B7F36383C367F7F306F6F6B6B7B330D
:10CE60003E7F6B6B7B320303737B0F07367F6B6BED
:10CE70007F36066F6B6B7F3E00006C6C00000040DD
:10CE80006C2C00000814224100003636363636007D
:10CE90000041221408000607535B1F0E307B6B7B9A
:10CEA0007F3E7E7F1B1B7F7E7F7F6B6B7F363E7F4F
:10CEB000636363367F7F63637F3E7F7F6B6B6B63F0
:10CEC0007F7F1B1B1B033E7F636B7B3A7F7F0C0CBA
:10CED0007F7F63637F7F63633073637F3F037F7F05
:10CEE0001C3663417F7F606060607F7F06067F7FC6
:10CEF0007F7F0C187F7F3E7F63637F3E7F7F1B1B9E
:10CF00001F0E3E7F63737F7E7F7F1B3B7F66666F56
:10CF10006B6B7B3303037F7F03033F7F60607F3F47
:10CF20001F3F60603F1F3F7F30307F3F63771C1C97
:10CF30007763070F78780F0763737B6F6763007FF2
:10CF40007F6363000102040810600063637F7F0059
:10CF50000C0E03030E0C6060606060600003070647
:10CF60000000207656567E3C7F7F6C6C7C38387C87
:10CF70006C6C6C00387C6C6C7F7F3C7E56565E0C13
:10CF80007E7F1B1B02000C5E56567E3C7F7F0C0C86
:10CF90007C7800007A7A00003060607D3D007F7F01
:10CFA000183C7E66003F7F4000007C7C18187C7C2B
:10CFB0007C7C0C0C7C783C7E66667E3C7E7E3636C5
:10CFC0003E1C1C3E367E7E607C7C0C0C18004C5E49
:10CFD000565676203F7F6C6C60003C7C60607C3CE9
:10CFE0000C3C70703C0C3C7C30307C3C446C3838E1
:10CFF0006C44066E68687E3E66767E6E6600083E0D
:10D000007741000000007F0000000041773E0800EB
:10D010000C060C180C0000005E0000000006000664
:10D020000000143E143E140026497F493200631369
:10D0300008046261304B4D55225000000707000084
:10D04000001C224100000041221C0000002A1C1C80
:10D050002A0008083E080800004060200000000880
:10D06000080808000000606000004020100804026A
:10D070003E414141413E0040427F40406251514962
:10D080004946224149494936181412117F10274553
:10D09000454545393E494949493201017109050370
:10D0A00036494949493646494949291E00006C6CB0
:10D0B000000000406C2C00000814224100001414F1
:10D0C0001414140000412214080002015109060042
:10D0D000304A4A523C007E090909097E7F49494984
:10D0E00049363E41414141227F414141413E7F49D4
:10D0F000494949417F09090909013E414949493ADC
:10D100007F080808087F41417F4141002041413F9D
:10D1100001017F080C1221407F40404040407F02C7
:10D120000404027F7F020408107F3E414141413EDA
:10D130007F09090909063E415161413E7F090919EC
:10D14000294626494949493201017F0101003F40F2
:10D150004040403F0738404038073F403030403F74
:10D1600063140808146307087008070061514945F3
:10D170004341007F414100000102040810600000AB
:10D1800041417F0004020102040040404040404011
:10D190000003070600002054545478007F444444A0
:10D1A0003800384444442800384444447F0038540C
:10D1B000545448007C0A0A0A0200585454543C0053
:10D1C0007F040404780000007A0000002040403D05
:10D1D0000000007F1028440000003F4000007C0455
:10D1E0007C0478007C04040478003844444438000B
:10D1F0007C1414140800081414147C407C040404E7
:10D2000008000854545420003F44444440003C402B
:10D2100040403C000C3040300C003C4030403C0072
:10D220004428102844000C5050503C004464544C96
:10D23000440008364100000000007F0000000000AC
:10D2400041360800040204080400000000FCFC0051
:10D25000000000000D0D0000000F1F00001F0F0058
:10D2600000000000000020F8F820F8F820020F0F5E
:10D27000020F0F0270F8888E8E9810040C08383850
:10D280000F0730300080C060300C060301000C0C2A
:10D2900080D87CE4BCD840070F0808070F080010AE
:10D2A0001F0F000000000000000000000000F0F868
:10D2B0000C0400000003070C08000000040CF8F048
:10D2C000000000080C0703000080A0E0C0E0A00000
:10D2D000000203010302008080E0E0808000000083
:10D2E00003030000000000000000000000101E0EFC
:10D2F00000008080808080808000000000000000AE
:10D30000000000000000000000000C0C0000000005
:10D310000080C060300C060301000000F8FC04042B
:10D3200004FCF8070F0808080F07001018FCFC00A1
:10D33000000008080F0F0808181C0484C47C380C6F
:10D340000E0B09080808181C444444FCB8060E08D3
:10D3500008080F0780C0603018FCFC0101010101C2
:10D360000F0F7C7C444444C484040C0808080F0755
:10D37000F0F84C4444C480070F0808080F07040461
:10D380000484E47C1C00000E0F010000B8FC44443F
:10D3900044FCB8070F0808080F0778FC848484FC55
:10D3A000F8000808080C07030000003030000000F7
:10D3B00000000606000000000030300000000008F9
:10D3C0000E0600000080C06030180800000103064F
:10D3D0000C0840404040404040020202020202026B
:10D3E0000008183060C08000080C06030100383CBB
:10D3F0000484C47C380000000D0D0000F0F808C85B
:10D40000C8F8F0070F080B0B0B01F8FC848484FCB0
:10D41000F80F0F0000000F0FFCFC444444FCB80F51
:10D420000F0808080F07F8FC0404041C18070F086D
:10D4300008080E06FCFC04040CF8F00F0F08080C9A
:10D440000703FCFC44444404040F0F0808080808C0
:10D45000FCFC44444404040F0F0000000000F8FCEE
:10D460000484849C98070F0808080F07FCFC4040C0
:10D4700040FCFC0F0F0000000F0F000004FCFC0438
:10D48000000000080F0F080000000004FCFC040668
:10D490000E08080F0700FCFCE030180C040F0F0109
:10D4A00003060C08FCFC00000000000F0F08080831
:10D4B0000808FCFC187018FCFC0F0F0000000F0F90
:10D4C000FCFC60C080FCFC0F0F0000010F0FF8FC9B
:10D4D000040404FCF8070F0808080F07FCFC848408
:10D4E00084FC780F0F0000000000F8FC040404FC2A
:10D4F000F8070F080C0C1F17FCFC848484FC780FC1
:10D500000F0103060C08387C444444CC88060E08FE
:10D5100008080F07000404FCFC04040000000F0FBF
:10D520000000FCFC000000FCFC070F0808080F07C7
:10D530007CFC800080FC7C00030F0C0F0300FCFCD3
:10D54000008000FCFC0F0F0603060F0F0C3CF0C020
:10D55000F03C0C0C0F0300030F0C003C7CC0C07CA3
:10D560003C0000000F0F0000040484C4643C1C0E47
:10D570000F09080808080000FCFC04040000000F64
:10D580000F0808003870E0C08000000000000103B0
:10D59000070E00000404FCFC00000008080F0F0048
:10D5A000080C0603060C0800000000000000000044
:10D5B0000000000000202020202020200000030781
:10D5C0000400000000000000000000A0A0A0A0E0F7
:10D5D000C0070F0808080F0FFCFC202020E0C00F38
:10D5E0000F0808080F07C0E02020206040070F0840
:10D5F00008080C04C0E0202020FCFC070F080808E5
:10D600000F0FC0E0202020E0C0070F090909090121
:10D610002020F8FC24240400000F0F000000C0E0CC
:10D62000202020E0E0074F4848487F3FFCFC2020B6
:10D6300020E0C00F0F0000000F0F000020ECEC00F6
:10D64000000000080F0F08000000000020ECEC00B4
:10D65000307040407F3FFCFC0080C060200F0F0115
:10D6600003060C08000004FCFC00000000080F0F7B
:10D670000800E0E020E020E0C00F0F000F000F0FD7
:10D68000E0E0202020E0C00F0F0000000F0FC0E0FE
:10D69000202020E0C0070F0808080F07E0E0202046
:10D6A00020E0C07F7F0808080F07C0E0202020E0AE
:10D6B000E0070F0808087F7FE0E060202020200FAF
:10D6C0000F0000000000C0E02020202020080909F1
:10D6D00009090F062020FCFC2020000000070F088D
:10D6E0000808E0E0000000E0E0070F0808080F0F5E
:10D6F000E0E0000000E0E000030F0C0F0300E0E0BA
:10D70000008000E0E0070F080F080F0760E08000CE
:10D7100080E0600C0E0301030E0CE0E0000000E06E
:10D72000E0074F4848487F3F202020A0E060200CC1
:10D730000E0B09080808000040F8BC0404000000B3
:10D74000070F0808000000BCBC00000000000F0F1D
:10D750000000000404BCF840000008080F070000A7
:10D76000080C040C080C0400000000000000030872
:10D770001018202830383F00A2F14674A461446597
:10D780008A4E44E084EA000390990990A93100058B
:10D7900090990990A931000390994688C038099062
:10D7A00000320990A933099000364685F03A668523
:10D7B000003D19130D090604140F0A0806043C0362
:10D7C00064002E036100F8021900D90206007602F7
:10D7D00000000000000000000000400364002D0372
:10D7E0005F00E4023C00C3021500AA0205007602B5
:10D7F000000000000000450364003A035F00EE02F1
:10D800003200BC0219006C02050058020000000042
:10D8100000003C0364002D036100F6021900D602EB
:10D820000600760200000000000000000000470330
:10D83000640032035F00E9023700BF0219009C0256
:10D8400005006F020000000000009E02B502CF023A
:10D85000E80202031D033903560375039303B4035F
:10D86000CE03E8030B04300455047C04A404CE0466
:10D87000F904260555058505B605EA051F063E0689
:10D88000560677068F06B106CA06ED0607072B0770
:10D8900046076B078807AE07CB07F30711083B085D
:10D8A0008508D108F30820097209C709ED0913009A
:10D8B0001500160019001A001E0023002700290079
:10D8C0002B002C00350039003A003B003C004C0096
:10D8D0004D004E005200550059005A005C00630094
:10D8E00065006A006D006E00720075007A007C00B1
:10D8F00085008A00930095009600A300A400A5006F
:10D90000A600A900AA00AD00B100B300B500B600A2
:10D91000B900BC00C600C900CD00D500D900DA00AE
:10D92000E300E600E900EE00F400F500F90009016B
:10D930000A010B01130119011A01250126012A010F
:10D940002C012D013201340135013601430146011C
:10D950004E01530156015A016601750186018A0183
:10D960009401970199019A01AC01B201B401C3017C
:10D97000CA01D301D901DA01DC01E301EC010000A5
:10D9800000000000E8033C000100F4013C0002003C
:10D9900090011E000100F4011E00010058021E004B
:10D9A000010070033C000300D6BD0108D9BD010889
:10D9B000ECBD0108F1BD0108F6BD0108FBBD010881
:10D9C00000BE010805BE01080BBE010810BE01081B
:10D9D00064BC01080000000016BE01080100000040
:10D9E00022BE01080200000028BE0108030000005A
:10D9F000DDBE01080400000030BE01080500000083
:10DA000034BE0108070000003DBE01080800000008
:10DA100044BE01080900000050BE01080A000000D1
:10DA20005CBE01080B00000067BE01080C0000008E
:10DA300064BE01080E0000006CBE01080F0000006B
:10DA400013BB01081000000076BE010811000000A1
:10DA500082BE0108170000008BBE01081300000001
:10DA600090BE01081400000094BE010815000000DB
:10DA70009FBE010816000000ADBE0108180000009E
:10DA8000DFE5EBF1F7FAFD00E8EDF2F7FAFCFE0056
:10DA9000EDF0F50000A070A101000E886E88010075
:10DAA0000090D6900100003800400000007800800F
:10DAB000000000870088010000300038000000707E
:10DAC0000078000000860087010000280030000078
:10DAD000006800700000008500860100002000281A
:10DAE000000000600068000000840085010000184C
:10DAF0000020000000580060000000830084010046
:10DB00000010001800000050005800000082008340
:10DB100001000008001000000048005000000081D3
:10DB200000820100000000080000004000480000E2
:10DB3000008000810100000094DA010803000C005D
:10DB4000A6DA010803004400B8DA01080300440023
:10DB5000CADA010803004400DCDA010803004400CB
:10DB6000EEDA01080300440000DB01080300440072
:10DB700012DB01080300440024DB01080300440019
:10DB80002830484058205C342A2A455449414E4D9B
:10DB900053555257444B474F4856462A4C2A504AF1
:10DBA000425843595A512A2A35342A332A2A2A32CA
:10DBB0002A2A2B2A2A2A2A31363D2F2A2A2A2A2A99
:10DBC000372A2A2A382A3930410202420401430402
:10DBD00005440301450100460404470303480400CB
:10DBE0004902004A040E4B03054C04024D02034E49
:10DBF00002014F030750040651040B520302530362
:10DC0000005401015503045604085703065804093B
:10DC100059040D5A040330051F31051E32051C330B
:10DC2000051834051035050036050137050338059C
:10DC30000739050F2F05093F060C2E062A2C06333F
:10DC40003D05112D06212B050A28050D2605026428
:10DC5000320A000008C001080DC0010812C0010806
:10DC600079736D67615B554F493F0000000000000C
:10DC70000000000090DA01080400000088DA0108C2
:10DC80000800000080DA0108080000000008020A0D
:10DC90000C040E06030B01090F070D0530373D4339
:10DCA00047487E001EC0010817C001081CC00108BB
:10DCB00018100A002836087F5848580058005800A5
:10DCC0005800580058245848486C486C087F28363B
:10DCD000283628362836283601000A00320064002B
:10DCE000FA00F40171024103E803E204DC05D00705
:10DCF000C409881310270000000000000000000085
:10DD00000000000021C0010813080300010000000A
:10DD100026C0010813050700010000002AC0010801
:10DD20001300070001000000166C14E62E910D4050
:10DD30002135D5401303E98078DB010870DB010849
:10DD400068DB010860DB010858DB010850DB0108D3
:10DD500048DB010840DB010838DB010808008010BF
:10DD600001020000C0401F0A2E00FF02115B0000EC
:10DD70001E41000000CE000000000010973100009E
:10DD8000FF1352980000000008000000E151BCA8F9
:10DD90004526E400D81C503AE0EA003000020000BA
:10DDA000166C14E62E910D402135D5401303E98001
:10DDB0000000000000000010001000000010001023
:10DDC0000020000000200010003000000030001093
:10DDD0000040000000400010005000000050001003
:10DDE0000060000000600010007000000070001073
:10DDF0000080000000806E08009000000090D600B7
:10DE000000A0000000A070010000010000B00002AE
:10DE10000010010000C0001099E400082102010870
:10DE200029E00008B1550108A563010885840108AF
:10DE300000202020202020202020282828282820DA
:10DE400020202020202020202020202020202020D2
:10DE5000208810101010101010101010101010103A
:10DE6000100404040404040404040410101010102A
:10DE700010104141414141410101010101010101F4
:10DE80000101010101010101010101011010101046
:10DE900010104242424242420202020202020202C6
:10DEA000020202020202020202020202101010101A
:10DEB0002000000000000000000000000000000042
:10DEC0000000000000000000000000000000000052
:10DED0000000000000000000000000000000000042
:10DEE0000000000000000000000000000000000032
:10DEF0000000000000000000000000000000000022
:10DF00000000000000000000000000000000000011
:10DF10000000000000000000000000000000000001
:10DF200000000000000000000000000000000000F1
:04DF300000000000ED
:04DF3400D12C0008E4
:04DF3800A52C00080C
:10DF3C0001140A01FFFF01FFFF00C80020033C0091
:10DF4C00B400B400A40188FF88FF3C00F1F0F6FC9B
:10DF5C00F9FAFF00FFFF1313E1AC0A1300000001F4
:10DF6C00FFFFFFFF0100000000127A00810000009B
:10DF7C00CD8A010802000000A54A0108E80301014E
:10DF8C00200301FF1313FFFF0103FF0164131300B0
:10DF9C0001000000CEFFFFFF7EFFFFFFCEFFFFFF63
:10DFAC007EFFFFFFFFFF0101010001012000FFFFC9
:10DFBC000101010080380100010C800C960000006A
:10DFCC007EFFFFFFCEFFFFFF00010000A00000203E
:10DFDC00000000003C310020A43100200C32002055
:10DFEC000000000000000000000000000000000025
:10DFFC000000000000000000000000000000000015
:10E00C000000000000000000000000000000000004
:0CE01C00000000000000000000000000F8
:10E0280000000000000000000000000000000000E8
:10E0380000000000000000000000000000000000D8
:10E0480000000000000000000000000000000000C8
:10E0580000000000000000000000000000000000B8
:10E0680000000000000000000000000000000000A8
:10E078000000000000000000000000000000000098
:10E088000000000000000000000000000000000088
:10E098000000000000000000000000000000000078
:10E0A8000000000000000000000000000000000068
:10E0B8000000000000000000000000000000000058
:10E0C8000000000000000000000000000000000048
:10E0D8000000000000000000000000000000000038
:10E0E8000000000000000000000000000000000028
:10E0F8000000000000000000000000000000000018
:10E108000000000000000000000000000000000007
:10E1180000000000000000000000000000000000F7
:10E1280000000000000000000000000000000000E7
:10E1380000000000000000000000000000000000D7
:10E1480000000000000000000000000000000000C7
:10E1580000000000000000000000000000000000B7
:10E1680000000000000000000000000000000000A7
:10E178000000000000000000000000000000000097
:040000050801A74DFA
:00000001FF
